id,f0,f1,f2,product
DMlgl,-1.4447165451809387,-3.86159873411488,2.2258048748759505,61.21237503952035
tbrRC,-1.4186172728675417,1.2765438569003968,-0.976433028520636,41.85011847875826
JRs1w,-4.587649409974368,-0.4131989757545167,1.6492679527192635,57.776581320729925
bidOx,1.8715835199616904,1.619101413321405,4.273554597494945,100.05376109849608
AcBBB,-2.028784711262128,4.128167312459453,6.089546837434306,109.89712195666644
vtjRe,-0.0282290546261152,1.989052542947815,7.22546156874529,105.90462867320294
VLsun,-0.9661668517094756,-0.3676827212805629,6.707670227642888,51.646180258430974
p6Bdk,-3.0401406111577978,-3.336128487057346,-0.9504345248558694,173.16212115137134
3KKDJ,-0.7398921582338102,-0.0319705376825046,5.3683723635806535,113.14307215954824
arLPG,3.2648082054940253,0.2276110659831477,0.5537911395660697,56.80321539162274
KZ0AW,-0.9010564359050198,1.0631524899092242,0.5853605885009552,83.63943309800133
BTDAT,3.5286752455887687,-1.220768856525131,-1.5909593564856574,50.05382856829049
gBOBL,3.1232272962131984,-3.1952758134234127,3.126937968023704,59.11899403738864
gOM2q,1.5268543429379688,0.0860958533457641,2.209431612683793,38.75365925838714
mDmbQ,-1.1720523795940834,1.895733859360108,-2.9822099881481896,32.42781474683848
w3Kyl,1.3894670238890814,-0.7759759526754716,1.898743274151512,73.34877173683378
RyMY4,-2.432615274182305,0.1204932734545788,4.729169743203044,130.77647323676365
bY1dY,1.5805140573531484,1.935401806667808,3.865546521692015,75.27084424700945
NmVQO,0.204572094261478,-1.2964946730558893,5.264177857407592,78.90676927588922
k9amL,1.6648787112165615,0.3378761631068994,4.563963449253427,102.82162934285502
4zhSx,2.9887693745462944,-1.3579417979177464,9.409502287810842,176.2942396090915
mTnbh,2.213773208678912,0.1760290951297384,3.714976417949345,68.87404696134352
aKw4a,1.369583949382033,0.4712909500525639,3.889513562041208,96.799194155239
4zgkz,0.5035176828915945,-0.6256384369578879,6.1182944504189205,150.00909594853687
6oNcf,0.943335386639884,0.8005616168113516,6.297713720504528,134.43138495078807
N1557,-0.9555722040322878,-0.6805875997598881,2.9920948489697765,98.10214840286308
sSk7F,-1.4201835273050132,0.6764125587451627,1.506299325601236,118.05787542555312
oB2zw,-0.3017418272870237,1.789900064152749,2.2377949721246946,21.5859131629534
zlr4Z,0.8127766703146024,0.9006619698124254,-0.0262459680546554,53.821346876228105
b7tIS,0.3595453215134214,-0.7445781805311465,2.369848459370056,75.30157386670929
VOEMY,-1.4627399314334688,2.5811500162980603,6.31008268218876,137.05885141577542
HM6oT,0.6532980409898325,2.2521760125373844,7.950359563404139,154.94107598934283
dwqkS,-1.5355089835922562,-0.2844196590933975,2.7419011681484053,92.86062716814408
nA59n,0.6984383865230464,-3.673153556784817,0.9757412110690542,80.77474988082709
xu6pM,1.6438656487865608,-1.341841394308263,2.9324127220710703,101.2058867673245
sU5wA,0.2178163447467988,-1.5364768767919368,3.3195496111133904,137.2375444806529
zJPao,-3.6206338612218394,-0.3445543566617971,1.2429037754598928,86.4969834488842
X9LU1,-0.5377747110909028,-0.9191039262185604,1.0549540765393226,36.86398072485707
CygXR,3.0457201289368703,2.129719822518843,5.586802523626249,93.79174074512186
UJqor,-0.6243750141422887,0.2622362775702641,-0.731648063915812,30.13325268337632
DpA7O,-3.4132375607215875,0.3022159565153633,1.4147780767003928,96.0477265197658
ikp5x,0.5274480125540992,3.4811380879814218,2.381172676816003,107.87829409559404
KbvO4,-0.138810762554879,0.398747585051639,5.409296643891069,104.71422992514483
g8KTP,2.602969655627704,-0.9337958678710908,8.673329524917273,163.76083306094574
Eynrc,1.6199439143309629,1.5112431504106012,1.6726156254165938,126.68285936554553
REDzE,1.9429765414277185,-1.5777594743140502,2.2698541278770743,81.16879639757592
PmokU,0.9066348787110352,0.562499912371182,7.868410390336398,113.05972372769206
ptBDH,-1.3308918016452174,1.3348045772364665,3.362123970873687,26.15178688061232
NEo4e,-2.513187404782561,2.3502335807634696,5.203560264521128,135.96476008631285
SI8wp,-1.9694105603252765,-1.303788760024451,2.0674809157498144,107.03860284375992
3tgTt,0.880638061904996,3.045517636498305,0.7625636973377059,40.903781991151
4re9L,3.2132769996581416,-1.190806059990066,1.9330313111724264,129.72729196183911
ja9fi,0.2608344095756324,0.1038231889951488,4.183672082401304,35.0422634455247
AdWsT,1.2179662125626236,-0.9858429071482188,3.16777803992044,21.605907354828517
4FrcS,2.3032332543788696,-0.063167842497596,0.0720551642638871,53.534544327646906
VzeFt,2.114933670867932,-0.5654822351211637,4.9116298611074685,101.70846985391944
Gii7M,-0.1095131007529276,-0.8829152922238811,3.592961490238628,44.90469966432904
l5EJT,2.1303897553568163,-0.7852019855853599,3.70984059461438,153.76905552981978
xzVAC,1.0196671391962573,-0.8167206405214825,-1.1424692580556028,119.21623871171634
vhETh,0.3415776667798476,-1.298438321640718,10.861377357318164,141.38047269956192
v6xAr,0.135547920111608,-0.7101898901545368,9.149129299206264,147.20078153016013
KoNCW,-2.8059496764333827,-1.5218166376526463,7.676432746428697,115.8831070666503
hlH9g,2.168468358339715,-1.194706791131646,2.1836081496201114,133.42149959850553
WkQyc,-1.2615550873718355,0.5430219729716583,-1.4378275096623307,1.6504370976365037
kKNv1,-1.5685607633407312,1.3785653966880886,10.351796266821806,103.02982244545235
8pYQx,-1.3895433661032182,-1.804307719455687,-4.824035075458825,50.62579532439394
Jo8Dg,1.4310742699939074,0.8811162470450863,0.2411578733215092,97.99529480542996
CeMwn,1.1589257879776742,0.1639090280422753,9.99397539222559,109.307905987733
GYVMS,0.8578835016713003,-1.2309863919782442,4.93633532257643,153.17332547628897
2BMVE,1.3108462746509415,-0.2189312091713324,0.9833066789025808,15.278260855465064
bYBf2,-0.8307929360049078,-0.8032949138492298,0.8175340599952841,117.10766681717917
4MtQQ,0.8926435941226062,1.7695744328335117,5.137355949158869,97.56954072185027
rZZYj,0.8444440336705586,-1.5523126743523752,0.0860430923010173,77.64003222906096
ldpm1,-0.1364348989117102,-1.162491743809883,1.5442966992396348,76.9924087445025
CKbvs,-1.398634506211022,1.36296801996766,5.98010836880268,106.15725799774503
JsWAu,3.812407254721624,-2.713598346688036,3.292298315472933,63.336418356788
Llpe8,-0.979832435702616,-1.0744311739499068,-1.2676293707924131,100.26151206370876
F1hu9,1.3588809286245105,-0.1370015054803119,-0.5469859814249765,60.42258445805435
bSBU6,2.5442231440684178,-0.6379099183706023,0.1051950223683904,46.745913128875
H4DSP,-4.551987524588204,1.8738103561546844,0.7328137967565947,57.35043866650325
wkAK7,1.486873687902574,-0.4305509812787881,0.2212361689700364,131.26661192879092
f84iF,-1.0410248894951502,0.6948011344780983,2.658014257963005,84.4435945588095
39Ehr,-0.0603258281849749,1.2286792999377634,1.200639138834407,62.53152724889483
hMu2o,0.9583057047135756,-3.52515077453772,3.919583642001697,83.22583861886815
o09So,-2.016107102150592,1.0624645866438287,0.3758038530680237,83.60881019176915
Sn62F,3.454372807685872,-1.693787528312123,-0.3931661421100348,99.47803519100664
LrpiT,-5.312166842910129,-0.7821386382378659,4.12372403288088,161.77385451162942
tscYo,3.25375394607032,2.182799589783954,0.3307308260454995,131.75265639520646
9tPBz,1.312389291885418,-0.1577971186304899,1.508622405782249,40.7804031755052
JWLf9,-2.1793721213416486,-0.0935196206278412,9.115514552272154,178.90644724240775
C66hJ,-1.97972798109299,0.5780948097554528,-3.361044106855097,52.05938496592444
S3Jis,0.961490552861779,-0.391782227998843,8.399955279391275,36.50898937279271
MFxZx,-0.5207760209941397,-1.6114579936436475,-2.9073121055299023,125.22371120046904
bPU4p,-1.194861315810845,-0.2640997886662141,4.072976160828993,56.88314438846539
s38qQ,-1.2159613504121662,-1.837536628156572,2.494422777193784,175.37642167969122
1w5dQ,-1.195191704018662,3.2940312984662907,3.6937339280854617,79.65391768307718
5wmOw,-2.497899269283581,4.695630116972762,7.234510506638137,153.6188141747524
4pXNk,2.1328754160890893,0.2847852621599765,5.856049306676727,87.86625266242758
J6YYU,0.3213472395113099,0.5036585457655152,0.7668830202941748,92.25914963727536
5WpkL,1.9536803132954057,0.3933308366003269,-0.067120643331457,11.12089437630324
uRCLS,2.259246835654632,0.1803818948678576,0.4693149444175861,94.71195890578105
12zom,-0.3098870378294475,-0.1045935927922,9.80560940338151,97.3960772136432
LrdmE,-1.3738408599207783,0.4168878021676321,11.081413962638614,130.193657144718
XXCNS,1.4230350505351064,1.888549396194416,5.14920374558416,162.78643031703356
vPq3l,0.7194515350675987,1.38521641552719,-0.670636416850605,3.242099912367212
ji6EO,-0.5560727125875949,0.2338010250273071,10.818838223082588,105.11520304281945
84sDu,1.710938154058286,-2.398524707349868,-0.5564350442176336,109.06471352658346
Xeyae,2.9917553645331765,-1.0083319725452864,-5.74076331035283,71.56936693497876
tGmSX,0.2691402676601189,-0.3881003251488833,0.8960974518608041,133.4787635666133
Ep5hE,1.3364289449736966,2.0481346234889184,3.728917387581696,101.88119024054012
jPYvv,-1.181800310479363,-0.0009425700845112,2.536467677468832,19.616624699385007
Bv17E,0.4821973231518165,-0.3776275712373744,0.4629714691396195,4.364578760026838
PHuzA,-2.641470899492732,-3.38622515954628,10.226208600589334,134.6780478501774
LFcDy,0.7775069828235945,-2.5316888756631384,2.2910703911994448,183.2491643839633
edhvZ,0.2430267669580245,0.0095707274445853,3.215653113769344,32.50611371101883
je7tB,1.2063155599120812,0.9559609621043146,2.280723207401034,74.51917569729302
Z3LSz,0.4288463642887045,-1.1063526807062418,4.304279301782436,120.79723348473846
5LBh5,-1.126910727735781,0.5151188020664925,4.610876177468825,126.79622893142565
dzqzY,0.5101924681576108,-1.6942629995088434,-1.6610344501880303,8.62860159683352
kMPGu,4.896299906031889,1.228999215623468,5.818382460657598,83.42749248925307
a47zK,1.0506047752862235,-1.0479640551674156,7.7352327411156,40.54043449662867
kh42z,0.0018058584444344,0.4177605329533824,1.91305596340278,21.43793439793823
FsjcQ,0.7606085912632452,-0.6219259701097873,8.042605693904147,62.77974737017815
olwpc,-0.2987571181617627,0.3802364566237095,4.766040091317113,121.51365977190449
aSJMi,1.1288810008832642,0.2135558739382441,1.931025298347272,25.784512673515085
htUUv,0.3454167525898929,-0.3591579130711665,10.133673299416689,107.6476653478412
iwGkc,1.803720506900836,0.0791396442459355,9.06429795892292,156.8174705168474
NS14e,-0.0525497935931152,0.3933606935043056,2.7448149965386897,59.49910889420828
fyRbb,0.0220555123655323,-0.3990638339193529,6.565076932685912,74.25836597164172
wOdAt,-1.6549171446504616,-1.83190143858216,3.437779658353824,155.46702025123702
5OYnv,-0.7514131554711068,-2.0833880642742546,4.180351538887607,141.84017439538815
l91a1,-0.7803358459681151,-0.0392126579676258,0.4412016425045629,140.97205496713335
iyX8K,-1.9226144186766465,0.4830293140785202,4.207289634372001,141.9556089153444
n1g1c,-0.5438883219056266,-0.5665180973420008,2.930624871205871,97.26709472663708
xuyF3,0.5050578271390037,1.435991474688464,2.7549769593484785,74.8273921589387
sxR1f,-2.2026398919255707,0.5064042123517366,2.9589067438068635,117.83797742288448
GY7RD,-0.6669598511077859,1.7859106355479024,5.635264936509553,75.46002346417048
P5TC5,0.3558130523787191,3.5584282104108738,-0.4578788170071768,50.639612277938525
O7Asz,-2.7816201635581868,0.2268135720593913,6.164849666970008,93.47071115035943
XkFDN,0.5820816796713421,4.205314071884161,3.5032033314875983,139.98919017357883
Wn7Ns,-1.6934420730212407,-3.8451342682383625,0.2372128204659432,79.10036063710221
8kaUL,-1.8429759162981103,0.8957439856254827,-0.6787958782150942,79.72007137600785
0NrOi,1.309066950637619,-2.500097695604131,-0.016134130248615,117.29590328152324
Vll7k,1.825617982924848,-2.5484950160975925,3.4840248586946947,141.93806825969682
oId7x,2.340767563937033,0.2543676755220484,4.3283148673009695,62.49169976996806
xegou,0.2127210473092908,0.6648625425670109,1.1567352197697438,48.97022880974261
9r8G8,-0.4804990741173803,-1.9018718267889647,1.5540665525386226,142.60160212141682
BsPkg,-3.3985335543402364,1.4447946618126752,0.675729956834653,37.48686829566586
Rupzj,-0.2847832552675729,-2.6060735527252903,-0.9427585943498308,90.52038639912423
qzlVN,-1.7921472678631165,-2.133765466218501,3.908351423745632,146.8591499675459
tYGjC,3.5263220256464893,1.8977569748632648,5.243210520371875,163.7350770790242
830w1,1.4397999445354526,-0.8538108215208459,1.7777425954516053,55.22306510851634
RKLUq,-3.0399366871422515,1.0501696709313528,2.611729189147391,117.7430342304201
UOlFT,-1.7359235714828891,-0.927511303342354,1.8220932161214607,60.08647305701537
yymJC,-0.3371620833410829,0.7215328716074709,-0.1494812445653011,105.77045023798372
RjXUw,-0.8444386311812933,0.5117578055093883,2.5715488457625684,148.70333892586854
bwJce,-0.1776981567119391,-1.1009243405592395,3.15670354041757,154.6470901459809
sHB98,1.6795605084569951,0.0111142670058273,0.0631195662413581,91.68767913911418
59wrN,-0.8146255701327001,-0.9005538087404876,-0.5363568658513778,104.37724363759064
XOPr5,0.0010174448863188,-1.6244805246058225,0.8417814453534405,123.54664524104297
ncm8C,0.5384923255505617,-3.2903269315121166,4.802936962273543,110.80397244702424
dTz7i,-3.7949315329970768,2.116125835761676,1.4926199086523149,86.79531855697566
a1qLv,0.9129403799040616,-1.0590468185425963,8.400587692208878,89.83056937753281
hrZRw,-1.6144065298997814,3.1635773947417323,5.505033816598424,145.27913901058142
yGnFV,-1.362219028159231,-0.4197076978442913,4.952317762146302,53.325310458742216
vTiry,-0.1278041065485214,-0.1738704373043123,2.5840063411955247,87.3456367140655
8enqg,-1.7144324305191878,0.2343687742579509,9.310914148822125,140.23888982915034
PcFN4,1.7653670757942428,1.1232772490333622,4.8222849850598735,124.42040476026794
K9aiQ,0.6749872729546452,-2.0662365829926883,-0.3338222138632467,128.47857275399954
Fm99N,-1.4255325505378258,0.8277218417631529,9.25977964321889,120.3697002717124
4Z9G2,-0.2784668837500524,1.9879271620206576,0.7720471541172178,24.883677053196983
Wuprh,2.2622422839784693,-0.0271858408858316,-7.120133470265242,66.8504802082574
EO1ch,-0.5269539385679582,-0.6584194963513187,1.0492376279381268,38.67817388918128
M4Wdh,0.5531898156318183,-3.5987780026979874,8.070355346787982,153.6030071146626
myC8n,-2.8538229356552782,-0.569087277972384,2.4850124219721743,184.73010554424928
eCUwB,1.9926714737218103,-0.1802624493997893,3.634460471945959,135.19183615596285
XY2p4,0.7578738626372522,-1.2637637654836351,3.2897967184228665,20.58268843132886
8yZHa,0.1209191825395543,-1.9374828835963025,1.7888439659494093,66.80029171588369
9jjh5,0.0364618833521758,1.4389084943490182,5.378507365386816,87.28970979627086
omgsB,-0.8662677571065939,1.476776301775929,1.715881072771215,89.30390863670354
xuSff,0.63882469884563,1.6289074240323085,-3.532740403558225,110.7609003296995
ai728,-2.4003964103610698,-0.3065711306405477,-2.9088862594260902,108.4247640392437
fSWwi,-0.9458672950839556,1.717155490124683,-0.0056447589554351,64.72817335028816
2o70j,0.1197755459770386,0.5354303877602696,-2.4120641091576527,86.55488017257842
wa5xf,-0.4708003714588573,0.9830963870384374,-1.6509863367280722,52.43936469697758
TOAYJ,0.8552849460233317,2.3532897367754533,5.1858038796280725,160.7254699451781
hmWfz,3.4107361730475927,-1.1797939631932723,7.142322783240102,186.26584487867453
SMcky,1.3923786354189815,-0.7123807926425512,5.60461390123871,38.718081297012
xaN5o,0.3578129176629833,-1.7810303714693647,5.884113446931648,125.55739223420106
Awao4,-1.3543584286379982,3.637070475319731,7.16872782079267,153.3698020255766
PwpDh,0.8054985583513831,2.4257421225512097,-2.146613540938345,108.77951565957036
4DVC3,-0.911563736525326,0.7870823547489051,8.25754776116662,136.57358946110296
G60F3,-0.1031432844134958,3.8118492051332593,3.194602739457668,108.80476815093716
1IRJD,2.02487636187649,-0.4462716199942446,2.389823728952781,125.67575268705716
wxWUP,-1.85479514467168,0.4243172425312666,3.8254611505595535,2.342240237168802
dwjn7,0.09147166642047,-1.2811940881789676,7.299015851188043,121.31962495216028
zDcUf,-3.8059047473126006,0.6330687375056793,-1.1511692429897449,83.15767096642483
7zHUP,3.2669499786205063,-3.0511109596734367,-0.3398830944752612,64.03641177362198
YxyIC,-2.78679765031922,2.22746935148638,3.7380979461855777,103.2652366116288
dsozi,1.142598607439376,-1.3667824563930024,4.3795241384342285,145.43282776665598
1qqhS,-0.1331474767994328,-0.2916668063297061,-1.2660621020980782,13.866653267701295
THlhq,-0.6438381057132233,-4.481994874349342,4.32972987109738,129.0436201797022
nJy5d,0.9027700069316938,-1.7105812458235845,6.8922625431896005,132.02966975363023
1tPMP,-2.4483226505606632,-1.674319428594675,2.6021782522377905,124.9751104823912
GCDEj,1.461822806011098,3.08912142238522,3.1349327629590173,132.20690753763344
uL5Aw,-1.1717700310400478,-2.748566711077101,4.482605643351928,68.76809660560416
AWh87,0.5035057339380333,-0.0567897789598274,-1.0285090505522725,74.24695297115255
Zg5U0,-1.473574733536558,-2.50390351834064,5.523467624442862,131.45257365030585
9ORgI,0.8344863158713689,1.2074458903190932,0.7098725527008853,109.9821404475096
tW52K,2.4664869747644884,-0.4493088842810544,1.6257589846141018,141.8787287553992
SI1Td,0.90649841383127,1.532617602733949,0.5427143314083773,20.274141164108396
WpMQ4,-0.3543248442231601,0.2884691558489223,4.730931129802518,37.29510116108641
Tzqle,-2.8360644525041714,-1.3385982221999793,6.355087004846909,153.47116275259083
xmOXd,-0.8656848645625521,-0.8749754265348418,2.3492339767127923,40.0937550785241
FZeh3,1.5642968596396911,1.3069255841941383,0.687505730315543,80.08752142074302
4h1ek,-0.8650928339994052,-0.9581814671729502,4.776570160979878,58.18420270336298
9EV3e,-3.1290136265514183,0.3407650649979109,6.3609321367308524,76.63250517943537
k52I2,0.5660252973810185,1.1912265058336555,-2.597665169371012,21.72522645210462
AyTBL,3.2633235985945928,0.8805379382403195,-1.9783358636857649,54.611742642722895
heb2Y,-1.5322868472283069,-1.11765759741282,6.290217144974256,58.84883655456402
Y5Tzl,0.4520089366102386,-0.7786366163698408,8.0118223985379,73.05429524134595
ewqyl,-0.5836989847516793,-0.8208119328066281,-1.0919202579917109,105.2075192648322
gZu7a,1.4446205350350685,-0.3722043553453021,1.4634059714184706,96.3032742262282
42fXI,1.49689692513379,0.6974594920210652,3.1030694890441164,87.5915305836264
6LAoR,-0.5253742212137139,-0.4720265182471118,9.386369514988594,132.8318531009703
nCIiO,0.6326752789388801,2.5917190198532047,0.9168319052658505,138.8195799745333
Hfe7w,-1.3969235886722136,-2.516706906716843,2.1896618457402184,70.25384438731206
MBEtY,0.0094636247087847,1.023649583248491,3.607215016737023,13.304853936187664
T9Owj,-1.859999291074292,0.857602662709446,4.411959452421899,140.6883596986654
s7ZMn,4.274331642730593,-2.9660714115765345,7.869615061271447,125.43129618220117
6NO4B,2.0701312017031817,1.9555378649807056,5.444824684030541,56.20772226066224
N6BF1,1.5874426508668469,-1.0086506823750208,4.233127123687037,120.71991932412664
il9Mp,0.6479329250594461,-0.5133074708507245,-0.0245818867275353,135.86373580336831
pYRhi,-0.5316242005375015,-0.59668914432942,8.407086435632209,147.41893556922415
NaizG,-1.8508547928434675,1.2649105850461038,3.774111364686392,165.9069061412509
2H1Kn,-4.1215645794523486,-0.5227712909422252,7.72047242948326,114.28023047833204
SozPi,-1.2599578349558045,0.210056923715642,7.740672818295658,154.78928610160125
M7Gho,0.8575061229908081,0.6855550682953673,4.113654198326502,68.22878352064396
LZxMQ,-1.3934366281903443,2.6889810538366787,6.778483760721698,69.25873403169244
tMjB9,-3.0007701622855127,0.2239656199910851,-1.4051804141901387,57.13169641327229
totfG,-0.9486291996301208,-0.7688504782311861,2.356131195076136,31.94845301382717
VrzVc,1.6682505602342892,-2.976374055848571,2.267001908282688,188.656976123592
rgouI,1.9214839384568616,0.5288929244500102,-0.4863636997142313,90.15172933852126
T10aM,-0.9442514479825148,-1.6533720671386385,6.857165376440588,131.6659554379014
oqjJc,0.4890175498536698,1.3882165426561808,0.9629635147891392,44.80039821212005
Y5Tui,1.1654438239901852,-2.005028953459211,-0.8066355757003345,101.41869369699302
CksSp,-1.6232444554535717,-0.9118868183250513,1.9346393806207096,72.88198917828389
xPvGg,-1.921406629120084,-1.2744805112846185,1.2884966287616313,112.17444117872886
tvOJN,0.2147455183012944,-2.0541246179439883,2.4225761949978866,151.98297582648067
aOsZQ,2.435666650180034,-0.0327342061083956,3.740427661177436,96.85896668786316
zyUAI,0.4750469952148488,0.9587265580961916,0.2230897364914512,4.768286960643001
cjqCc,0.8202364431054888,2.3195056749755287,1.4784257369482772,155.14082465924878
L0mJ0,0.7811954797961546,0.3651573246155465,3.850302425869272,99.02034090907512
XocFb,-2.4747733342079647,0.6124021853947516,2.673583234542381,78.20360984606043
dxSyg,-2.3819742786295213,0.0848652463737032,2.2392144331968127,111.01510817940886
r1mmc,1.056912528461063,2.140029708333945,11.01772754476384,39.75658880280385
yAdhO,-2.6909009380300586,0.2960971435899188,2.1676131646402146,41.926444294532295
Mz9lT,-2.6196270183923143,-0.4680029498376053,2.140442020938691,108.35178421674745
3Nepe,1.5725597365734416,1.6818758395205122,-1.4022522643276667,84.7945395901275
pnJjr,-0.8087643552520685,-3.614908203271287,6.200365496860666,145.6882967689663
QAWAL,-0.0416028291948722,0.7895890707709908,0.5594237480111208,92.31616572841236
bfxvw,-1.4693440953135382,-0.6155447585712353,8.154938047885766,136.73288106262245
BsheD,-0.5774593360028458,-2.8149371247400152,-0.3053199278105312,38.87572111748144
qyI8E,0.7347340245540603,1.5071188340913246,0.3929337455951831,91.64676150918862
nDeC1,-1.2092907872493073,-0.1484784069190062,-4.988648384702774,19.21605689817373
Yesqc,-0.6655720108771902,1.0985966116838313,3.803774530634379,78.96645082805662
gyqyU,0.972426006948662,1.961674322627197,4.133159950055877,180.4217979018352
tkNYj,0.500891834993633,0.5507544629858719,6.52549371566032,80.35722452589815
PYeJT,0.9809012645735244,-2.132134125718841,4.942495605218492,130.7547726080745
m3OrI,0.7708660477868078,3.611894059987298,3.2921698372794084,87.74943146385627
jQKFz,0.0602847462886087,-0.1893467967378052,3.50688133297078,130.9811306290927
VXWey,2.5819872734455784,-0.9270711667340606,3.5952826475615947,59.000625271251685
GVDxU,-1.5548933042878996,-0.956466699647038,4.700419582200149,92.23448372360303
eAX0Z,-3.3384227307772965,4.444476743045853,-4.083355351333807,68.99646617941032
6zmvQ,1.3968599528564165,-0.9231684611713508,4.122006330424539,90.18842142914714
H6YQ3,-2.715485747601889,2.542867069512211,-0.5222624876472869,43.74899060247288
6iKU8,-0.8060390280295344,2.271018266108003,6.126141432579392,137.8333666011045
1SXFG,-0.7603180450391791,-0.4861462708304997,-3.285966989756409,1.748897310742114
Oqay9,0.8332709530364487,-1.2796406630100228,7.105406026451844,52.84354863114632
h0UNt,-2.067782001759245,-3.672715137216005,2.983619299862076,129.93894897175466
onVvN,0.1361860900104746,0.2837314644287049,3.819649017316925,35.251791413772224
tHs7G,0.9183380235824692,-0.9022251503030746,2.542001008439455,105.77179756175744
NQHNr,0.1546121046330073,2.5360236650400942,3.1220813624574566,113.17457519802905
reauv,-3.7531137833933848,1.7119483051504412,2.9200432348904126,76.01591681270162
zamix,0.4023834251974317,-0.1723953330195478,5.8130229982921655,91.5488482487505
ZKDBp,-1.3265460203804214,1.8578225399774249,0.5901202083973409,137.08696807278224
saCy6,-2.334548031178332,1.2032206908740022,8.426842439649198,162.28795893277032
dhuxp,1.0089382682059616,1.0307980192794215,1.7147340171530454,77.14178122378631
9CY9Y,1.2862463910854012,-1.285612830339366,-4.521223893250863,30.395340662562003
kvgle,2.095372495055116,-0.7356032001333541,-0.6226738396393249,48.55282274079584
dKdYI,2.946305728497681,-0.6788740093034684,4.6726505247846255,137.26538284901855
lV3rU,-1.0715767181033613,-2.7893447289766766,1.1839121057584474,91.71582181128116
hfOM0,1.8683109651141376,0.2365499883260945,5.401822228234327,63.31853242242098
HkVbn,0.6343664092460671,0.0565594583402988,3.9539525761115466,123.36815221047578
sR947,1.1956735326203245,2.3695229854036235,0.3860651061552261,52.94311915405308
RmfO4,0.3415659782055889,-0.4801074740509149,-2.890952156975733,32.10588603739937
FP3Xw,-0.2931605751468907,0.6462032935136691,2.78368465052365,119.5512451510158
ndYKI,0.0082281451773909,0.4908208358976314,-1.0216779459638503,27.111863957306014
n7kqC,0.7222869947170052,-2.5658618434768727,6.562800934941928,183.64046059090128
Npbdm,-0.8274101030222472,0.8203305805306071,9.016477818652453,136.5861675122976
odY0y,-0.9584060513702618,2.182850923470149,6.122656516847204,78.11512829276236
gprma,-0.6286618160469901,0.052461796030638,3.1335732167144807,134.1051364499732
5CORC,-0.3579307701471482,-0.7588832258538729,6.3472623866262055,51.0898228900469
jZxg2,0.4961094660996745,0.412883146307916,4.9710168953077885,41.79886228458051
HZPY5,0.1930323234081106,0.6232274590518453,3.9692565269604514,96.8000664321233
RWTTh,-2.6442803814237346,0.8728964550675116,1.0988960979384867,37.51229290125643
6lhzi,1.094302764280186,-1.1970573279397625,5.380964498847447,129.8132203613359
JDztp,0.8845062241465449,-1.984755344996544,1.5103646293455375,72.83182255738299
TSO1D,-0.5959803281391991,1.5364604497570766,6.851454668899058,153.1736967963982
ZcfyC,-1.991530363305662,-0.06038320212129,5.191830715481883,52.88165594558835
5AKVp,0.3603608379802015,1.5804606941548738,0.6551585596171683,63.9071884392859
FeFc5,1.829495316697148,-0.7744291715671999,1.2542806792391434,22.71430125628587
76BWY,3.6013537941477147,-1.5203452371831114,-1.3554304389926206,81.151243278662
ebq97,-1.309046391274715,0.5267934849926023,-5.482033151541982,35.854650323064966
ERb9T,-1.8740622636327908,-3.2813381453563744,0.4732513783257504,55.83209534307776
DIhul,-0.2902495672074496,0.1548064051388677,5.133776059296673,141.81062838477166
BORjL,1.0936342290980372,-0.4360425118453556,-1.87539521008202,91.35251105091668
tFEbB,1.5794845041521506,1.006214994123944,-3.851664590143404,14.58000167057493
ofMdk,1.4060130116928846,1.4272730611220508,1.2962511369800136,32.3679526572244
uFTHf,1.2227909189983632,3.099590281293126,2.6596664075975247,105.16565229908456
BXFHY,4.111510980831294,1.183488874286334,3.546504185985832,35.4954137042951
2PeKd,0.337292581981424,1.4060781587246418,6.511155715440588,151.92830238805985
37PK2,-2.0546459247766364,-1.1779225584855342,-1.475188852841396,63.72598411023197
7CChW,-2.1295080693011443,1.6686516600758234,2.0372384324540014,46.68693600961395
or1qO,1.1822042515842957,-0.7330998327008748,0.6698642997064965,61.478966996002384
hx6ZD,-1.843949756212338,-1.0114820380403524,7.0551356165835575,143.8002278249481
pqyTy,-1.4030474717627608,0.1870962018977946,7.728068368717482,94.14719033776794
CFhyw,-0.6985744158686397,-0.0255416436866604,-4.2304271285831225,4.432761571119545
4snZ0,1.393850513265773,-3.3995416237108707,0.9006081464486045,60.06581555209407
JpD6G,1.7709691982746008,1.5289031987167392,0.8446250002755386,48.953772904294645
kzeee,-0.6581305700784111,3.369608649730709,6.520547521462565,159.56724161942802
NTnR1,-2.243507114726365,-2.9275031906206395,0.9668514659724012,134.11725307540766
uCwS4,0.7795112138443491,-1.0399035275507826,8.196710807999796,146.3643719915907
rFcKT,1.3886987959521837,0.6053262218746611,2.307210960232916,79.80734517804615
BGhZ1,-0.4958918488022807,-2.708869018071772,3.3600846717590738,82.91312366995575
81z3U,-2.459024253940105,-1.3411612354075726,-3.3305518086754287,137.68151035125328
Pws22,-3.076344579148524,-0.4861449243470105,-0.4107992541490217,49.50135996045528
VK4Zm,-1.7687787008825788,1.4179209047899746,3.3489858947645748,177.18690547163513
9uVNL,0.2827959469221467,-0.9048394166469756,0.0408269140069785,70.8317100741812
oOgQh,-1.35130353984735,-0.8141609315388888,0.5814516603416251,49.40875758756172
9bcoh,-0.5518533588052239,0.953641303681384,5.5063061174585295,122.08794332631614
jqLgp,0.1955062840633741,-1.5266826123802946,2.3406150398610714,56.08710751484376
Wic4x,2.8735115449854574,-0.9661212503699458,-1.1374814110377942,92.47781816212142
OV2ic,-0.4051528612057194,0.6303426750175087,-2.138775422870681,95.67408460968504
qOxSG,-3.8817883373410376,2.1951232178339484,3.0732619131143872,81.55457102958458
anNqY,1.537403881324042,-3.5394881767311204,4.395951009336244,131.1714116236326
V5qBs,-0.995465574918064,1.2436996036451176,6.138346346194522,160.8952076178679
63yuz,-2.8890345195078773,2.0974090799053244,7.129146332891291,87.31418929308859
9eDUu,-0.242422493421866,4.196049949973092,4.606452714953298,147.09628264863542
nkJxq,-0.4068539896659372,0.5844489182850197,-2.082497499004175,121.7119461685214
chXer,2.9920859649826985,0.5227410809453412,2.600779189485334,54.05740570884458
uVl17,0.0091552998274261,-0.6243705229285755,4.064686279255913,130.2515888024714
1jHDV,-3.113745733825051,1.584245598823263,2.658143522244161,188.12544800090944
O2oDy,-3.569545920611568,-1.823900571849584,0.9680080086860158,40.05633239546261
lcI3A,-0.7758860777614743,2.021034018558304,1.4807239293670342,107.55246725614664
EIhiT,-0.9513188041522772,-1.2670317734260288,-2.0891801475724483,25.59740313433166
JZHYT,1.3138940211461752,-3.085337864673644,-1.0351988976091562,93.4404416127294
5WieR,-0.2497087887060021,-1.1493293064550352,4.864834862929369,125.72310231456056
UQNFZ,0.5768119893745592,-0.7319727933460838,1.1986060182852591,4.801541545889344
mOfz1,2.091320199251638,-1.063837781475119,3.398966543229992,61.23615478490228
1pX2b,-0.8551525704399032,-2.2858560593612247,-0.3930356058904307,53.855902593163286
SkGFS,-0.524146499752984,-0.4962400087158193,4.958648605431517,72.11377292620146
g4hPk,-0.7749691613133032,2.6446230881202872,1.495036519329565,127.02075213378146
d641m,-3.090236794698996,0.166728597557159,4.641303830782132,94.64416547038726
DWzHC,0.5316023127305959,0.3418992184915521,-2.9878045356963563,28.34530906616089
Y9DFs,0.3160758729636849,-3.811744635531848,3.048611449786057,91.2303656380947
5YCGJ,-0.9160013604862848,-0.8696759008226368,1.818334089077143,95.35502789478171
dsCv1,0.5652496930072725,2.3258752763753763,-0.9389863545298374,151.01702713062957
dkqB3,0.4324246365995035,-2.868780154885162,5.851802097004964,150.88501412481224
t6HJi,1.946168102450812,-0.4515101391413053,3.860274642717141,34.39106871937719
mHPD8,-1.107723890948467,1.9812447836188007,0.5400193728015266,112.0329928713768
KBWfv,-3.1920855544319844,1.5207847908609136,-0.0319389637965709,30.80350178519533
CpLud,-1.1449544862329597,0.510056959116851,4.9842484903869,76.34175949324454
h3uIV,-3.207864255290532,1.326924346091962,0.2620014792613068,100.62179829509056
6lzUL,1.4710591949905745,-0.8385627887343913,5.582222866290664,55.93057414139153
7JuGj,3.613669957004933,1.1752620816988055,-2.225957306485728,45.79202327434182
qHuuI,1.4487778032398513,0.4498010261463413,-0.3057728468209432,35.74764797204653
ecv9A,-0.5864341217375247,-0.7607905983209228,8.376228869018853,95.7752821001558
ptlPO,1.5360682575487392,2.0105976897887463,1.4150893370292397,136.62152992642044
sqyWm,-0.0468630587006145,-0.925925080816144,-3.9852920569376247,26.705790672417688
IPHZb,1.6134766540836705,0.308165091730506,2.5893217476398296,130.8594913784858
kqS6S,0.8312859225608749,-0.4208144242478349,-3.3471930470939126,36.98139225718442
hb7HT,-1.3207749927801342,-1.8020236789853832,7.046405208462643,131.55585827484032
L26Lf,-0.914855693167682,-0.4208904153051897,5.672520328120895,59.06059589904979
NIT66,0.8158278067662167,-0.3513246725819146,5.512473992106347,105.0149597782382
dPVJo,0.2023635031282646,-0.9463605160926412,1.6344521492262245,68.09441598162876
hYq7X,-2.1695439641836662,0.334928574939892,2.9752155122923485,80.32904627022188
AkEqI,0.7453462911006121,0.3275395135733474,4.304384116395863,112.55473760143823
t8fXk,1.0131654432536334,0.5254974424265492,1.7229293262826957,16.123066150124163
0YBoZ,-5.256235611256403,0.0401505601435428,3.726987003870729,138.46232126050555
fpj3F,-0.090904532848756,0.7935977478287748,3.732920106425517,13.387595405516372
KySgt,1.2249966173389866,-0.2358038108397108,-2.473664694073972,48.85064366899324
DTiRv,-0.4117732713844433,0.448089737737061,2.692731030273193,53.28209410472567
O7GJ2,0.8865923109547524,0.8802272895230344,6.664553783873274,121.95855019497571
iXVmn,2.6746153126778838,-4.862212691920461,2.082154587587975,67.14159643275738
zVmmW,-0.1387287255151059,3.804756094010021,0.4380656105757881,56.90672712305567
S5Qho,1.7273357667738063,-1.5609981898546057,1.261584638633658,180.3702232927564
qOEkZ,0.7806282497164793,-1.0953799643219864,8.805356858900597,85.94426048793412
r1IUj,-0.1389615672831325,-0.2949946726780506,3.5845240984381124,45.0100736947368
FQ2Ns,-2.711040923840332,-1.7965330741203842,9.372823983453255,145.5550545962104
BpEtq,-0.2748018951439064,0.0512761162548528,5.296888392830093,144.4015404303813
b70vf,-0.06881140575625,-0.2476728067316146,3.968621820954501,100.07098669598966
tzp9k,-2.4565029214595406,-0.3045995180781092,6.301186515820987,82.17690226829454
cWZwL,2.4554644930194187,2.8474268846708872,-0.3635889484816177,90.83147340341576
uHaM5,-1.4505524820272977,-1.2028803153618146,4.68834138302784,108.7672441049265
k9pl2,0.5866769743375293,-1.1424847427141929,5.864269883599415,103.41841966261114
iyKjB,0.8758942895068818,1.3748352869298297,3.741664787904969,47.346232910846176
Ri1WO,1.0263739514222083,-2.1401621859365343,3.959301232391181,121.79004053387251
ZopuW,2.325739321691108,-0.9779553615669924,2.577494344370685,152.6467231825232
3ItNx,-0.9484737767958956,-1.1140573958190512,3.6936971748464704,151.68094727088234
PvIYw,0.4279857456322882,2.8619719545659934,6.539540546234014,80.14014464155885
ji7NP,-0.0686663545339776,-1.006113892489063,6.7471073894546505,109.9787172736334
FoCx6,-1.5337956053302768,-0.5052366826091118,0.6355674559320716,144.58858343462646
Og4zw,-3.0994148144529063,3.781136808434936,3.376005506715721,159.51023007399675
Fow68,0.6827219351039282,1.1144051124596386,0.2566653648831441,106.36791085435176
GlgvG,4.065866134058553,0.7298063344618216,4.5863577170951535,133.01373491747023
tntH6,-2.65280140470744,-3.2957261145333234,6.139924530052428,66.55056845918492
opvzJ,1.5417549818005905,3.635433861677496,10.922380961508928,155.11951753833475
rFXjm,1.4708090761465027,-0.8172621009421612,-0.0788460995796538,53.7387176645691
MuT57,-1.7617200048621031,-0.3607124345928598,-0.9190787916796426,19.865560286066582
3Gyho,-0.694255623243641,-2.1667991096681964,-5.200076544345461,69.0515800248533
r5ZBA,-0.5936396649990943,0.8874951454994957,0.1314483616349235,60.439637500129486
UAqo8,1.0491775622081063,0.293635101915932,3.7686176579736097,146.31607231925915
iDaEE,-0.8075180097493877,-0.963069436344614,2.2706870606433243,88.05861809783066
OqGRI,-0.7402921825995383,-1.7934600175395925,3.5900694964261404,58.3305154159247
IYFwL,-1.5278196740493497,-0.8444206210141108,5.464196552672494,100.70015887198274
W0eHq,-0.8751504417383005,0.2528105991405045,-3.3141708624705046,17.551008958557198
yiQau,-1.346669629797417,-2.230092994259369,0.0143284721109075,146.80219142760726
J8gQF,4.641258896766818,-1.2875465438320262,-2.815405220328106,139.15408110845993
Gm3pz,-0.4933029949961655,0.1132550627336916,-4.5585016534441305,54.93420349286792
XQjrS,-0.2399935613517735,1.9855301584124327,3.5035731801207888,90.5571906076264
79eqH,2.7164410778106145,3.928067800552956,-0.5050633300540603,89.456648617857
8HY2K,0.1811448566499756,1.96240057345716,2.1710520641307,109.42505753666497
mf6ZG,0.1361920183059363,-0.132817847913994,0.2452161225528575,67.76193137030482
U3n8N,-1.221385980478882,0.1856665374872574,3.4210449112893992,55.3530525917944
S1Uzu,2.637947461198252,-0.4036310462743275,3.8130191834477634,175.83395478917976
9hoOg,-0.8298980713787985,-3.3188741841230582,5.243435666824143,84.1048121836429
kbQeD,-1.9482792770646788,1.5468190889001063,1.8584225420495009,92.01541417820404
cFLgI,-1.856491044058329,-2.1791383557725537,2.3708696133297646,152.41434335263406
x8ew9,1.6078755341565134,1.439052893273571,7.268297384550575,153.76054664930143
nsA1d,1.0086476800174018,-2.2731175338722904,2.0700438937892054,172.03090286870827
sNDfO,1.9698498017944728,0.4455395521494908,5.965859151969638,130.27350541750303
q5Lo7,0.8457504130259031,-3.150701988901785,7.169614417985756,154.59903134795508
KMeCP,-1.1165174678370913,2.483684718516431,-4.937645438584448,70.98360097910292
ZSQ1D,0.8008976812036356,-0.6540001423245786,-3.008640787795392,47.41940766531879
8ID3h,-1.277589232211917,2.3940222477790747,2.1108799001421734,134.37400389586173
noSxT,-2.6504564880047017,3.178926349422916,2.0184590562954394,168.0064018320958
Z5FsA,0.2336381662070183,-2.1656348099182967,2.3484731764151747,83.31617447275308
MBKTm,-1.2611775739215814,-0.9569685946069516,3.629892503203736,56.27423798529257
H0n97,2.0956990331349035,-0.1590522689185607,0.3628173944774517,91.47712617283166
VhmDi,-1.3823512112699792,-1.4432532636610114,2.9924447663007685,51.90415938527197
rTV2H,3.520685476154101,-1.3775291465900843,-2.9759267914759784,32.413501511203755
ljgiL,-0.962796975410111,0.1528977311593293,3.2167656759656214,112.83758293729537
BRH7F,-0.2384080793359262,-0.6962795479562827,2.067976376935788,83.17978651314475
qFM2p,-0.7164461854653259,-0.3999753853617643,-0.8238397109804225,52.003663066300746
SYZlY,-3.1468799679371364,-0.1757988500292834,5.965472546925305,105.53910540985687
o92uv,-0.1466380320737172,-0.8710532308419869,2.0389973351171418,78.04623509919664
cB07Q,-0.7050122230239453,-0.9785552648823448,6.321781980188691,131.71317652547714
fx6Rg,3.1039322478899787,0.0562509860728406,-0.1893069340018387,135.46178354049502
ZIyQy,0.4349455068884884,1.7308269627684296,1.461798907382847,80.47178684499944
F8YUw,1.5723441766318402,1.1482163261997655,1.0837788117975475,131.62818614350954
XVxSt,1.0877377834711386,-1.1919562888084132,1.1202635812085453,137.57852816229044
0rPZI,0.6344356484609907,-1.3599321987337385,8.031345845400612,121.30324856636832
P8dPK,-0.1727828058129839,1.0297130041211495,0.5085549858640891,58.789111299960894
JjK4W,0.4069515080184852,-0.1490594279205823,-0.4510423782093183,30.22938564899268
kTYTP,1.4775277675892546,-1.3377360917437842,-1.4248056350957716,45.25326002519458
ldkEV,-0.1009989529587151,-2.682959022734834,8.137973428656322,188.99884757305733
UfcbH,0.5648227092665221,2.9620051893895365,5.332228136570503,107.3836361253857
aAHab,-0.2839314534522804,0.7087586566582043,-0.7442333673981487,118.10505024708011
0lcXs,1.516034251519731,3.34337621054358,-4.909495446931135,55.70801330406518
WBB0V,-0.3512187923941419,0.5176602454659099,-0.5737066484299373,59.76611419370494
EsboO,-0.8087010025564163,-0.1677046251797753,-4.9572806281663855,41.01076367413042
CKGd8,3.945803218944704,-1.970073871495655,2.61403165172538,97.183691925662
r6TSX,0.4875815983526932,0.8257133430328732,4.808543844948541,104.60948324404906
n3Ybq,-0.6837151449221949,2.261640241954551,5.678410565963095,149.76427656905858
TCd4s,-0.0958908090315784,1.4125734987492606,-0.4850848665411971,62.16224258853925
mnaDe,1.777161285264289,2.6592709573373443,2.328241914949744,187.37083116020483
WIdkD,-0.6479826240747084,-1.2496784636286788,6.879044884474464,139.8312331255426
vZ1Bl,-0.5028432616441165,1.0931642880746089,1.211939200514589,58.88404491975558
MWzCX,-1.0671426649692244,-1.0846316196337975,-5.442405943428182,56.00537515829136
b2QYK,-2.2904341102389263,0.3237062154053162,2.318958067001891,121.41149351591598
Dba1W,-0.7855466529549417,0.0766037103821938,2.7533249009429133,35.37272807545452
nHMMH,1.880856341768102,-0.9005078388960464,-2.6364389162923185,43.35317470447608
fzkNC,-2.835630799151481,0.3855792118162853,2.06056130766919,103.07645905209324
GGMMh,0.8390215310021855,1.2636540184353349,4.2550997445288345,157.61913935942962
ko9mb,0.0588594402799987,1.877900821959688,3.789830091787412,89.44776268644749
vncND,3.8643721491373575,-1.1270148605515429,-0.687672440017054,163.2590655826491
sH4lX,0.8861322092063625,0.2381956931749267,4.885998384847159,38.845278382327294
zNsQc,-1.0273585552291926,1.3464552759037534,-0.8102826038826941,79.4956616558867
Z7Iyg,1.580771611513711,0.9242719109366588,6.1503419247656295,113.3236328771584
kdo0x,-0.4441037792821784,-0.243736468089056,6.911956935100119,158.80641920788875
Pnjwm,1.1531048958775216,0.9310813100765186,1.2051428454648077,27.614298565324464
kNtqO,-0.0763162402632488,-2.3813195674311203,3.3648868579998377,152.97543714425618
IjtzT,0.931337286071476,2.0293822400975485,2.2802432542375803,139.48832045653478
0BqJL,1.6591181296240165,-1.0290926495359158,6.660713588382383,108.1679833265275
1T3I0,-0.5676221894599178,-1.5306375907364618,3.141742222010401,101.46277094470004
5jUz9,-0.4782952191401764,-0.3713295414063013,2.922889938288144,91.47826141575771
uFJ59,-2.566492521091732,0.8346471530418902,3.7171601324464434,59.89816733181075
XP48B,1.1458154789420096,-2.383082778485624,5.1822533323805455,162.2121357825796
6FDjc,2.133483256969321,-0.0964766004790945,-1.536898992864001,139.09014886163592
FSLoE,-2.8119341346238915,-3.242288606731602,4.40994320556666,158.38581045753858
WQHHd,0.701004442371538,3.676805863991062,3.996105991453297,78.3004490487867
YQwg0,1.2421167521857996,-0.101842399696404,5.501368757259378,149.13573416483865
Bw4Qg,2.8883507084865454,0.7114488109346296,6.877883537892793,173.76941641649054
6Nl41,-1.1937997471231017,2.288728472086848,3.5470916437567555,175.84492084353133
4kysW,-1.4884238721358485,1.9172250400032824,2.262678960947378,149.7795824120652
KJhbe,-1.1141693124101433,0.0545477631487495,2.981368747067071,110.2704148247374
E71Mx,-2.7321065706417853,1.0841580554427428,8.688202640450758,152.32454258239997
Jzigy,0.3347387760586207,0.7671674142371345,-0.7211987320954458,128.90687868377404
uIKCu,1.722860421314151,-0.5309706523735156,7.529064888435137,137.0722089745259
fzJxw,0.8062195851272796,1.101807000129611,5.342920853519772,100.7462454581452
BeAco,1.778996850132844,4.072094923719393,1.0308777863972534,60.55851536792054
jHypQ,0.1866356838790345,2.803114433295068,0.7464641026040959,120.8131151478008
UKVH9,1.431707316879241,2.962789247897172,1.4421712012988026,87.46422284949399
x25Xo,0.3122072771689023,0.0856982903361383,-5.391037981902545,13.868475068506504
HCwHo,0.0234009303654984,-3.483235306134896,1.1526726247941823,49.42583606454506
mwi0Y,-0.1617074804174461,2.312757075465107,-0.6954592395042534,102.52488298247064
FNeoP,-0.1478103600820599,3.5814080044063084,8.153467509359668,142.25647161355351
oUa4E,0.4879156969984363,-1.7160806359756775,3.68084831205615,128.5262143139409
542wi,-1.226626757181535,0.8784858909446258,4.992359535532687,72.36560726076513
RTWKp,-2.9777708066274315,3.254771872197324,4.304239066442282,178.75677847907176
GcjYl,2.05944282580653,1.1296245812129742,2.0246435969626466,75.40296696301152
ozyPq,-0.2414236465973463,-0.3779870515427559,4.5913466076680285,80.59603955727678
P1U8M,1.1937164641265674,-3.766933327954365,8.213212558547509,187.618060511752
4Zirx,-0.1100048006382043,2.6119234151546094,-1.1635536097107408,159.37767923553656
VhEhq,-0.7943949817320112,3.374376103335252,0.8612708839981427,115.93502530001818
vlNrm,5.3670681639402185,-0.6422534967377821,-2.737725511006865,34.12304554262811
Ffpok,-2.391839212281881,-0.7160129157644546,7.278898243103512,167.1127923665216
e2nwY,0.0966570759474373,0.0852623566671368,1.397805437783253,56.77984458116653
OgCBL,-0.3174581447337493,-1.5214524461389531,0.9644572761623018,83.81331480598469
nce27,-1.4497623473192434,0.5854387406432601,3.950516442584908,129.16071567082545
dHKWc,-3.896906934969092,0.2021182539799993,-1.2422592358272255,40.00779043563578
zZprM,-0.0649456617338619,-1.4241284283363236,5.125230901168112,122.41392232545574
7QhvD,-2.6181020720959234,-1.2540755582765872,1.9284253957326087,91.14291236486272
3rQIg,2.05375954706404,0.1907804035224277,2.519610794074981,50.76585671647893
IWnh3,0.3370559571064731,1.362041360390155,6.54350354778884,123.85750552795976
2o17a,0.2347268824187914,1.2896017068891732,0.3691264726745089,137.00456908553184
zt5Mb,0.1593484742827949,0.8327407293032277,-1.7201089509070908,34.38777469645024
sUz08,2.0882189025710334,2.2575393219367057,2.5158691361422383,85.16999754452983
YOhH1,-1.322267730033936,0.166388895442227,0.5462874726524303,37.51159108194252
Bw7Db,-0.5573439008771474,0.208353952686596,4.661820166450035,104.92576440479114
UQNAC,0.7567207790578666,-1.6026536898442012,2.3975041658039493,146.14469299843515
01G9o,-1.3049831692364506,-1.3646925382390902,-2.4670915603438432,73.47754300708273
iHXhk,-1.674236987544589,0.4949270866609738,9.3436158768678,105.64513321354706
CNdCH,-0.4780370326886271,-1.5403409157567856,-3.941947086884287,65.73842106614521
ykG4M,-0.0303238535294335,0.1289800814101491,6.888834314892351,99.2223776317362
6xyUh,0.2372227709544172,-2.5944732011145644,9.018476790633583,153.38610069058163
kLofb,-0.2618645303589365,0.2437063934173973,4.850449660720602,144.57001865756126
Ms3gB,-1.1609450502187266,-0.2649121683720275,4.312495777863326,116.78985167312509
fPAb9,0.121361421133387,-1.6888269283796156,-2.7026919941720307,82.80061374123534
UhNL3,-0.0531659400506378,0.5821937722226934,2.8301485636045407,95.41743782118203
5BweS,-0.5837415811011084,0.911601532073146,3.346876299116847,152.50560409470327
0kkig,1.22355811541171,-0.2756300558464208,7.035491528820471,150.3321819757817
7lavA,-2.5797347018557466,2.098745147484638,1.8871554116097773,151.12469623425423
fSwim,1.172869840723038,-1.15048548275143,-2.9276664191165,62.15678891258695
0JnCX,-2.344144176182668,1.6442845201866043,4.470939655652214,189.51447364337437
GeNIs,-1.3810330637218968,-0.4943026916538241,1.6453927561904014,42.0082850805336
ejOIn,-1.407527479833231,0.7889317052976847,2.7621159344390227,116.63657186647772
aD8rF,-1.288580426492887,-0.1558535492749419,2.2751770744317525,60.53367695073349
Ktg3t,1.9161418464200533,0.5872895135092031,6.909830145241804,127.00203906863
hrxxR,1.5237454300509214,1.145275767910929,-1.6126693747641578,21.42456616443928
aGuor,-0.2312140498720012,-0.1197858208399753,-1.2599161419194451,35.16407547154313
7u8am,-0.2630956660691019,1.1935107024538587,-2.108166516712741,53.25850016276436
SJHwr,3.4767861979361268,1.4557290213323577,2.6403104672559263,124.53892413939344
390LL,0.7957959682173964,-4.598166584135236,-2.985910698320612,84.45100433634889
lo0fV,4.719623704603449,-2.108860097884119,1.7803216703690434,120.2321715200976
MnNBJ,-0.5611670415956617,-0.3448563059999591,2.3335699441557853,16.994963739145334
Zca2x,0.7689235193020836,-1.8628589659224268,3.5228887798012147,112.7083932727594
j8Sbp,2.519048086852739,2.785721607654481,-2.367425502884476,70.96297134550734
t23pR,4.115293787519433,-1.468664596517931,0.3300445934879301,88.6603420502227
nUKMu,-1.690743014200337,-1.4334983677117756,1.9265881018651392,29.179414810054038
2Hy0M,1.641321029257268,-0.2441425347935466,3.2448552300294886,79.3130191699447
p6drw,-1.9978637114694,0.1613937129223511,2.9385533083685385,103.6729983939956
jIMqs,-3.1802099386654867,-1.1483958725708658,4.214782865905994,136.10590544928465
yFYoJ,-0.3492970594780927,1.6908025495134202,5.867885971884482,137.50019671701745
oTjNk,-1.687769800355526,0.6029398992691443,4.647929076348756,104.89487621492364
EgZjj,-0.2145074539218416,-1.607203725615291,1.7733169020424966,157.58076778820714
JndCW,4.130690809401804,3.3648337807098967,1.6967719283312002,134.54863595166248
17qke,0.2903733779775978,-1.7732770400724267,1.1370348679135387,108.0339177190682
SmGtC,-2.422758845399712,-0.2904464573423344,4.449483210202456,158.83426295510725
frBXk,0.6040106327387095,2.318070696783717,-1.4055352149531597,165.6457872828552
saGqD,-1.5921687261153648,-1.026750898939396,-1.380430032060893,54.69511247861922
daYLZ,-0.5870282790556236,2.307059585250034,-2.538795074496531,80.06856013251465
5316E,-1.3000133164972305,-1.6638669991459285,3.358001253711309,103.95338463328645
vB3Fs,-0.9312040198992032,-2.045508270993266,3.4617617615757847,54.74363906072166
jFrCS,-0.4133871879239054,2.7457814194024968,2.814326174469001,125.46677476312765
1LW3A,-0.7502171940893805,3.4311729130137283,5.099324795051958,101.54434684508976
78i4C,-4.513924014608564,-0.7137117296077329,8.343907072716611,129.892377970653
fTeOd,0.3112439107408799,1.8274102377521608,-1.0623432394198216,38.24375920784165
1XFUK,-2.139057054357179,5.275411275727111,-0.2438670872588355,137.0646523715274
pXDfL,-1.3570900702000972,0.3856122360124062,4.0475702103075015,112.262686086896
LgV3B,-0.1247971628247909,0.9423504509099584,-0.3843363862492829,60.17211061287986
oLeRv,0.203427555816846,1.7824416967781924,5.550876198160932,101.2375295707384
A0Acr,0.1571286507117439,1.7177672307721308,4.144933514997772,75.37327424787166
Wue5s,-3.297194420826117,1.924862445161026,-4.520018467636628,34.252925964095546
kRGka,1.455355047358819,-2.0377298679310893,2.8568625839852144,109.1029300750842
hg3uF,-0.8782246773868672,1.959519316822693,2.9047418137389043,77.37245868490669
VuQOw,1.0854470017810205,0.6912086273168269,1.236574882313678,76.99570675685922
yJ6u0,-0.3921091757105165,1.225349331916261,3.741163168634549,83.7614165773257
TzJFi,1.9096395052334263,1.2599402245307123,-0.3087057707926355,93.92143863298143
TgzOK,0.4220098361340728,0.9367856997718736,4.774766663568476,49.508063339466126
ABMPO,1.036472858294117,-2.0293264310072483,10.583040106834922,70.34615332202789
5RUl2,0.1186587395951647,0.8018895408210859,0.7874315935991939,25.78754555476821
5bN7p,0.6307950585815708,-1.9907011568015784,-1.0381152939840996,76.43340084086297
X5pUV,-1.5114052132729516,1.2349376165153167,5.330887086622026,123.16527094071652
2LVMh,-0.2775543874597586,-1.5606178556553956,7.2103508514481565,92.18186642095684
TGup1,1.143367420369261,0.5641197948690758,7.410342436925192,96.69770383236973
zKv6B,-2.0509637079714795,3.125731462078674,1.9074340442075657,76.82816772692088
V4OIx,-0.3104532337430923,-0.5570841849151937,1.9871922961528288,23.804064921477085
MbMIm,-1.0996222888036007,0.8558484178173944,6.89354865627236,137.31544110558374
kC7mn,1.1413604389874918,0.2422569716788732,0.6167373493378887,33.89539309551123
56uce,0.2160738536085985,-0.844820215051569,-0.7183145866233294,38.77456870102017
nnzM0,-0.7036518133124595,-0.5118171294903628,2.5176828857280857,11.377892245642204
tBrue,0.7554518857676754,2.951887355110616,-2.7597440451887887,36.826025103035285
gCEB0,0.0517439039026336,-0.6000189287112601,2.4086619306117143,49.23195647922596
46DxZ,1.1654383973791582,-1.0978040914579874,1.4347486173657409,55.89268687305564
ITIYv,-1.597471354216414,-1.9057269364772496,5.019141485189613,107.01084483226052
aKM0K,-1.74464653620718,0.4932967018777638,6.4529646065833335,123.9505121368838
wxr0p,0.4716865395650618,-1.7315678736896798,6.654413650468081,131.59598830161667
ZhxuM,-3.0844343075796457,-2.246766016579324,-0.5296501424364122,165.39295967551905
ABNqi,-0.3899078560368711,-3.0883770335930256,0.3149639843402816,45.375263237222654
75QVd,0.5079829441073066,0.7087163690267618,-4.883390247637207,35.82356051450349
RWG2z,-1.881847987619333,1.5736070356825775,1.4290042113100132,178.15947319455591
7i3io,2.3763161909292374,1.777855732995428,6.456424540250933,103.9135764327772
0OkMS,-1.6997635831963922,-0.3258368339157651,0.6839173236295162,74.3607869741129
oi2UV,-0.322546935202241,-1.9639095440238417,-0.3634021818845517,62.8316740467544
GFxW8,2.3855089957532627,-1.1578176966652938,5.913121142796911,124.48225835082884
DDeDd,1.2415528175902448,0.9805281881818017,5.716122603396458,158.74858749884226
xSa70,-1.5524870454646933,1.6510353544547811,7.987052898618113,158.42747240054348
kzth9,-1.1166200065941656,-0.8656212995740066,1.6736637073298997,26.809106036883733
ZiImD,0.401679061361394,1.748229103563394,5.791561912822712,27.43004955683816
sR4S6,1.3889202706970387,1.5760694536804467,-0.2089460526735562,130.94578739864843
QCmnJ,2.4112747995290897,-0.0876292115667999,2.8709240839766847,164.7932056516908
Fk6ho,1.4297294319019118,-1.853254162313667,3.1509602745044423,90.7132334243472
nUYNB,-0.3475042577476781,2.545661493458896,2.1971448484309017,174.8399103431543
9GcTH,-2.370763344644399,-0.7365618194248902,-5.2607814570801015,54.14843217253954
zFJcz,-1.6361961764990445,-0.5705974537909773,2.7679868494009905,122.83045295983194
HvSwX,-0.975888256978068,1.3160752078676252,3.6034498446625607,71.62027277458316
ejK73,-0.9308250102664344,3.190378709466384,2.3573668756969703,159.43854762283257
DAUcH,-1.393363496997962,1.2308942082084842,4.497398131516683,90.22282003330535
UL0yn,-0.6787977502245937,-0.8335620694288167,6.588335318166791,115.95249105902364
QTvP8,2.3458156198343243,-3.03731228844516,3.7650380368763,42.1278955916919
T2pEU,-2.2430569807919056,0.4477326139918766,-4.7625913273020215,76.99050417878334
vgdUA,-1.4094255132282685,-0.0535571717850446,3.176671269100196,26.97390184564224
gJERD,1.4775327204160005,-0.7975100607947313,-1.489370572471179,84.39427120919895
eylas,-1.7046906882116668,-1.1307242017953798,3.5673788003584623,33.36217445512952
F9LYM,1.04739348563577,-0.7483787731694673,-2.829125545426248,59.69704825641379
cBgpo,-0.8881214040856735,1.792058940374362,6.160203367113911,104.6824458285497
CDGTt,1.557674733994218,0.1614536338838809,2.427555687948479,139.24897827473384
O7hmY,-2.954033364250336,-2.3102308421243904,8.964036401106249,129.37751635100972
ixOj3,2.181575411092565,-1.4733539221759382,1.349972117748732,117.4194932135752
QLebN,0.3251652815605169,4.328584198631717,7.497310511918332,134.6250577380801
PTEIH,3.351308934558022,1.6012444007080804,6.165601020901329,140.65128783937493
yJHni,3.0000602345472736,0.0480292038442653,5.624227832945525,151.8007820357846
LTHUN,1.3874821884486783,1.6649872945939423,-6.1084966419625415,105.63019325058492
5ZbbE,-2.3132857103929787,0.4658596159754106,-1.2163088424403368,117.87971874520892
V0uce,-0.5642632852798172,0.4406259407614109,3.4661600671920354,153.34757545960508
jAduQ,-0.603649855564374,3.2736154328109826,1.2640638452581796,102.35835601823813
nM6Kr,0.523620521926359,-1.846271522291914,-1.5954121895507178,108.2113912059718
4W5Bw,0.7575085454099396,0.6361109927369525,2.145743508996801,31.05586513545368
hn1H1,0.7701880263312872,-0.5499182794110842,7.430356778821897,48.57421566470664
XClj8,0.3161188525401215,-1.023310424146441,-1.7640941476959937,30.94863384165448
YrriT,-1.1089987563659374,-0.3763303725304435,0.8304721193632871,90.8474634490411
CUAPb,-0.3090369377521392,-0.8695769783282943,-0.5528838911889498,58.28721489791621
H4Zak,0.0578124731780939,-2.3753045889993785,3.887968753887243,152.82781843422867
eGQCQ,2.24435372074518,1.823563414137028,5.652215796928306,181.16530369043485
L0Kfa,-1.1249389494798945,-0.1837735774455162,4.057344317755201,48.70893033253476
aBaVV,-3.218254771341936,-1.5506559489628555,5.6286711026650185,183.7718287473468
f2HnZ,0.4433728820751577,-1.0485606278029425,-2.1371837032643963,135.6283360512183
ayQ0H,2.969566176247357,0.3666457205288442,-0.4584339092373457,81.09291358921793
2eJP7,-0.2394396830139635,2.3423392169185013,-3.8817530251431087,91.07240308055724
Wr624,-1.4452404994369663,0.8798845226429579,1.8719485600774604,34.962837206902435
6mHJK,-1.1643564072312331,2.8886108674359234,1.8148434513188367,44.78237905926586
UxGoN,1.561446478770805,-2.367829065077496,4.505168329631814,68.14742739800252
9Gz3P,2.0498650128111806,-0.3011391029000642,4.0613393480134725,158.97612371087777
ZC6Sn,1.4162680418090667,0.8098087946009638,4.190265872639284,126.5163177969428
NANnl,-0.2260872297248424,-2.724877974256632,-0.9462288521305916,152.41879375803467
9ajqH,0.3298928311994121,-1.328648158018798,1.834056784534296,84.72223159718008
XCEHg,-2.178834808251374,3.011544311474346,-1.1187354393310098,80.82832379686486
U0kWs,-0.1916547925566236,1.9395156183517468,1.8886408923448448,118.84672061444958
5gKv3,-1.1734909650887997,-0.4832167802271649,1.0593938763409425,45.67298889179811
gE9Be,-2.763731636603754,0.6689188515255622,3.150050282204868,152.62228674672156
Ha9dO,-2.786634846287677,-1.8626659655888127,0.9196891336634644,80.66875593009416
ivUGT,-3.1156990569616814,1.882734290213532,2.576479677352232,61.35052225791342
oDoVC,-0.19836087264442,-2.112440868193424,8.841576309830591,135.58726062626903
B2fap,-0.8674154940661122,4.250633281787639,2.5925590490211103,125.0203902974374
1uipn,-1.7865542811612685,-0.8217255666402307,2.78703938261128,113.24606151954484
eYJgg,-1.9975275965215409,-0.325490731297656,6.854623769888929,138.9882045233726
sH9VG,-2.4989893021044787,-2.4639727454693,3.237307708570782,57.362715464352895
3rZHD,-0.168916199617306,1.8607275044245373,2.5523345519237925,15.111175701733124
r6VU2,-0.5703935794275035,-4.194935188690893,-0.4468186611724773,91.90253056346522
WHIkv,-2.5864480880185154,3.180702909504337,3.7100086443520297,164.55882101915898
BIu7s,-1.6584676180186957,-1.822517530841678,-0.4293626641780656,50.915208923111045
PByak,-1.3159409550238588,-0.7750658902100139,4.2805288667505925,102.38396509374144
bUqEy,0.0533861860226506,-1.1100103001174806,3.290867435493112,105.77162956136732
62iyP,-2.031073662509601,-2.580978684685892,-1.8217017445350732,48.14447545774011
Nc6CY,-3.052007442464172,-1.2449235342611975,3.8557936382277336,53.96481558926729
uNRAF,-2.16834339021981,-1.3188126291226625,2.5235309701577804,127.16117504692208
1ksZy,1.261125152812106,1.7620495960360842,-0.5728463153307177,60.38627556326175
8ydsm,-2.3439354169882978,0.9188258955762963,-1.934935605389149,110.59781387013304
FuPC5,1.6903162295515368,0.7437909398789473,2.8293804869220245,61.03788396584277
FzzDv,-1.1911972921919434,1.7972612937834878,2.8339286975313245,87.61103600380468
WM1nt,3.2576978043215927,-0.5186147063640814,3.779207341934439,81.88594307621148
RudXr,-0.5130262457190858,0.1784022575575389,1.8817656791573405,30.878392956471817
Ce9cL,-5.577239247085587,0.4997392025230111,4.296622932975296,129.41588388777373
PdJLK,3.159520230124304,-2.277158395482442,8.871653908842413,83.08612276017027
32jDO,-1.10830163237627,0.0446406167189246,5.145685822448053,104.0533637986198
0r50F,0.4296296732836069,-0.0635389479362887,0.6250542724824979,99.35718067790692
wx7JO,-0.5409807162676261,-1.064472852153133,0.7020678571487583,36.84215041449244
uCgFY,-0.7482340746953107,-0.1451327780849138,3.0797041355975496,10.75260740883996
3r9CN,-0.9466168187182482,-1.1321849037332252,-0.9942596100482756,120.31863258056364
dPBNc,-2.0550434637911965,-0.8870986330203919,0.3152587370130515,160.94310356838875
IVM8E,4.215912773677295,-0.5213725155510155,0.3720179399708961,83.20282845230736
SGrqP,2.3266922088088418,-1.0170903504306816,1.678209873099139,133.3732745395697
6e74U,0.6538261353471733,0.2088057156415516,-3.299213366637312,88.82078234504712
FzYha,1.2611923625559731,0.7672948232001008,4.638990219479647,147.42403745247898
Tr1M6,0.1006592898017844,-2.18711372612845,8.099638774286133,155.37787086450732
8Tjqu,-1.0883253368305437,-2.112755631409458,8.976302046797569,158.2407097108022
DSLss,1.7997462081627564,-0.8787973383857626,2.4999588511251827,16.270768112500463
YpFcP,1.7008902922367497,-0.2699543022056965,0.2813049558433318,26.19886807142488
HY46S,1.8200229118951283,-3.0910800360170283,11.416782089695106,177.6949251974454
P8M8J,-2.6355903923213053,-0.7137554282364631,-1.0731740986187583,188.4899335194792
vjiQx,-1.8545462477068668,0.7798711001867483,1.4928276005017405,133.35294951214777
XIZrZ,1.2445030171675582,-0.6056789887097678,2.776869290391621,108.8091857188382
S6jbg,0.2489820270051382,2.157549291276628,1.3962592468805743,128.55954342954988
RUTLL,-1.2429905861865933,-1.95467798997244,-1.0316363382884433,115.23534748448505
DdEHs,0.79673793649032,2.527460479072181,0.4014611765260448,179.620914571055
iOO4h,-0.700293920306039,-0.5741867756019285,6.7982557186614985,157.1749887515136
GDPY5,-3.7803396507945486,0.9299502255511026,-2.2412893551351085,69.44518957003939
OsoLj,2.2080074811902137,0.4046395862387476,4.244207348473282,111.33706292082292
Ptptf,0.6718875792159491,0.6035812248908895,-2.3197091488811337,72.22033336199769
aP4QZ,0.7566304739221658,-0.3438650414758386,3.3261116735240943,77.69585707098933
TpBkm,1.228392394415878,-1.009441923321435,3.532691160080047,85.58380111231759
Jn94O,-3.436570415298631,-1.7895630442373638,4.900236357397322,65.7421432624416
2fLGm,0.5449750319083094,-1.6663657468194193,-7.221794365990216,2.2258504133933488
T1aHR,1.283570456654315,0.7696615432025078,7.667536865473857,120.54853356542306
HWaiW,1.5609697154505815,1.0585249703138555,6.913243200205545,16.935869681889827
lB5mv,3.317462016773578,-2.1661959537582485,1.530376788725644,139.9900013390749
iK1V5,-1.7770167072082572,-2.053814869023625,-0.0450233641346371,120.40819242342542
ap3wc,0.7306639952409748,1.2097802296261753,6.899040289383253,110.86432971093872
isSI6,-0.1849421896021534,-2.28221078327109,-1.0528103896450274,65.79283889725993
CVtqB,0.9911004057405308,1.2563524450786872,2.233560717065419,86.18897529132093
l5PPh,0.0305583248328152,2.403142627309032,1.823923985708056,91.74911194970066
F15DX,1.5335053718099052,0.4776235922657937,0.7787943565932259,89.6595434427935
jmxgY,-3.939681554058847,-1.3150017137943537,-6.631089391306037,30.939251932453605
PuZFe,0.1539570220477533,1.0601661557211823,0.5459238398320312,45.05359536097443
UeIBt,2.0288228037517366,-1.5307780121722712,4.141190650199141,165.29060387496563
yi7J6,0.273427356067341,-0.5097845769269983,2.565371567625934,101.8952902165331
3sm71,-0.0627229713839963,-2.9086555609829388,-0.4006305668094596,94.00441681162064
Y52fa,2.5441107702212413,-0.4825610028096037,1.0238302434352802,123.70598174976392
gLWDr,3.2399367791186453,1.91384865023754,2.304071331339004,86.49419731878073
vwvCT,-0.8071141008457104,0.9479745053734376,-2.996285770096169,3.97208246386406
HDW8t,0.6536697616888535,-0.0270159169574449,5.476325669374463,76.15583105260735
SgIlp,0.4933912027457608,0.7403803419931372,3.181436668346441,113.21138417668072
ar3el,-2.295567615208977,3.526304139460428,1.2604542574141249,167.49730973352257
X31tG,2.5684990923306104,-0.5594934308744538,4.259713951188696,59.35096044060385
xmd13,1.8272197268792727,-5.141747103218413,6.338840029337647,161.74162862785593
tApbF,0.487544594708458,-5.375986777478812,6.091817620036543,109.7306491253858
lJ6EU,2.1879239420141072,0.5289862987081329,2.4320215333565858,61.30214623058379
WLY6o,0.0266873341800644,1.4333542293482011,-2.6901595130298244,37.95243990089974
O0a0U,2.4667777933479647,1.0598331231302898,6.950650459838202,185.89048179731608
rEY3N,0.4405297270329756,1.6154031374476665,4.403443953949397,157.7992992205206
PIE3f,-0.4478363187076553,-0.3881669610793229,0.1519020055754854,15.745208208149114
yKWdx,0.5652439158497724,-0.0983162318733657,3.0002560134086185,118.9389776508214
maFsB,-0.866952718014884,-2.8234722825356324,0.9232266518750916,110.06460368079664
NnGJ0,-1.570069389552972,0.1649357863948584,-0.734800272348962,84.53020047687461
N2lNQ,1.3706267943057502,-0.2826685514775231,2.111732801003535,134.60724987952867
MnB3N,0.9260876187032264,0.4575430995670754,0.3250698633235328,33.15262896997896
SXhQS,0.096739144004887,-1.0855290303050278,3.203945835126717,79.68578690382351
y0rNY,0.3059747135007304,-1.2721045048149844,0.9100409620254512,61.70132288334762
TASbl,-1.0820979495875265,3.9426202758946793,6.545340075992736,140.9641058330194
DaQqI,0.4522615515722613,2.498382670843261,1.311391511432341,109.28546681723844
5naRI,2.282900689640255,-2.01341896335093,4.85641187667188,130.9662861748089
D5PMb,1.3466760690747088,-0.6252685755394799,0.3822189835968871,14.491177358796484
F1iM7,1.246328423297077,-2.565006026138666,-0.5593662916312279,114.42505588366798
0gzcr,3.067325321398075,2.717147941289059,-0.2561056808503845,63.42203132435708
Gh9xH,-2.761926079277751,-2.1879078901379097,3.7879726695436062,68.1014894891533
Nrq9r,0.2156217926743167,-0.6779299451879659,7.3910157931981075,124.78319126349196
Z1k5b,-1.9980613650777743,1.7703100728684469,9.921450780649968,184.68091167961848
AFlWO,-1.4670185283535755,0.8800110595280327,-0.4698993047921825,66.83570147960661
ICZ51,-0.4483706441826358,-1.007441896360186,0.9291202811133296,97.23126263758704
HZqM4,0.3962385734884046,-1.0924299813942853,5.143165734130287,71.67832822078162
vMHlb,0.673581516535825,2.3056077024071238,6.182758173186139,138.6541498633078
sajVO,2.2113347459280464,-2.160463185149726,3.0302337447082808,37.01643023251617
8Jbwi,0.3317055282678297,2.5025977098377514,7.6135273629932705,154.1336056957357
hrVHy,-1.556360864303295,-1.811491910435124,-3.3205289165204595,56.6096941472344
vE3sl,0.4058006161120205,-1.9789059580033783,6.521851557464951,105.24249286890708
UxCkf,-2.075764775420169,0.7078541146125796,2.60542814678206,131.89918109210416
zmebS,-0.3288487440464225,-1.2493603762017007,3.5589926522702235,63.16704834547807
o3GRy,1.0203980186328685,-6.51385434954655,3.1666381051586354,92.9150014232232
gWSJw,1.8677512439030293,2.1089239471774373,0.3150445230553389,31.03101102044722
YK7Rf,-1.6332653686363792,1.7538960641811343,2.6541114924396174,86.2236918129253
Dw0rK,-0.997187340654168,0.8612045967365995,2.77247812397352,38.7295211012521
ZxtOX,-0.1343797730800752,2.135873439160375,3.2008808161974103,137.9370761475863
b5H22,-2.429786834573543,1.7459166649068552,12.279077920871346,118.8254035659283
CLI4l,1.3677879406938722,2.090294042388257,0.1414266542086006,123.65485648216676
krcMD,-2.099972461641872,0.5414763020315188,0.6372891873689195,61.267103214330895
MRo0p,0.7799625909994963,2.4287130292996,2.231802217562565,33.01326800540237
fsCbh,-2.0254287075894517,-1.3230837030111522,2.2846155947559943,155.98617837726516
EQnbC,-4.176573900723401,0.6169636216660123,1.7275168928279516,103.912644211724
poO5w,0.5272868161292039,-2.6121887142232936,2.591643530762063,80.4785138590283
Gjsee,3.0637667164673767,0.9657061707492932,4.0730550005732855,59.770488868971775
4KLly,0.4971235128108138,-2.6636777767152227,2.225801761317213,157.93920686592855
vLd5N,3.134966054972483,-0.7420819884602256,4.39765693315623,138.10382447151918
8UxKb,0.1742655191884689,-1.1956973100682236,-3.25908733412578,14.022547037765582
m2diV,0.2400616113396733,0.6663516973289955,-1.8886359683974216,134.38711611998335
RnTHi,-0.947894208596401,0.0244557543903095,9.227008537021288,121.6134518404108
zzdMX,-3.2940521792990984,-1.877958762898838,-3.038895063538658,63.82450727885257
HLNuM,-0.5254928360240165,-3.952070380542607,-2.560260537372187,108.43852284399418
0gJoF,-1.7353485136185618,-2.529034391447204,4.553166849383622,59.225084558001605
GUhjB,-2.5555294390922083,2.097381757508645,0.7409720296925073,142.85453075782254
3zoYK,3.349199143428017,1.6106107020407103,7.277862943457153,139.4985162638241
pjMy4,2.0095376227589954,-1.6214525145220071,4.564531389146962,134.80336914942208
REbx4,-0.8740907091108537,-4.026615061607902,5.328429908576848,154.34200779404642
4eTTy,-1.5310687215746477,1.6873659295203411,4.224262985263133,68.00994572248517
TQfSv,-0.4173360218026922,2.619181176271744,1.6034918900756647,156.98247888689252
jodIK,-1.5733636179753911,-0.8292416512815542,8.177203487553227,101.02742890943055
5TQhT,0.4000846485314517,0.2425896465246906,5.195448104492119,122.39039549236864
9VSY5,1.9496487337868893,-0.164579259074255,-1.195429336931408,75.22915428059116
gohvK,-0.056117543752729,-1.8328271689726343,-1.5253003295401153,31.97903153882653
1HEpz,-0.1855523057695113,-1.2438083855610729,0.3065745028347673,31.65306355983005
Qi9Wb,-1.9517095832239049,0.2813232870134301,3.1936434897275703,145.83337088047864
dZYVg,-2.3220376869129065,0.1140424027359669,1.8891745534303133,52.44697428170297
pT9po,-0.4211955126391864,-3.4181800155074344,9.689487344789926,117.7905966720925
bqUCY,0.05816328732275,0.0815141237163782,3.843336404849498,128.3325920762321
TqagC,-3.017895621588082,1.8903605194270632,2.8618493802859524,162.06493173901308
Bglog,0.1864830320844337,-3.4715104336210496,-0.6237943710172437,54.93125754506924
q8aTS,-2.647154256625415,-2.245721531516012,2.2620836170272964,107.75019593251432
hSjbD,0.457952331062005,4.138367290563886,3.9969983854098095,31.67803230478226
nezj4,-1.5133224775553622,-1.7591304175929372,-0.9633107219717418,119.72447292937277
utc4S,0.709730057795596,0.3088193005277787,-1.7178272309664055,13.405183212262507
ip8mH,-0.1714043608861418,3.2723078252244693,-4.091428969242233,49.71188424293047
8kXmX,3.248169260100996,-2.312601640056636,-1.9874614378250632,63.47576799520531
KSwgP,2.2148836809901367,1.2871259722931978,5.543436327705495,112.77285615131952
kKoi1,-2.1058743847966697,1.2217882669381934,5.236719073751839,154.2195356656459
qhVDk,-1.0712491122187833,-0.1761998460178282,4.440457565376762,109.1576502010462
vP87F,-0.2499782341996465,-0.8582417527756289,-1.680893665112814,10.378943452347606
9rYHK,-1.3842021780888376,-2.702783132388514,8.359491288294034,175.27922851843434
7WnJg,4.97129310070929,-1.015961801992612,-1.6360836417690343,44.76583519152274
43hZd,1.5902275231389045,-1.1176366021759396,5.455403154773603,84.94497565496575
Qv6AC,2.9333179459822785,-0.8445095230111964,6.437177045370323,139.6730532589717
9q7qo,-1.4882508686579103,-0.0636389453693602,-4.101658391417855,9.793899756833072
GZ8m9,0.9717452662210128,-1.024883962340554,-2.839368177652226,36.46685020522127
nMoIj,-4.0596587149503085,-1.963726167295124,-0.3750882502447297,125.4907232328033
2veNe,0.7728609951100721,-0.2597635284979264,5.154626168152949,3.312791592503131
o436o,1.1718034478262258,1.4976854338867864,-4.020532810086865,21.943950197001065
3DUau,1.5852633918699583,-0.7815488231549558,6.204102429936758,66.0296575157183
52EkC,-2.368492797544708,-1.965151696535828,3.882987943373996,128.8527351056835
zdar0,1.0728972511613468,2.4209124576061507,0.9465615456241084,100.79938164069485
hSyZX,4.140855606586785,3.628312916652882,5.155708214223392,129.83592031647962
fNzLa,1.6559540320688018,-0.5162740316134156,-1.6828590387593798,62.95493155229548
yGWpa,-1.3919698661447255,0.3261638218954876,5.520981481484292,78.10866023812045
liZmU,-0.1118644895959428,-0.1725010363276132,1.754446115095174,36.478784906693406
guOsl,-2.14719791019098,-1.4533431397275691,5.157166914083134,117.99225491916386
WZ7Tk,0.8166423204765487,-0.0186209666887526,5.163118149839387,137.60949511147695
yyk5g,-0.9116634199783292,0.1140095762194411,0.4513615304583064,31.16051595000946
sPRTm,-2.6262800156740767,-2.1283484368927765,2.1581834271578844,135.9834844723914
4z0yC,-0.4040000842636887,0.732192616814305,-1.911219722617116,64.47864301338362
q20EY,1.2654101412378524,-1.5609406045845733,1.1907068931682483,27.62922994295437
XyaD0,2.0863415226163213,-0.0477186676121737,5.051359938727658,167.49145748517398
aoc43,-2.2929970412728835,-0.0512167893855587,0.4366529011462048,80.41596819914237
pCdWb,-0.2281389926025309,-1.9179736777857253,2.5581166323122,106.89897086904374
bChJC,-0.7294253669439285,-3.616348090047708,1.3786259207824276,76.90124875975613
gE6gi,-2.6932495134387646,2.8362164214873093,3.262863288470792,155.7481940873736
OYLB3,0.6439380895847775,-0.88316817006482,0.3166597281490595,26.067855783737663
G7Pje,0.1543364861959698,-1.9471836327573304,3.1048980124191257,111.4103943604724
Qi2Do,-0.6117178814558167,0.95174844549577,1.986600016898856,0.0140389235358261
ou5fi,0.1057848884575881,2.8165151095223213,5.247499327316142,125.20143936675343
waddb,-4.345291178649478,1.8145308689348485,2.1442792346449484,84.19363777886768
DuJvG,-0.0245788690194082,1.5485249264996108,0.2674824185320609,52.777106093562345
PygO4,-0.8729864127784661,1.928226752388744,1.241352142901269,179.26084990756195
158z2,-3.4626501289351435,-0.3171873861559249,7.370633436746119,116.51989298739684
Cg9Ng,0.5404482838451776,2.046057706494356,-3.3058532866592474,64.33927101510285
sQY3N,-2.083345044966172,-3.7755708029073634,-1.886074551912397,83.49102868654731
aAL25,0.2516635632230823,-0.5796456061201176,4.505995140425755,79.5582347228025
avGBR,1.2315903828172623,-0.9594945815512697,8.284207045126468,33.571324404405985
MJQ38,-2.4974745090883226,0.094853938857073,3.675458660025056,128.19302866323025
u21uP,0.4831441803532767,-0.3807899121700821,4.834190532968937,73.96844609866943
hmRUd,-2.1309830062670763,-0.5569945030146892,3.2794786024969103,81.31617112496856
3vLHY,1.4709487735544262,2.1934500697076347,4.358389639676163,105.99996085265784
ngSs2,0.5398778012229135,0.2900913709764253,1.6434818219268033,32.1131292774494
adPQp,3.0637933449567902,0.1716741131491252,-2.006069776191676,57.0113885786301
a09Yf,-0.888360936925317,1.7202627735016365,4.381945343842802,94.92575499098612
SV523,1.522612047714343,-3.0175824447503365,6.86067429515059,138.66608375718002
DPuyG,-0.5307528970121979,-0.3351011552698953,-2.290053012873371,73.25176509376739
YX68Q,0.9931891221095814,0.3282452072766003,2.521386663856052,90.21734903870868
vyCwL,0.1215720105609296,3.064129149675445,-0.3942831253765082,71.79962154628048
RC1vO,-3.0450864190610227,1.832704866099627,4.40210155912958,115.8876813654521
exBl0,1.343511134805678,1.532041612704549,2.688519852521206,83.3319330698471
bYeiN,1.8957860849575665,-0.3635849194346005,-4.597904350080197,31.60601222242984
wKQVW,1.9911607686383672,-1.6268777774610632,-4.006532726995204,55.623110712642855
NQyol,-0.3631747552012921,1.5324563122179695,-6.238558676135829,61.09174590847171
HQYp1,0.920771502449324,-0.3223000057219998,4.100430425515033,73.46542778068226
FNkBn,0.0511367299148313,1.047387787719366,1.03595691999806,59.86365398494953
kIyui,0.9040837425381696,1.2209468730370077,10.020805412009524,120.17528679003058
1CXXW,1.5066561833796102,-1.469505177225064,6.080060716436638,167.4105756653252
cKXwi,-0.3133746094345836,-1.7402952537210343,6.728155751824656,97.0862050478738
umZzo,-1.3223135319928516,0.1663271039289758,-0.3162454120880228,16.902101861011584
JGlhc,-1.4306099461137816,2.317636930007505,-1.1087406439566072,179.14319009659607
bbZdy,0.720857586760284,-2.6131692764171843,2.6602985759440068,104.16641458989744
FoM3t,1.1592310317460488,1.1558809381756032,4.5771920420287575,122.38249513711
7mBoa,0.1518619884012587,2.198936957342864,6.7586063309306805,131.22809809570467
yWesh,-0.2635562578431937,0.6432925017616201,1.344553667758674,60.88049182906891
LkL5q,1.1071342592863125,-0.9015818946380704,3.202372511101377,97.27554720252218
bMyOC,1.3996385887016043,1.2710808718148008,-0.2980546951532941,24.317780628032917
d0pMY,1.6165453945645611,0.2477200067578349,1.8318631222555468,16.820357404496484
voCzo,3.847639633900664,0.0837791749386402,6.553293407264216,60.388480241442
cVdZ5,-1.6771950299803229,-0.066328554293343,-6.212804386721232,7.376862848657223
oXIc5,-0.8543194846450853,0.9412436756604824,4.049274106027479,127.59103214746432
2ZcAs,3.9962508551356968,-3.160437038595968,11.520772726833918,157.14541533973343
wEm49,1.9152148942386047,-0.8481174287490434,-1.2458614121675884,53.56099736979517
WynY4,1.5446015886864366,0.342732190752861,1.5280417163954758,121.85222165935518
jj1Wo,-2.5932722373007167,-3.160998467385413,9.110490320052484,149.87222229150174
weIWS,-0.7651330350841318,-1.1091127422768636,3.089047478566564,23.907054702543988
wWPMY,1.1992298795456382,-0.3329336549072916,3.293419889159817,50.25172499905797
IeNob,-0.2425831743572881,-4.809662875239879,5.240994873935813,123.37888062802324
jlk2D,-0.6302835816393677,-0.4406610067713429,-1.1299095067399625,104.048814528193
y7v3R,0.3524858207783066,0.5795508642733446,4.11259214562492,109.22010899758124
p3SgB,-0.7495184898379694,-2.386491227991775,9.592641969437008,117.52977775639302
NAIpq,-1.273431830753562,1.6761596819718374,-4.59196225352114,83.21210006280704
SWQGc,0.6185405954259973,-1.75726988437283,9.208847169199856,95.24401136745992
ubrhP,-0.9256039171573628,-0.8869633648048493,-2.2423264412861648,41.62520947011953
LJLqw,-0.1102091941600202,0.3736940164572293,3.8084206183936047,156.89703970098395
uGZTD,-3.9369444372955766,1.6716976480075936,3.7763232493138656,35.428857134551606
Eab1d,1.2461093798458036,2.418793595939436,8.907514779791269,81.05292697832306
zQVCw,-1.2839788604326123,-3.787936520691869,4.160844060944546,130.8216129556764
wnQCn,-1.4850245235242352,4.270487817427903,5.972987117975822,84.16454613355961
anqSs,0.7788572629490921,0.5947945964519765,0.2997566404083394,60.42004469858438
nAjiz,0.3965183069556489,0.7894602188680954,-2.901432406577752,13.787482555363722
KNf1p,-1.932226930965781,1.3175853874479504,11.39728996314533,152.34199615668814
yr2NS,-2.5232982560083093,-0.930061302788892,-2.0133461677320104,73.07447436229137
4oZJm,-1.674256400865725,-0.7430315356455828,0.0232455713911597,31.180642983557263
gawHl,-2.1436992100100736,0.6244656457879567,-2.4674749139147703,70.84708444731817
y45c3,2.8714760304375684,-1.1599334679204194,5.388190793240783,167.80086969823142
bddBr,1.2732994693299573,3.4672245014340315,4.8828980390964665,159.92235153531325
10z84,0.3066377381431749,-3.4825852318159574,5.395790978109965,82.77629219599194
gwQOQ,0.3156100147151361,-1.048412015381817,7.6865951327743005,35.775605440274674
m8td2,-0.4783760911012374,-1.2854027259501937,-0.5333756331744031,103.2505703859308
DRHh2,-0.3401179919777854,1.0039901055567346,3.358611530519888,151.4756194078401
TBsFO,-1.4155562821549657,-1.168263332744598,10.615089645203508,100.36543427904827
5I4L8,-1.2730270568643212,0.6262819640724607,-3.5413120057255183,25.892610831454537
ppdEt,0.140372464152186,-3.923575416671824,8.749031243333851,158.18370180775983
6RVCC,2.9120843599996538,2.0800169982098784,4.941228123374302,175.74748701523387
78GSV,-0.2619095105980701,-1.5555915605465571,0.7693215390283998,110.63360184293676
FuKRk,-0.7180039336181211,-2.0442976928198515,4.304896674349991,127.22606997553574
8Y6yC,-4.065345590807813,-1.7484593073469856,12.76765491368403,124.44422066789494
ZmzRL,0.6215493992221324,2.03885411586438,4.36982446206843,124.0731286550654
YxuqB,0.8730726737095905,-2.1393374711458684,0.4052710536867163,148.0482925735568
7FECI,0.5349537061419334,2.3394982747232507,3.687244412393559,149.12378719334674
izzih,-0.7374884171955407,1.4178463995777388,5.8509737800614285,151.98284916909105
tePFc,-2.1992942716084958,0.4297621966720525,1.6542547607610758,139.35127803595856
BOZxY,2.1381023085147577,1.3877373118397232,2.2673709264456154,100.56866819688676
TxFl3,-0.2017119252679914,-0.3541440663811007,4.538418517237775,65.66142746513886
84Ttw,-1.4626350784719924,0.0212551047673343,-2.598249472439853,79.79064498200039
l2BN4,-0.8253309198167007,-1.6774912703508729,6.800014653273468,135.03979833989422
7pfMi,0.536582334483002,-1.2599879226801294,4.054274736850644,94.2895719456776
3foKh,-3.0450702159911587,-2.3950370268413703,-1.1211977083367448,59.22937514771578
dPnl6,0.5338655149356593,1.0003929881408138,-2.669149074621532,12.18518804910352
frPCb,0.8820725407708508,-1.5487866026504868,1.959802394664249,112.00861443708992
Bzkxp,-0.8705659033314191,0.1396478313478074,2.929815395595701,130.89604689070987
bHcop,-3.1773036200498863,-1.3995268735104691,3.5084151319859127,170.7892975762438
Yt11N,-1.4429660431805538,-0.3290714650759235,-0.4527252029454799,55.56742084002306
jCAUt,1.0323651642805656,-3.011685667862695,4.540028774376895,127.67796122027902
moywf,0.8048997705769991,-1.5160790205322645,4.758385963184702,107.6870198695552
704xV,-0.6341325008499047,0.5730555719339929,1.5950427508576053,132.42761008731986
7UXjB,-2.6480726787178352,-1.1192910829288094,3.0272073261550587,128.67951362967892
OhYIm,2.099805709581905,-1.517344088715367,2.760028124040712,82.77592552953048
Vr5wH,1.7058349619240356,1.448556556185261,-2.239020076772052,43.68553770742047
HMVo6,0.6488200454216899,-2.793478516061769,9.505512029557543,163.16160726252753
jNEK1,-0.3957460917661533,-1.4035527061325326,-1.7614319819885582,21.364131893296182
ZWVn5,1.7008636068454777,1.9154975720441207,-0.4458086617652237,36.35338552548188
2Cs4h,0.5740950274516456,-3.682500027515496,6.030925893451932,65.9481167555111
a97Df,1.6143684897537047,-0.0645203110173743,-3.3767324846680755,25.93613505467662
AVx4l,-1.743727989259397,-0.6636036946688051,-3.0611428538077226,55.98727527285367
CYVu8,-1.528011217498264,-1.0129450856084146,4.095356637120403,85.81912657537111
rFWN3,-0.7165659245881733,-1.4464075432168662,5.929364770701816,123.958591622378
3ytWp,0.6967891684261346,0.6337474532639914,2.4469798333288844,26.798180871676063
IEDml,-2.4959861994603822,0.3654788450523198,8.777607255678188,108.8029539196805
tz90J,-1.0327875900252117,0.6679942090269319,2.1114279352528245,84.70414692678439
NGnMg,-2.1733607654628337,-2.3330861211773475,2.466454791382445,38.32526900588294
Pajpi,-1.4583412187531155,2.2704884717251312,-1.1124128022471975,91.7963196306982
CQbm9,0.2551479742103161,1.3599922056958735,6.223308388864801,113.42634952115634
E6vH0,-0.2544823213142616,3.8149658325373466,-0.4552798123262034,88.50716736337311
OtEYq,-0.0689180693914215,1.449767713509439,8.037310144086545,123.10689953812614
XJxjw,-1.412888810626484,0.0428873196327259,6.751413993169407,4.330746804426925
SBZ1y,1.957632287739072,-1.8475220772420624,-0.0701465777034046,48.9270162442845
EWC8Y,-2.063000125047084,2.161611283894059,1.3312142036125607,174.18231950306642
ajhxT,2.8051176109526748,2.2704059861528063,1.950216486883312,162.66098945427365
ifKpN,0.9047063856827114,-0.3970236482603026,-3.7363456003134536,19.53852376671881
XuHYf,1.0653326078450556,-0.7030860926086393,5.383670885028484,109.75949962999408
EL7SX,-1.7154278154107634,1.358115404104301,5.311659182440701,159.1360783328696
9wbti,-1.0028325675575462,0.1261446325484353,-0.0732598807261974,79.54398697989909
mUvje,-1.4125606627932814,1.6639613421240094,1.960720587945256,177.84015605239568
I7zLf,-0.1023148709605088,-0.8232851615897413,0.9335629412517152,29.925022931800346
IpfCN,-0.0556055173805425,-0.4266875320835611,-0.2831540293416594,133.19290058902834
BNjir,4.038778545270601,-0.2365011025781431,3.03495133676254,103.20873356065889
QRXx9,-1.4825014894311694,0.3567451388444175,1.2658370373903276,67.5715118409545
HSOqY,1.6650521430354668,-1.7795997995998172,8.612227529677256,139.30243731427393
sGt0e,-3.262162885709224,0.7936421432698544,0.6398897669689494,41.55462340475978
FQMmZ,-2.14371249166892,-0.6233828852418785,0.098756603116329,72.6590428557925
OkRCE,-2.7110526385572635,0.086348432042942,2.2913000321972734,161.32271995678448
JRZVN,2.0618731277486297,-1.6515783139053306,1.864655886036268,85.30685152140545
wzhkh,2.7669466461159,1.2689614185338425,0.8930032037871882,135.07127850170636
iLAgP,0.6644195914670374,3.7141839810487673,5.571705174873352,157.58973023206627
BOCES,-1.35403105248368,0.2645543982774807,0.174011084854025,24.405681817744828
EjZvQ,1.0358562108580287,1.0371304054397203,3.0722864653492383,127.73996022505078
LeWzl,-1.322400922743425,-2.7334614500128853,9.39821916808502,184.03596307684637
Ck8DJ,-1.2537961273246614,-1.3184294776957624,9.789229265649618,114.98634223638938
EezII,-0.5049244343971926,-0.8822526729950799,7.373497465603781,160.4009638034436
81k2i,-1.3341487322357228,-2.142669175140138,1.6245383723537388,97.57648158751988
iIWpR,-0.2627221200037876,2.7701403100270827,-1.1199406882671816,102.359643188077
ei9w3,0.0804610940996153,-2.167625399429869,7.354741480619674,58.44875681764152
uM3fx,-2.0086828537703734,-3.1280265846907125,-0.5426597838769838,64.86644273351047
pIBdk,-0.0093583685396674,-0.6933878018208618,3.369296164882264,80.59916342763938
o1n85,0.0114680522067287,-0.8114862881884682,8.088427302257518,111.72435986260125
xkD43,-2.131423088214428,1.1184221459486383,5.9156695794138825,95.19708491679944
8fADy,2.196174087751144,-0.29759165680189,5.914683143360088,101.55916881829371
L9Z3z,-0.7977330501197056,2.396457388101867,7.646766145476126,157.61708694975488
rOq70,-2.5405992197800185,-1.0193144220829191,-2.639761208076601,87.21915648655151
lJocT,-2.1876314831084707,-3.239665078380048,7.590221450708772,159.65869181737227
0TqCk,-2.5153867059373685,-2.792677796004314,4.316002312334721,88.2243022042964
JqX7G,1.0520748569179807,1.0868792473875155,0.0246530143541956,72.20329105943578
otHdr,-1.105146031587558,-3.5113445875493765,1.7039726935606336,129.7818730407943
haqH6,-0.1751845806366463,1.9222086455750031,5.296951827115581,86.3852400508817
3QHgw,-0.59193256067145,-0.0426676916402818,-5.465594750136456,14.81221357577726
WRM32,0.3145580738564654,0.8412190288424918,1.7590212460544845,124.27242948751103
XtRxM,-1.1587586215681762,2.1616353611524053,3.8387565237900816,66.32729888005501
a4JBc,-0.2562178472442101,0.3539134569558365,3.0109741814254423,34.3088360898393
mTK7i,1.968559856972744,-1.3630927986266392,6.727101556551768,164.15046958386284
AOpzT,0.6518166428529941,0.5154454556541892,2.692500674455803,100.2017241650976
cZH1L,1.524616504726425,1.8894701484189809,4.087897215202728,151.01097082258042
fidmb,-0.5033508162305129,-1.4065375008225751,6.687570012125156,135.16843399488897
kGdKa,2.652887690099364,-0.3771054376832515,3.544690620696368,187.5914680763676
L94ma,2.715401028560611,-0.9287581790750626,2.5130064663563303,147.8915154689396
bV5MR,-3.91780538992996,-2.0546235983825207,-4.053108975091673,52.020884468035575
Jhrc6,-2.7577225862210883,1.7313960640938408,1.1924365125925995,32.130921842405826
E3qkl,-1.8754917332637224,1.5890988328938518,0.7272073643085273,135.24612266309165
AFPd4,-0.1651623275153073,-2.224613920205824,0.4467055213656314,35.479543884915955
0CJaW,1.7113002631855485,0.2853266160619119,3.7762477009764153,134.1991579162289
xlMdP,-0.2235633068581489,-1.8419445336926568,-0.5374182850340538,36.830192385263466
bGolm,0.6439127036717719,-0.8276135595812003,4.055570823601515,135.670441715434
vKUfy,3.0347191718636988,-1.8773884258938007,7.294741768108105,183.41882525885308
97yLC,-2.5916317986741677,0.5972914885717613,0.7844531840934159,43.50129649963606
WBjZt,-0.9493548226218674,0.8550151914393006,0.3378527818385755,64.30630851659164
7NrJY,-1.1078013676566725,1.5971972762086564,3.6676035248286265,58.19385552366886
W9fmp,0.4213681907623193,-3.5912352279821413,4.935750990216796,77.50060319707573
2qTTD,0.1562433559491036,1.4030497375761437,4.294939457801315,69.14427188079975
bQNhI,-2.446938832243938,1.1435369433279254,0.5718787939940437,182.71491880042385
BNzNH,-0.2106527156049066,-1.9416364874176235,2.267395697248772,109.07146603362344
iHeel,2.1939721849675258,0.7216310130918724,4.487237521817699,70.38879493796252
qsSaD,-0.9450448292246904,-1.7317188175084182,4.877562290598057,108.28585754892244
B96oc,1.5736268512136329,-0.3829898485563897,3.0254957781305736,86.6733602783641
oLpwv,0.2704199161579013,-1.8235758574309315,3.7531810122294655,2.3075982025783115
mSsog,1.4067482408920422,-0.4273656194433344,1.8295822922051088,80.64795955569267
ES7PV,2.4096283089845163,0.185418203660315,8.442677595609512,157.34060008918226
FaCjM,1.7939278832136338,2.8365199046438607,-1.8558508299237035,60.7927342624223
mzAsE,-2.125257878234025,-0.6460613733421418,-1.1050567371996145,32.38445585092761
8FTxY,-1.318516048000132,0.2307575236663049,3.907322189450692,82.27604221740556
gexSK,-3.3041158150751704,-2.7804291456290477,9.50506533055109,141.3695346515859
ZUHYe,-3.680343817544109,-0.1358174435979577,4.8872144723855735,73.93180564227464
hb2P4,1.1405701338650365,0.3347729800609593,1.1452538438353166,36.52118342778776
tLZzy,0.3935657208312244,0.8942202260225239,4.727343100227678,86.63779237051287
ri3zX,-3.2648673017296668,2.6293009648119834,3.685999569043047,132.9166775509273
8nzK9,-1.8198371918873688,-2.0706232525809534,0.7524796333111028,133.1722343391519
wGDGi,0.2315427601709745,-0.113207649650066,-2.269823021048424,75.40675722643452
Hm3eB,-0.484725578107677,2.273583254168871,4.155130023822577,111.23274832584436
aCHhB,1.4460294060351817,1.4318104700641323,3.1351118917919063,77.46287880640405
aUB7j,5.144992760440677,-3.5803410668635087,2.8836875945308704,46.56735806500667
ctHMj,-1.6675102840156268,2.046174132505357,4.710600315794765,116.92361838658135
5hSqn,0.5224083998850119,-1.6299522189665292,-0.6027472675693313,62.89539065834374
c9ubD,0.2994832412185538,-1.5045439855640954,7.227835297856068,150.99984671526184
o72DF,1.801594963812076,-0.0327863621972448,4.446313093425252,111.51249829925224
AlBoQ,0.0402772345827491,-0.8196662220415262,3.2159624669268103,72.3154861892974
G24Tv,-1.0777496994086442,2.4623977330868394,3.3103781833624466,81.3053018679175
iHmWi,-2.4953046989964283,-0.5991267317820606,1.1024729001909086,124.98716835196072
fBCE1,2.480680864855481,-3.093135838411911,-2.29960343246926,94.39803309401024
V0zKj,-0.0511637584861503,-2.142946824994977,4.185674371346757,124.8182247258333
7n8Gr,-1.6409165653616138,0.8933008342217486,5.81087256043433,159.7314177202938
hrJ4e,1.6509919233352195,-1.7027092599779314,-2.3471044616820538,44.07904111477273
QdvEh,2.289246775293248,2.2702468813909467,7.054132493074003,166.43965131565758
BcmTw,-0.2073868921073434,-1.7976957258385888,5.618336116746384,144.10856756665694
vxIFL,1.7320013217468224,-1.136449541790221,-0.4158848215270581,131.74704216982914
KtxLK,1.1918262000756752,0.3553717696668036,2.335539444232132,84.23275861905167
LDgSv,0.2462613492089656,-1.45890637805297,-6.0611658627124765,27.43056480178928
l65OK,2.6628357829341707,3.582948730649712,-3.5954825147085763,47.4198542023109
skx6K,-3.6054603847567246,-1.660854219657775,4.1918251949335765,86.07190354937254
nZPW5,3.0456936405162884,-1.2862307037101874,0.2590218577896817,116.08352150064844
1MlVG,-1.8804502379646824,3.668674717783852,3.2548438656721466,111.75899693177917
971qP,-0.6689957249293003,-3.8110252735449017,-0.5490916319193915,76.48831585082796
pbgJF,4.9075361121688434,0.9923440381248492,-1.9540699451414565,71.10675508260165
QhpMY,2.224147290945578,-2.0003057620610707,-1.2094829900849926,54.136375084945534
zwcH9,0.3895727610013529,0.6377833449990492,0.6335377879538249,4.389750834349969
aENTl,-1.5706648743282032,0.7330375960040112,0.9501727749476608,100.68214812121398
lYK7l,2.2470715176254514,0.0747006819458054,0.4087066154624861,69.37846237650109
fYu0A,-1.5751223850254092,0.2513927038915624,4.447211074118747,121.9685358522987
0sAxe,-1.1712254328536829,2.140603056978355,0.9582987539579526,125.67773889625332
uMV1L,-1.227619043479499,-0.2846749297380585,-5.4889586661745575,13.09445970307929
xhuqM,1.2821687361153091,-0.9474621039874506,-3.32316628326822,31.75613893137144
ZGb43,-1.3406912694331925,1.2896463092967343,1.1185444695142288,54.6756517076444
aAIGX,1.611219551009049,0.7385012703297701,7.719903128264434,82.2278220442411
yamSI,-0.3904303553949425,-0.7821093352204769,2.3848398715518457,95.71175209728354
gVlT0,-1.3114502350168211,-0.0063008861404833,-0.9350761210906312,143.0900163770695
t7Kb3,-2.513764238228592,-0.983794664395264,3.0730808548435293,93.86371959420708
cnCCu,-0.5770467088263637,1.72634426451158,2.8081065073470133,136.32689388099112
kxiOn,-3.3501014467560832,-2.7196267608041254,0.3618143245496665,142.4012390620776
mjLvT,1.2881157817250746,1.1563607910075218,3.228569888050976,127.35323777099173
HyDRU,0.4726327933360168,-0.032874708807192,4.10934299256314,136.40764164649866
QPq5C,-0.2373981388848905,-2.5899903431552187,3.749849516586345,69.52630206997912
KfKeb,-1.0699246557167077,-0.3498415766360963,2.459361570689192,71.65869553140546
08pLU,-0.636522507627766,-1.538228207311726,4.0256987763327805,60.32852612990581
xxZKh,-3.9996010893343983,2.0147266890724915,5.758409056472356,177.29650771615036
9fkmp,-1.4719186074497896,-0.6246585017114906,-1.8811272715352672,6.613751928386733
RYiFs,1.138525433573507,0.0524648834527224,6.3164174722778,105.82762594354924
XlMAk,1.4780261292319328,-0.5795067549252177,0.8020630842611809,52.81361332676744
uhxF4,0.4680558725125011,2.64515562326573,4.437682862448553,155.54058767923712
fbLNP,0.5202108494280828,3.337864515050493,4.13177906061577,117.79514043422137
nekoC,-1.8639614225975183,2.317723157825033,2.132640402443025,64.64389345747253
VOsdf,3.216781994501741,-0.3109147000700175,-0.8727657432961906,109.95929109668792
WGe46,0.3237656201750972,4.121182344295823,3.9441361390289233,118.23945277023824
9uMlC,1.7005089850084496,1.9770197568774863,2.1173180226563897,100.1420120327526
100yf,-0.3289532111551533,2.027892612996341,3.980996222795352,28.903749695140263
nIviL,1.6966094238863192,-1.4769406610285645,3.0531404219054528,153.96255160123414
6o4yu,2.013241232399696,-0.5624722940730313,7.744293189058737,128.63023909732425
XPXN1,3.0130689723670403,-0.6622891114327822,-1.1994862108997408,68.9123640657399
CxWQU,-2.193158719950425,1.0875715703733753,0.6012874700792818,56.2974504585762
9T8te,2.631685369629213,-0.2037280637762053,0.630678528922219,113.53710901219232
DfXZu,3.8469064155252415,1.9544261897462547,5.1545801546832655,92.47145773241424
MABHI,2.0419315660375945,-0.9050926090593372,3.5813239656583984,36.964842033713055
6JGuH,1.568744344179687,-2.1264208556799487,4.065029252469492,96.52354102375014
Xm9PL,-0.1422740229733451,-0.9328275071884204,5.4021088820429295,47.82217691958229
w7ozN,0.0640914795835532,0.0562260703957681,-2.9349592038375563,160.6465293519967
poYZn,-0.7285817155136715,-0.2726562380143361,-3.3646464679375354,41.5336187426779
O4G1Q,0.8946664472275877,0.5970491557585071,6.7639036194077065,123.54060896086128
OU52V,1.381462920674544,0.1359472503508971,-2.5505587350312284,55.85139477730738
Ch51n,0.3805445312812189,-0.2437714081472998,-1.037388534585781,103.65617974829648
s5V9i,1.7323149503985007,-1.2496661795621935,0.3364968562698145,159.11032130782533
5Jbca,-0.6250783715128968,3.5984385290949987,0.4323039780648759,121.83473804070093
69D5t,-0.5901476722375455,-1.4907843779148648,2.991384836331246,141.63735376547737
Jdvb2,1.9021549710695,-2.062176108286024,-3.251298790636091,55.48929740005656
kS3En,2.9414109168227167,-0.6169770066196694,3.970431314955335,169.50451283940987
g1J6z,-1.1037470713069224,0.8187939228738467,8.215452212571645,133.58118814859554
w27Ns,4.1085986574585975,-0.1682927176818582,-0.715857836822598,63.14747043518968
u0O8o,0.6780459774214843,-1.6688353697856382,-1.1281991542757124,0.989974908400234
EEfiG,2.223188631670763,1.8816755812032928,0.3630019616726988,67.49728728451335
XCCPB,-0.511448888931275,0.4568149149356788,4.125711175503724,53.155882996361136
Rh3H8,-4.131890049156438,0.2248222583627516,6.114612307222009,157.16337762564666
IyRj6,-0.6486500073224816,1.1925859614770005,0.176745113878285,32.25332534341802
FvLsB,2.166788786972689,-0.9595981008093356,3.753507986935481,124.83732020488236
ltZpH,2.71859995396934,0.4876760820348632,0.5925450896318354,70.88922254832744
BTw4m,1.9962903476481688,1.5169942943373378,3.5774802793640665,93.24890837098606
9aTva,3.8866980612816113,0.4804044761984836,2.0234600477118776,116.77375280912744
hqGuw,-0.3378459379502279,-1.13206532437908,1.4530070547334284,80.00359783840689
MuL07,-1.857560845066238,-0.5815948940218436,6.40624236370858,89.43746252186062
iwS3M,1.101706030286316,-1.6851117879290376,-1.97146869238884,29.74092463599389
If9aD,-1.689657924858256,1.4580142487375047,-0.569146537357238,72.761915115456
EX7i7,-0.0202986757810987,1.5186960718849922,2.938821802591056,97.19037059698172
0RaNs,-1.0653630748146927,1.4504062186599886,3.279810664597063,72.14106165805222
l5TOr,1.9909428005229783,-1.0713322486565986,2.214421089957249,119.25220612787666
0zBr2,1.2794361479620984,-0.0518104117461707,-4.841967969913648,64.9544693283749
8cgSM,-1.3669111908763467,-0.2521881043534917,5.067259588416643,118.94767113838512
SN6HA,-1.5015241138340314,0.7003604758616572,0.3679859051671689,27.97703953907296
GjsGZ,0.5256935141078785,1.4326801415282548,1.7029926855154431,59.10046356277977
s8Y2Q,2.676600987910899,-1.337514655189675,0.4579296324519577,116.87665539157146
252tu,3.3143194980932904,0.3716713630568289,-1.930204545797532,118.11401608480767
Lq3zR,1.96917289583953,1.7923026601346357,2.2351131622397045,51.97516272733607
cnkgE,-4.077147349420032,2.1365029166994938,-0.3450819902049264,63.211760193129926
xMduR,-1.2391507438770697,1.235911189485873,6.0336533201076445,128.97515941856847
qUcUR,-0.1167892088669715,2.109792480800014,3.455350323537293,82.23851616385228
nFgG2,2.1338634613141703,0.336574158212036,3.621350115621501,186.1985496339439
tczrQ,-0.3209151476066306,-0.9799597022996824,-1.8310301245802136,42.30402181223558
j5qDE,-1.0785404238015504,1.0242861724324457,2.0727354423785243,106.27689428596328
3Tabt,1.118061916908269,-2.5284069561345888,6.613541659883027,93.11761502100777
qUuR6,-2.721537243572545,-0.4751944652539776,3.7427269323646,88.09091863984743
N9gCc,-3.2220276926379623,2.2838458148455,-2.4166965813057883,30.000690740993782
KtHpO,-1.428780196475998,-0.5933977689639293,2.697702709208748,2.9431994524928498
jlcpy,0.6350450127624844,1.022868735333366,5.926267756922419,86.44641748525805
11H2T,-0.3775491441774483,-0.5189437891523652,2.9473375103634547,129.67152636438766
VVqST,0.7707014902659566,3.3807503179811853,-3.560147685029264,74.09720567809866
qlSZy,-1.0563502241205818,-0.0664587685376556,1.894722784030884,48.56731698407575
SyDIs,-2.8601975407716567,0.4856470516280558,0.108690366963218,84.27706581903902
Acpcv,1.2883962001361748,-1.691127316919698,2.0023066151931337,65.64660240909747
DK2KD,-1.139563695892696,0.4423242811909744,4.807932212609132,65.68970689816817
wVKL2,-1.2114506536053589,-2.589697003383548,2.999962345397853,116.06337668318918
GEDdA,-2.7015220369677184,0.1159053207166226,7.811167488062358,172.65957756178517
tgHj9,-1.1314996291551884,-1.7410761459689692,2.7998073820056413,58.14806408022734
ikc4z,-1.8905747874749976,0.2641618614261629,-1.1637559250279312,46.733996093769946
db0wf,-1.996381937592448,0.3126459745547063,6.112914331462405,127.15539378505584
e7Piw,1.9413483845301769,-2.8352544252773053,-0.1339161299832179,60.28300535414783
wPdHp,2.6383799364646454,-1.980192478837623,3.347453345602344,71.94357011608027
iLKop,0.432858658398306,2.898877846812844,2.144918940219009,145.71197219485742
prSMG,-0.3626550104246158,-2.8180010332378904,4.611070865670411,172.7710622141892
P8KIo,0.5910456021832826,-0.690914936979458,1.0058625937262329,150.9657433946336
cEipY,-1.6162603054395392,0.1856925638409718,-1.4807113948979873,18.036806852505432
TpKfD,-5.642579306143496,-0.3974459221980369,5.052228464145164,97.8040115699232
EiPHz,1.081297515923073,-0.5378509026150321,-0.4066391705652621,38.61337417666103
bSGyV,-1.828848802335923,3.995858138577682,0.7383617654833237,116.55448114679427
8lQI7,0.5856280056578468,0.9892827272152044,4.151339279335695,80.24096599768463
CyEsb,-1.976459457071512,-2.8579429518623827,4.210292252128541,76.86775522586208
9PH5w,-2.0737153548699303,-2.5680857415684857,-7.560649238166696,51.46187365955603
JP5LZ,-1.4828134610758836,3.1692998062081967,5.333376611651525,158.95180336778031
IzjBa,1.0820837796415517,-0.5542820932227425,2.8635032642638363,0.8461633965362925
CdpKc,-0.0999024790788289,-3.528491884042079,3.705490878126296,142.15538172652353
jGebP,-0.0012636997485978,1.6790984759438852,5.6273963208076845,44.65815767600756
ZnRrG,0.7824088067570483,-1.9374758776273835,-2.8665368908886677,54.59393356266693
DWMR9,-2.9794765211647327,-1.1180866409502763,7.421344352980213,163.7123980293786
azBNV,0.9689124407723612,-0.7156678178248377,2.128532920321608,63.42209431083761
mYmVc,-3.181554776998958,-0.8575209924863979,1.9331909182845937,161.32316536085136
anZeH,0.6813153705064269,-0.7498289946328449,1.6261624326188626,9.571683806454905
Pprvi,1.3498910095846954,1.314685876152971,4.7201570933004255,136.02482146818144
yokrs,1.176258442239472,1.8295611573584365,1.8516051622980425,35.57030223410933
zRECM,-2.191670451918226,0.156734491184968,-2.8800721783205088,69.27508857050609
ZEjiU,-0.8784844362044384,1.456842778726687,8.079056472019568,120.21237061661574
yvOtT,-0.8824714297768813,3.53836818199624,8.094771666675463,158.45818016788402
yS7BX,0.8680043437331378,-2.178947474968673,0.340507472394269,87.44659659063451
yBIRn,1.0560272648210387,-0.6878718709434225,0.1358294889410305,108.6507081874414
ONlGj,-1.7296303695947213,1.3520542714862558,5.8886800771699,114.01862902832151
TnW6M,-2.5014025028831246,-2.317776104636632,-1.5399684140233942,63.35908752314104
AgL0u,2.0285728656790845,-1.1213968603666982,-0.8385717756518649,112.9914438035802
bQ8NT,0.878469195875774,-1.1711086775299642,0.1830152883095315,91.0611660264086
662GF,-0.803249604991792,-2.4009175639007645,4.362125127055953,158.78301261915257
sOqMM,-2.485708240493067,-0.5325386015985216,0.4563084648451592,164.47793187376783
GZSHw,2.0798744649688663,0.6046407455622954,2.590254935952024,49.81664531836351
MUtd5,2.372819609683916,-1.9469229007020408,-4.013595363088179,40.823773416923686
4iFhB,0.1381854423830952,-2.9647101251267625,1.9190642201127937,38.12243663323652
KFSNm,0.7424127512535282,2.779740698760575,6.069379386221312,135.3880366721014
p9QYn,1.8334985536038435,-0.8618095846577383,-1.9110230917671815,27.4820001359518
tJv9j,-0.7486524851982167,-1.084393829763491,0.0681463794198442,45.53388428645776
fWUPM,-2.8035374785661635,-1.003661596502451,3.369073756479111,174.19681435974098
uBrz9,0.7700220454441049,-0.2770684295263425,0.6873019863734424,50.19674691848193
48ESx,-0.3962028546600639,1.0503565878064145,9.63086013759775,139.35069736715042
Ex6EO,0.0297557703231127,1.5241686649742137,1.5517676045542863,80.02463946207392
5HwEG,0.1509831821527504,-0.0990585416818851,2.850048605669761,55.10108245633782
fEp3f,0.4549345690607034,-0.6902298219599877,-1.4054643747385267,115.95052787862446
xHMDw,-2.9443870941220154,-1.3445243097698591,8.647965764476604,154.69736455746852
vmpk1,1.5926643376566196,0.6671532239965833,2.7194825483923943,115.90328948870405
cUetk,0.4200133930290743,-1.7481885078859327,1.6194778230551186,97.05240568008855
SbnMB,2.257659869529866,0.2506431786778324,0.4734477961725183,94.57342595164894
fdPr1,-0.9224481661764968,0.9853160005256312,-0.2966933582111935,92.65772137649944
lw4Cw,-0.9503393826114148,-0.0300123781574192,8.25074869630942,83.9549364249359
8YTVd,3.932134657728649,-1.825759990045628,10.784377631781457,127.37694397214192
czhGf,-3.4763632147328773,0.1920145007491144,2.1997878762483056,143.7875642806737
uSQxU,0.6139489248656033,-1.6608143114972236,5.966004744269662,90.9465815517534
z8xr9,-0.9907347881171592,-0.5532359479681912,-2.35442523556497,38.49608617822973
EoODP,0.3620347770830986,-0.5573989823243032,-2.9453715249206622,47.892626968525455
T51hJ,1.8733061164484128,1.7525555377562492,3.770216542821056,78.2536361049477
1Irl0,-0.461087396439333,-0.9928279898697018,3.6166011125038735,106.1030227429182
vfBwG,0.5683902974434369,0.4094537237921492,-1.1664126979903275,29.14673053929848
OLAY3,-0.0682175837687644,1.394315350500971,0.9048473116833952,100.91116742278778
bA0rB,0.8208100115062169,-0.4166830994107545,5.015073530312696,80.94448291919487
2PDk9,-1.337742303864504,-2.6910119184964687,1.8644245841749685,62.55428816260429
ZDrLx,0.3038764307304312,-1.0179302574219573,8.80225264703802,108.38794174888768
hkZRe,-0.8060499819054564,-1.88403327999902,1.151874374503029,125.13462329608224
9uBHA,-2.78010905790264,1.3123400003041004,3.0385986515575123,112.27966227902655
4CDn9,-1.472535771796422,1.8208588824104663,2.660649879109625,125.2872073902174
jlsay,-1.80538582524932,0.3235633534531925,3.1831199044409773,112.5694720857185
e56GI,0.4746593934806477,-1.6253066838260108,5.077981769592166,131.11471527947342
4FeeB,0.0781316160920974,-1.9542015612944947,2.198396872505646,88.0971482138997
usXcw,1.7138913394071174,1.5836625209818294,5.759367605054983,130.94586190313294
DNKWQ,0.1115737318939144,0.02705511029032,-1.4200501602183169,55.93603943616654
9AszT,1.4818491125292768,0.2828805349183608,-1.3867178478219122,82.36172059563975
vlMSU,-0.634183275236634,-1.4271632720584804,-0.2689732085634375,33.41664823444448
iwyoM,3.902990165461589,-1.803509353785265,4.346387070213895,133.7249804452582
LsV5b,1.7488716434348792,3.028655220590341,1.4675342811208996,128.11820178330623
hltXk,0.8570643365018175,-1.5160235921109972,0.8803870353025833,84.2512283653541
eYY0u,1.8646827152350989,-1.2901678037177298,0.6606675086245504,91.65614400831628
bsJRv,-0.8420733001713309,-1.861873076836704,6.157509671998258,162.3057092654322
BzdNF,-1.2580929054877734,1.1693306063673183,2.286789467788882,49.488333366041886
ngnQ1,-0.1191102628744601,-0.6689193147590791,4.207090485249663,129.858647492174
qtsP0,-1.0411639765274083,2.464955619138369,5.0351404351089855,87.36231241191787
MKXwI,-0.9903015932527384,-2.3884803166409405,5.196394459341502,112.9255526375486
A7ENW,1.3572383425417194,2.064627964311431,7.694555808703559,127.38095448215614
LFwA2,2.442372949711076,-0.6436642621627505,5.246992111958474,130.6482210225662
ligFN,-1.893325962319272,-2.0580435767237346,2.964807321353904,161.84281358517558
Nm5OD,1.8427509230289487,1.386005202335291,0.222905880984757,126.94570866375383
nHJ0I,-1.6815710052884405,1.446433060110316,4.217463884981686,107.2083797020178
BMFV9,0.0915193390978532,-0.1514331858665349,5.167997573381643,124.45109813087169
8ldoK,-1.4418465466092525,0.8353793328451393,7.374609254706979,60.48096178113404
6hYdo,1.902806526078068,-1.2977649068443493,-3.7557883000658814,62.60198088524363
EGIVs,4.424279879610882,-0.8689907963136027,3.980981599532382,187.3462342759295
aH07O,3.60174971266942,-1.2749304666662855,1.591666592791719,106.82418806070343
MNA3x,1.1430271503033078,0.8714394196566357,5.716435945878271,48.21033803387871
dm9TJ,-0.210563628973683,0.3049051784107286,-1.7178418851077248,16.63210761250722
RMc0b,2.8766093399876747,-1.6559063820103614,7.645341296921708,155.7605635256184
gu581,-1.011627339032822,-1.357040208726004,-0.3577897243435753,88.43226284397136
Bd87D,-0.2578827600654238,1.2816265907303612,1.5414586310393208,91.01100402068955
BHkAw,2.3382937171436597,-1.8838391317146737,-0.5149512426167147,86.31212231433692
iJzSh,-2.8337114426609187,2.4232053132693485,3.968658164836835,147.63354904594058
gvkgi,3.5287500676145243,-2.9550636006713087,6.732050341337607,114.61305490817088
ekcI0,-0.0059945781327609,-0.1401485338989296,-0.5726855088570311,75.8735275264138
dyGu2,-2.781224576533184,-0.8213132965859079,5.455716911124483,157.20546463885972
hkCIl,-0.3410487495903031,-2.3501931628713164,0.9258450832775555,107.52081978728116
qCmSE,-1.8645197472003123,4.522697201113502,-1.9954590747999368,72.65465844584074
YEkxh,1.3140700221487658,0.9888042084906892,9.577543075221154,129.5864611960254
VTn5B,-0.8892109102765763,-1.976723760374924,10.432606841069743,127.04042913713948
4qlBm,0.7214568192351374,-1.6529502281617252,5.315127973654064,150.3038092388638
V6PJN,-0.4012882555132837,-1.2039802016939931,3.8705946250031342,151.54981235564162
pdlrm,-0.3331382031683731,-1.064594910584732,1.7765167091613223,30.649383286797104
ZrL8M,1.0585399445545256,-1.416259974259212,3.8230107324518663,30.7261494634527
axkti,-0.7145281147224931,-0.5118913189357488,-1.2233549233078589,28.13075948533334
LlI4u,-3.185569651503936,3.4243685453843944,7.229682936371602,151.94270508505917
6twvg,0.0564165839344315,3.0185083342373056,4.898833315317475,58.336581217211545
VlyHw,-2.3147891719961766,-0.5606795257237142,5.164957771967867,35.86142041632152
tH4c9,1.1567475048179732,-0.4981452574336711,4.605985557495414,104.23121898183
Okylj,-2.689265607913348,0.78437344521142,0.9750262029960576,138.91974825537045
aXyTW,-2.048563988030516,-0.3464380019099969,4.616588947838752,93.43036270337744
JyhuD,0.6874990846865477,2.133045694123945,4.751825048817193,63.27251278667616
UyKMC,0.3076550962476128,-1.783937989401832,3.1062143571836627,150.72020463857476
7THIJ,2.4591428165536406,-1.3916557336847664,0.5415169080411164,79.60457011492721
VatCp,-0.8964464685510869,1.939871804737421,3.5914235464454745,74.74947008441207
Nk92q,-1.433915180723546,-1.573322118840366,-1.1098711904930112,68.76283655576272
Z4b7t,-1.9583388913397293,1.1636516141283526,6.1439245182875935,185.9237802404457
VxN6X,1.8561479301743573,-2.4842289884926267,-0.9550228803126686,86.86732412842555
gRQ3x,-0.3624052815967817,-0.5017943800153035,-2.06144450497274,39.16832248678935
NM0vy,0.7410111824229022,1.8650210107609213,4.656464986021441,122.41125556987764
7JLGL,-0.3101467220285444,-0.9069447155661796,-2.4945303316729333,83.60459834742102
ZJMyP,-0.0319364560899185,1.088182248014976,3.2591839997148218,49.53556181504729
mfZQM,2.1362063201535446,1.5133662071978364,4.747891979600789,165.2540011560895
3j95D,0.6901938816280013,0.0749097130610809,9.047827990339677,100.55823106600576
7XXqM,0.0457824511220199,-0.0395768325714994,-2.260892852711589,10.710518641111715
J2JmR,-0.5790906616353649,0.2655132073464472,6.313538845231857,134.23613640667065
3VIl2,1.5522678105384773,-2.99160275559336,2.180872908283924,114.35670200233778
CotrD,-0.4076710595382449,0.5909986359187939,-0.2940360268890467,25.23208665479101
8g5Hl,2.77330015885375,-1.2207901778351111,4.764881213476935,138.3559658349226
St4Z1,-0.3598870226245631,-1.282731652745303,1.5067584094980937,119.9952238836862
2Ko8N,0.2825240335834525,-0.4754169016171904,7.925573826304056,133.993114889365
yZ5pf,1.026374254663492,-0.7128479439848526,8.11078827399475,102.98767408374458
jaH3N,-0.3926634165671968,-1.509855110675712,-1.446620178997147,56.66254409786514
yjm5D,2.1551560894440973,-1.2443835518144553,3.899161085755794,112.9988919775699
N0GAb,1.9356746544597263,1.1221595006431482,3.9621250979524056,46.406681540916736
rCDwk,-0.5598268931057704,0.3477655221929367,-2.251948874581279,63.13869256842561
y5jP5,-0.5772262162694926,0.9493603778370692,-0.2884256272684844,74.97347416689112
YyRPz,1.4596861546276565,2.5649449459742333,0.1876082656795596,112.965717386976
bn5nr,0.797073313703263,-1.274945190571972,-1.5457902829763266,15.006982704756014
a6aEd,-0.42230875344608,-0.4994020539152205,5.284041146633896,108.50633946678134
mK2yv,-0.2412967369186642,-1.6415057436778409,6.556485415125677,81.33412661605533
wMyqI,3.0220219948339437,0.0993475460240336,5.813990530049052,81.4154676583962
s6lA7,-1.4858571931129272,2.112392442619567,-2.8584449782818906,93.42788854979923
cQNaV,-2.5810618556771865,-1.124560770043738,4.264413292212371,160.02211094000722
uNV5c,0.7721081604894952,-2.394632689557813,4.1231170113657605,136.69162358632306
ykFyU,-3.259490105206078,-0.4535280559493961,4.923021504215293,160.78772268210923
DmVZs,2.2639824988257,1.5728458290581708,-2.4014917451062106,37.75105252308351
bJk0N,-2.772497928414928,1.4981178447857513,3.8643345946493737,168.51619156268342
hNzrp,1.920442615144692,-0.6938102053596847,-5.450283395309564,96.66616881564028
lVJRU,-0.324744217690752,1.3398492524932857,0.45327759023694,49.09669514503411
O5Psr,1.4102991303408297,-1.9441288110478627,2.9522512574923985,102.06028335926614
WVPVH,1.214616607926562,-2.667339243882185,3.148552631636517,78.10452600913028
Nur9k,-0.9339170778989722,0.3656520259047054,4.317112795637085,36.71531947663137
nNrdP,-2.09281280201514,2.031872781127337,5.100124394395016,46.981279173558576
RExVH,0.976456332297294,0.4210940660852472,3.0025669063787417,70.17208705741788
2c8si,-4.471979765607276,-2.2002962579424934,1.7159076377877724,108.4214733408672
0DjTE,0.3062049756602199,-0.3405857574849228,4.484895799671547,160.4434193104818
E3WHi,1.7137842498232292,1.7882165860223862,2.9320016136989016,61.60814524390521
VSgv7,1.0841662389096776,-0.7976251622972023,-0.0556092470271942,75.2581986042423
rs19Q,-1.5231605285547445,-2.007287415818485,5.703560762115376,152.64246540245762
4j7ot,-0.2520059379241504,-1.812265934521408,3.712814239551175,3.977172419229714
CWnRq,-0.0665063331449016,0.974283526689732,-1.6793596612438029,12.269014903475924
ReG9I,-2.9949439110130687,1.8796659147859576,3.2227138248985003,166.7882492564535
GhtfF,0.6208986397501859,0.4589253816090748,6.347159630635568,100.12275475643447
4FUag,3.765312187110704,-3.016409657100934,-2.6694942467672487,132.17723615431646
lpZh2,-1.6217317097009598,-1.9151466379136883,-0.2600854318668746,53.10230223723414
mhhR3,-1.7690080748849142,-0.8785450589556216,3.26772285718374,21.16503463579581
FQLDD,-0.8485097549332147,-0.9468805741324876,2.1797868501024418,72.80030776996908
d2lhr,2.1257220762729587,-3.3187951687684496,2.2003585710671967,96.13893150124154
i8C7n,-1.0367797890035038,0.9391446895603608,0.8747320023103766,73.61478072386805
pYpQ4,1.594916511927695,2.8322442815317634,2.535485723116412,138.46914317167688
NLsBL,1.9192029969536843,0.21220152263101,-1.1630601881896774,3.4621595821428737
HNksT,-1.4712948624487512,0.1716390350178495,3.3055637465089847,91.54832791492922
zYa0f,0.2368459273243536,0.1602950869403112,-3.3936576030795003,36.48436923436934
9DNUV,0.9501953225694004,0.5456743778327444,9.438056715487,129.86139962859193
myq2g,0.6286591414874068,-2.1200490106171657,5.362437458165776,166.79913238898922
r9Y50,0.4436139136925572,0.203701469786697,-3.93810205019974,41.66537220078861
42Qp9,1.32071823530559,1.2859997201205118,8.082200479622562,6.41861122877572
ZYJeT,0.7809146677965927,-0.4741377983721792,4.523028523093968,72.31759107254567
nX0e1,1.3010752136487136,-0.531840465963108,-2.5322167900460792,25.52242358250384
VZP1X,-2.223501839412713,1.4500528747538002,1.220529023821856,93.67097510984594
OFwsS,0.0349339090819127,2.1026439377686863,-0.3014708266355548,134.5962076643678
zKryg,-1.5924621448851637,1.5292791544722006,3.374684304653444,157.8801600607431
Q3pMm,-1.8994100902739108,-0.8931693115684419,2.423613703131325,127.18621876985358
J0wHJ,-2.012947736700731,0.1450541377568035,-0.1400624696077725,77.6633959936462
aCt4W,1.479184899379434,-0.0058348856681832,-1.037605058011324,117.782380268896
w2BrY,1.8423467234829207,1.0693194814839544,-0.2627681759509093,135.5517935017173
27PCF,-0.5313071683574463,-0.6657561775247911,4.213664200077483,54.24251346262267
1ZF9Q,0.752235432997458,0.8551084281683419,3.183090956536737,128.4008892358652
MIx1d,1.6782151720601064,2.122711721702009,-0.7380965559320534,42.38672151785195
hmOqZ,1.2434275607336165,-0.4146347432143422,6.532088362826557,81.22649259565678
9LYxt,-1.0419102500769446,-0.6843521241842113,2.3798004182878767,52.70007598972582
BC1ZR,1.0355878449963625,0.4885705125763147,5.486555093936416,8.442395031792122
YKr3f,-0.156219576573684,0.2244435693263102,3.9502943764051848,124.6264882032716
c3t1f,3.363551290889467,0.211770614726935,6.525899835763923,59.26526421971362
d4cGE,-0.444423485397216,1.4757561070129586,7.611111074005076,150.33904482295526
wcu0z,3.3823561892609013,0.9147689528675952,-0.8318401532485971,60.20157717328954
NxmFh,0.2003462822399349,-0.3359915266310129,0.8457493686359303,73.12333822177631
iuhUT,0.6196899794258656,0.9054243882333228,-5.2965651612515945,47.99256888698008
n8nHr,0.6849428571904187,3.0687887149341906,3.0303284813654865,129.11800704400758
uYhSJ,-0.4207153698082909,0.7584533071371122,2.8935046057099583,106.9501710328208
jTMrP,3.44946504888428,-1.899578304062576,0.7078415848023147,60.54283532730579
NlM1z,0.3081981458446472,-0.3923815548033431,-2.944804497522393,60.80907328358232
XYqWU,2.2555013875545957,-0.2104592488485596,2.588351552737098,89.0527077439538
3Y00U,-1.56958988977549,-0.8039349536565225,-0.2761734229646073,125.95818296496503
uSVMv,2.307430651891852,-1.141930931090275,3.750847514535733,82.64223217469576
XHfMq,1.7580562379335771,-0.2517310239672222,4.790376334623651,127.72745603884002
yKyrn,1.7382591909172782,0.8617364445945278,-1.6671426017596067,38.78241478538409
TKiLq,0.1174551895860709,-0.8974416279000569,1.8680211147782104,97.42413336317766
SKc8a,-3.946779872120687,-1.9268042327212207,10.975049172507385,112.01368888435654
kuXGd,-1.7276747251157425,-0.4800349376615946,-5.455329922316062,1.11009855264615
xZC6L,1.8671673093371792,1.1123361337568545,1.4678365791417285,79.63295030800695
re5Dd,1.311546172241479,-1.002464512400444,-1.7682685107870049,73.8101793554518
9BkeK,-0.6998783058751563,0.9785843850163976,-1.3657217701294415,16.7029006396963
2YwFY,0.4003576722083586,-0.9611167854005408,4.984798906709079,112.7184188174876
LeVMu,-1.0048967150100208,-0.362457489227868,2.3835658445097203,88.74604503809249
rSAr1,1.1462421962696123,-1.4551468569531398,2.666593332414477,98.1954125470208
gmmU6,0.7497066057773815,-0.5189323683104112,3.383356916067239,75.6710541506532
EKs5b,0.1513891835654208,-1.6425852399748455,1.6465668871133918,3.1727203003869846
DucZB,0.1618661330609488,3.0093441117440927,-1.9375055968691104,79.48169235942989
sJ1RX,1.1386664922078489,2.922820193877821,1.239503482800281,65.6193596571043
tsSX8,1.5410598160842808,-0.1661271448316702,5.242528316579246,51.72022081439439
jzfWQ,2.566609749700424,-1.6554292680953986,4.879758476363445,155.79331995919028
MEFVi,-1.1128096815125976,1.2973974353005813,4.807268699081641,54.35516349832103
Xo6OJ,-1.5910455694102406,-3.658029516363899,1.4711609960976029,31.55693007710265
HEEoS,-1.5347735353662133,-0.991977089185342,2.5791406734658167,61.87523389478448
601dh,2.055618141595932,0.0054283365268845,-1.2649378336454842,119.59727212651312
5B6Ga,-1.3824213058557455,2.4994362403330723,1.7462407232681123,92.7011126326289
Pg5PZ,4.425276544504327,-1.5899080787525208,2.395353516952244,87.83766302258906
KhFH3,-0.8749797108946002,-4.542745121936202,1.1458003347396972,107.42592316393448
Ria1p,0.9067677838521772,-0.2811060671403039,-1.1600293400909671,61.63883387011886
2rIEc,1.305889495798015,-0.1932231085673147,4.73093534472382,40.41220979779701
hgOKg,-2.209546953925104,0.4584857254079666,2.746408590119424,168.87334202117546
yQwwa,-0.1212979121349134,0.5408642397875371,5.380093138681212,111.71411848002984
OSGtX,0.3074927854561108,0.8758627055240935,2.149926558519072,100.44878522076974
xkDgc,-1.6103793258273031,-0.8873736975150367,1.002547582659869,115.3193698996062
pQkRa,1.3277079975548245,-5.06594893321216,-1.4329258403901726,107.14523340563152
ZNJcS,0.9835818001719148,1.3228908965923036,1.8184083817961465,147.47350537435625
sJH4U,-4.683635529420148,2.7538470786843563,2.8426547992580624,35.00381148307362
sxDtX,-0.932972114411754,-1.3107486439392733,3.59846706242004,105.9400308022986
T0yPq,-1.1548885871535814,0.4764037248609139,6.343464877179066,33.316143255716604
sFm54,-1.0004954600870688,4.844274178968477,-1.2017757365945931,125.2315788477366
V8i85,1.0017657324240563,0.3199567957569253,-1.7681669954113783,16.51962495297707
tEr3T,3.5307091059063653,1.5716350871757592,-1.8707231880317228,47.446407841857216
yzfA4,1.7121219319514336,-0.0216338852398562,-1.8546960130996752,3.8592668845938753
RAkOQ,2.9559174680519704,0.9577181733483924,2.4429979359656544,139.75148202273502
4wS8D,-1.0264445722687192,1.453416778394233,1.8598928281191984,24.1868007786167
lbhtF,-1.8946402950127328,-1.1073718038689082,6.317849083981928,169.23528156448634
w9kEb,-1.6794215680346665,0.9041702157103798,1.9547563547471605,113.64456063193012
EMGUn,1.1033734085012263,-0.934050983623182,3.7863970025261735,83.76519932966744
TWV5M,-1.376484147139723,0.983124490190318,10.15250335619517,76.16808670259769
RJAmf,-2.9959262623724032,1.6084067775340347,5.384592260983708,88.84523588286669
v3iQ5,-4.372564596756623,-1.4000771525532925,-1.7921622365222285,68.28571010544557
KJz6y,0.3191394832075427,0.8069678451246618,4.037849571958955,149.43023624610444
WgaTj,-1.948973795910628,0.6770231786832666,2.434163409787164,170.44518906047105
LYxCv,-2.9442735879898234,-1.637594814619045,-0.8527606537569046,158.16050597686208
Kwpc6,-0.1095995920319285,0.5687837077718442,4.19313728520543,52.35702454874698
Dox8T,1.693549490314627,0.7389159484787826,-1.6755706682028362,71.5404270704528
7JzdB,-0.3675724162690058,-0.7417053064168722,-0.2188565067827906,11.649897084813045
G5VNL,0.188888388061486,1.6076825464099551,0.4080667848115234,21.990572305388717
uH389,-0.1916778059482704,1.4324152567499715,3.184916423785753,88.40059963459204
xWuaL,-1.145172946548914,1.4462081284766777,2.55948777154303,87.86255616927403
HtgbY,1.2396593500564212,1.1812319732961272,1.6875553473988116,107.64887152338332
nPQGu,0.4218629659692531,0.8744029356336708,5.812829422569294,78.53597858111993
Rib11,0.0207589643278484,-0.2741304213847574,5.403190607896064,40.90149774813454
wL7De,2.200972777459015,-0.2629956101193812,3.0344690923367583,188.37092483959532
s6q5B,-0.2103904638854708,2.6879993995062166,2.791150129355928,31.20311428826577
Xsi90,0.8761164507679873,-0.7863437062482899,10.889850631940485,124.60484982542044
RY92L,-1.3832332489735486,-0.6991876363585829,3.399672557494497,114.30803727245036
Bx7lp,2.6473383209248817,4.396352835220217,5.990306657580455,103.47641465391412
Lf2Ee,2.5025094761499247,1.009442978357183,5.807052912465581,131.39174701052053
UZqFp,-0.2404348792651975,0.2382239887560604,-0.1232297298629061,56.619254709442814
a0iU6,2.4845368621185018,-1.4588871731952844,-0.0955174127224374,71.12406933285015
te8k3,-0.2367253483348917,-1.4950545713474674,8.389788728805442,92.13750197217765
tXykg,-0.4118360772964056,-1.4508174038895976,2.5071541653979725,119.3836395465951
kUAze,1.8862541860955977,-1.3523372778549705,1.6702627971075117,126.66791491577672
mmHuA,0.1423012474418948,1.4122212611880378,1.514139188956916,95.45544052687592
J8got,1.9560637614394751,0.1527000189521253,-0.0534380753864849,81.29358337927279
gXoYP,1.2526239828203651,1.818406670925821,8.911335911100295,161.21892238702318
9GeHW,1.3599351532575052,-2.3245317732498805,-0.1969360645654696,65.72278301688333
lxO0z,-2.4945509118218645,0.2624108880653728,5.3451116842215125,143.03214455988726
yRGPw,0.5062226391765927,-1.9181650416375493,-0.1527628740335362,133.63705999585707
fa0Gu,2.636790160925936,2.6350504127436327,-5.881834942805974,60.34084472225728
h48et,-1.4596737834457023,0.6703522112089477,1.2525191977657515,96.341035941345
5TgN2,-1.5130335236172214,0.572089630780251,-7.362530462590379,41.95087498817019
AJXdk,1.0991349966292685,2.3727395558234194,5.653151723924159,163.00430043307568
YkWal,1.0062484188975696,-1.7280723793298425,1.894795252856012,57.11478078007956
Wsh4F,0.7837355691385152,0.5988801903284557,5.949847404763178,33.24118364521997
frJJ1,1.2944632404978456,-0.2093559228325192,0.9715591403973036,91.28828567133404
DtR9u,-0.2012820302560848,-1.4320177957236084,3.335662362505192,71.90589055601102
2BzWI,2.704415817667788,1.638461642630087,-2.1661102069715,66.74517777671046
yoicH,2.7020272700883443,-0.2531896359235652,1.6940733664071137,76.10972205743354
kX5LY,0.0534901747324574,-0.2051213851225204,5.094175594177815,143.04696635932018
fIJjc,1.5934225605593282,1.87439255682781,7.558566279358809,162.4293229996243
ZCFmc,-0.5603128331356688,-2.030202855315088,-1.7931307611209917,66.92648107929699
nJ3mV,-0.2448513175304569,0.0855918345842428,4.885965114799807,86.70967618886145
MJuee,3.2924398386962883,1.9728851651826609,1.389650756973646,62.99265825507172
6BikX,-0.9303722517648634,1.2632443247451408,6.6806042450785785,106.5598556833069
lNtcc,-0.7633917472929598,0.6143877185186435,0.2692308668106323,40.42265794876357
wafaL,-1.4389216146180572,2.089831565659673,0.6404090920901689,70.42032311500527
bTqs1,-1.0207991967272805,-3.125311184317864,5.542198421362755,183.8004824882634
eYEPh,-1.2774080394477465,0.8311234234219892,-1.178515181264102,29.97690200231785
H38vS,0.6830029522567357,-0.9804555221921842,-1.651371684031644,27.62437220670576
DI2lb,1.1088960130168082,-0.5762324993899804,-2.4429997824855687,126.24886067357996
gDCdp,0.4552489452659771,-2.876271642542523,2.0384057140784133,131.1571081874036
md1N7,-1.6802415385569214,-5.351724600329186,4.268790732874411,177.22977243140943
jDHN2,-0.8148671481955074,1.5672962154393786,8.286451278877063,129.60765302106068
2k4Rk,2.827577613447259,0.4273720107897094,4.4009920619256455,114.63067715922104
MjoI8,0.5381030306868447,-2.754645906018584,-2.5885644074916088,37.39723611438274
8NleH,-1.172356112725402,0.4404405034555682,6.951503375495143,157.59917278498432
ULqsx,3.524725427181441,-0.3449770964920182,1.1213085061351808,90.97287255754703
MUAmB,2.166831318317868,1.5456863491799475,0.4381609284570578,100.21330167478584
igvBE,-1.3367408876602611,0.2859410753901959,3.4910890147208105,46.49958698223261
UkZGc,0.2663837555530815,0.3598704379380804,5.242708396695739,128.21431818732677
pWhdW,-3.7602469310698607,-0.2248378077917923,6.361744051417793,176.19777613887118
bNRgS,-2.2417483679819155,-1.5331767559799236,-4.1768027147148326,87.0986371003127
RueR3,-3.2991643601894416,1.254666518230043,2.901909038863789,64.5200352198469
lhDaq,-0.5049282280352219,-2.361183609214524,-0.0496561631810599,107.94148174103832
o6qrO,2.155679534900637,1.3840096902154713,2.484832971490747,121.45814048945256
DwlmJ,0.2494740642884954,0.2730302291902214,1.9995956800320067,57.022911566483394
QcDFd,-2.611922333389284,-0.2773843169124228,4.439570928935691,133.19847216881303
dwDWg,0.4131071755168002,-0.3388981643296569,5.4470362343304615,103.34790457798626
w49Ko,0.1375363790651096,-1.5965527338270709,9.37837625611105,74.36300349250948
BYb4b,0.5418008204727877,1.3394695952016509,4.610788799285774,132.01445102024766
ly3UH,1.5840313026267792,-1.9531730028243253,6.0962083625120345,110.2600699732002
6wQYQ,-1.5120286843989013,0.9019536184047432,4.939408982086143,135.90988195680902
gmjf0,0.1744400180800638,-1.1981967203859385,7.943365106368259,143.50142949371718
TSBpk,0.3508831771475387,0.8707570093889939,4.930204467015204,40.84554316119795
MkFnz,1.3725155704188483,-0.4649765844586866,4.134215664380013,51.8750524941488
7La0o,1.9077376593610151,-2.099336818288287,1.8060762470811744,54.60060956827907
Yju8Q,-0.0497235635070463,1.223542896086352,-1.5586822015586757,98.52143482094998
McRjX,1.554373006534156,1.3668054964622824,5.437248926189631,188.18879274081948
kIHG2,0.5191691644473971,0.1093283465949154,6.460139951905623,59.73079778781618
pRVU9,-2.0155878620609857,1.2941654634554651,2.631689366184547,167.0320439643787
Dm6UV,0.856433414076159,-0.3445007046166193,-2.4059910292102056,19.39792221736148
td5Mi,1.6799824005783393,2.248396298545643,-0.08666599727149,88.88517170070587
a6CPo,-0.7471960472247033,-3.996585373401752,-1.0575092748115402,73.92562990213459
X8pXb,1.6173218461239722,2.5976895409602,7.898013801827984,151.161518367225
snmSD,0.7262179202828741,-0.3830013301150905,1.3806720910082544,151.29805354320695
1Yli0,0.9363012946337662,3.104685501628273,4.710818442340761,106.1767636124248
2HwXq,-1.2371497963847602,-0.7447559110044668,0.2922930615302999,84.37006419083863
vzr7A,0.9116108328692544,5.404405426924611,5.838335511884448,102.98325650528916
ft00W,-2.794546917464602,0.7283081777182598,-0.5919916261724576,116.02160715014298
rn9xL,-1.2547644194051726,1.0162894886487863,-0.0442208218626705,32.03509200568791
4RuFO,-0.24776604347591,-0.4415427589946209,-3.3326059162378945,37.01653405805465
EJKnZ,-0.2971893889772122,-0.1070862738323209,-2.3443254930003032,79.24208751632598
Vv6Ae,0.3297258851018056,-2.58768024054506,4.971623585055188,168.3120721180464
9Mc56,-1.061897151510368,-2.1918681832256977,1.5882379185100342,74.92809105654374
lCX72,0.2406329014512837,0.4642662337593911,7.741176263078881,60.030846224895896
Kp7z4,-0.6006610704001059,0.5131941849965727,1.7607287635304376,30.546214239932496
PDpiJ,2.894973930399776,-1.9615241223588653,7.770216158199292,110.546562925703
bIqqS,-4.5067531817329884,-2.554330153452552,5.860606379932038,93.11380802893524
BjqYs,1.828683625878612,-1.833512833373143,2.422197798413789,186.68099914685567
Jh58x,0.1265580128621144,-0.7855463589296632,0.420176586864085,93.29131999339492
FDyiz,-0.5991581155428098,-0.7183842247883186,3.8288829264141406,78.63540544946692
dFnXl,0.5613715362641546,-2.2891504069379707,1.367693166461428,120.05172896752605
j1cM2,-1.034231767487496,0.8897750315423358,4.455381712031528,17.986081464892536
Nq9gd,-0.3418141160006961,0.1558488033422283,2.55588768330271,124.4352870845225
5KbNE,0.1308019268226336,1.3017186657241,3.427400438227062,130.1733098135869
exVnV,-1.5729629347811591,0.8217511382558277,3.221531361900684,39.18189516808661
nnYBD,0.8234011561943245,-1.4979659725395045,8.676338203811262,114.60907105711996
CTAfX,0.0209010569896881,-0.6105286547731688,4.721929085191949,59.87790820952171
2XmNC,1.3690975363617932,-3.2038490290339885,5.336968975677432,163.8256589555968
ualp6,4.2356701435193695,-0.7074178968697555,2.289240467364693,116.32545190649527
R3rb1,0.8941876893340841,1.0042604981618115,3.4343612789145315,51.42544196309575
XSrDw,1.3983687925092636,-0.9908825594831472,7.4605446441821455,54.351802564768136
NSyST,-3.479313683416632,2.399689422232882,1.2772258942894106,67.99688311437261
r1Xt9,-0.4947898675458579,-0.6574565542344012,-0.6395003792947054,51.738504238918594
N4rri,-2.159123705127243,-1.1245609091456747,6.916442929216022,69.96412571525178
EThiP,-0.5216638704648727,2.665776687628813,5.111729932581987,149.03069360003377
r78L9,2.2339736194784146,-1.5369937058486096,-0.507578358896926,152.82065756535223
ioz0H,0.9059006356668856,-1.1511573394968302,4.7639178157416575,52.13704785094493
hd8GL,0.6363158892084392,-2.326094340314925,4.604269061929485,103.48598823585873
m8cSr,2.55196721711486,-1.009741418224516,9.738127103479858,131.63318347600296
tgIQd,0.6366156429391302,-1.3996208576784963,3.035554975977082,63.539216440245575
eCIEQ,0.3760413793199405,-2.098923586698212,2.8861288762540083,160.9731726573083
KCpTX,-0.3293019060780864,-1.8201630479233624,0.4175662194408347,65.93473297476936
liTWz,-0.7740777557415393,0.9277656533522204,0.7132718131085564,36.64670871661689
VQtmR,-0.2745996293878772,-1.9761609826566209,-3.4903649323950248,17.535249156839182
t4ZTW,0.5461760512276878,-0.2475259826074489,-2.1735237559533367,86.63695057318031
DbRKo,1.1154184852127589,3.37862789430426,4.975332765905326,164.52236989054035
jG3c6,0.8249377960643959,4.748216562113918,6.162934656903796,137.9307398870846
BuMGa,-1.1643257019780435,2.62720363862568,3.6357456688384415,35.13929157774541
PJkmb,0.6945177957313275,0.0977677921597139,1.7347563317479484,47.67582082954048
JMJqS,-0.5476349054209317,-1.9352330864320937,4.2254725536954965,99.43167653886874
o8FP5,0.6069363052125077,0.0926057761146761,0.7549913961314372,13.528449240526284
xDK7k,1.5363449478956075,-0.9619925977393402,-2.3795105598203774,38.21569003331516
cKEQC,1.0580831055687274,2.40447865435656,14.251280213457534,159.67608246585306
p59sV,1.6019400763535487,0.6100637317191796,0.1694022101987139,55.27816865526094
oLYtp,-2.1001666097101426,-0.3178632955580361,2.391994198610306,129.24371804338512
Z5TrJ,-3.1348799556242484,-1.1280172112336186,-0.0401232195785149,47.81365572091447
vMHoI,2.3113853682352623,1.476807852556375,2.262610869221505,91.25321439012303
ng6K2,-1.6975659271629653,-0.1548977698104988,0.9967978804808926,53.93180954653918
lCYMi,-0.2093668323098622,1.5207512437991402,-0.9604698345567932,93.51477301077658
DFYRF,-0.7087149471033896,-0.4117945632539427,7.3518672575268225,142.94754870703895
V9YGm,-1.6499998659619317,-2.074123782085181,-3.4337869964946983,33.17003774014775
Ogx0g,1.4604333465346109,-2.1682869411589807,-1.5607033424241838,65.39407181902261
MABnv,-2.0496547234668365,-2.353581524392412,-0.0900968405263831,106.46721797231992
LKoQ1,0.1831105887937651,-1.126479788408056,3.905991277583141,14.361791473169957
dx3UM,3.6007347898926514,2.716046824893497,4.262176587621618,98.11744324554206
kf3aw,1.0112818500208791,-2.93159334067952,6.378363224895122,161.00054153675188
tIa00,-2.2459545103165115,1.8966489371653523,2.5570140055883286,185.04361853171133
UliGa,-2.051749953078942,0.8934462001310562,0.3595567508572061,78.4554051265335
hTHBb,-2.8910351962295207,-0.3109179403320965,2.8287774948165554,103.79250693999953
ZaUtq,1.3373198547656742,1.2597536341989557,3.529110260683645,108.59031399795028
hRcVl,-2.3879399187832826,-0.5020811585077513,3.2282170932698,101.45166378408264
r4I7P,-2.122160990718688,0.1357473108893754,3.6334599542182056,53.65400778821176
mFoil,1.1687172647735051,2.1832929868321287,4.302288606870274,120.2504045353478
sDpoQ,-0.5687364970990403,-3.0169228453028967,5.240141644800242,98.22000325537483
c59UJ,-3.679473893331157,0.8609133397793758,1.11671294147544,149.2924939992489
MLZar,1.6276478220694408,0.0423076305603799,-2.7045859411489506,35.35604292110903
xZrYm,-0.5541175611395703,0.0890377280532203,1.838564828635287,95.5336045554262
Gnt8U,-0.1638457217251384,-0.4148916225149296,3.307092096998161,126.38588807135504
FvuVG,-0.1711476937191082,-0.748408903713298,3.4494422496332264,80.13217845350154
ow6AU,-0.7762608277666779,-3.37122131756948,3.5409743140985417,70.36623878152905
Ss19f,1.8339526806311448,-3.909067931914709,2.2824737600982643,74.8886492420339
pc7fh,1.6107912213691846,3.693984079726613,4.292711714573588,148.98885816840544
Do3Zq,-1.0772673944926991,-0.8118896269065297,7.622979601418513,102.37519307549827
qsLSE,-1.6585333413930146,-1.9194301616791845,0.7494379661545976,154.8012235004493
ALAPm,-2.0680154203018013,-1.5413866345399894,9.501522960570206,162.2700353003818
FrQVD,-0.9262159668778662,0.0287236276585463,9.024497765010716,153.61639568339442
nOKl5,-2.825847583362437,-2.56270047060962,2.9153176465501334,65.35117945100592
uUw7M,0.7518120569825825,2.467805976980093,1.0647849653948365,65.42602336551825
FGyT0,-0.8712630212807874,0.2687050721168181,-0.5210079510850485,54.62751409044104
ZsriX,0.8155151327934212,-1.279685825783042,2.4028348054329243,109.9673243608262
duDGk,-0.4749630352482645,1.7868149237027648,4.857736276153745,132.7633512713461
2VNxU,3.8210481243690384,1.4424563017023966,6.7388636533238735,135.93204709841103
cqx1R,-4.5487390514811965,1.7257713023501418,5.578478193302269,158.7690924185815
XFNAP,1.6857795384862817,-0.5150029352274742,-2.634988495719391,27.603486134662468
G5u1r,-4.12617018404731,-0.136019738203136,-2.680950182950298,61.270178798826
l3a4G,-0.864048432846626,0.3955892525423781,9.774911650583196,97.47856207988131
gnVFM,0.1970254358967962,3.07623804965162,-0.8597155138516757,70.56350203273804
ldVOG,-2.0853651814681395,-0.8360017233146817,-6.603100084341401,65.63472433657934
EZxww,1.6302877396896829,1.7189834427624917,5.236686539288932,56.31842947358846
YrQwy,-0.0846749173557232,1.526313867286918,-1.0393852022611116,77.5161728699638
69oVz,0.8449751785923509,-0.8612821479810071,4.88512708194146,6.138872679783585
h3mgX,0.8449470064055937,-0.3731024231922154,2.2358264918875657,101.36715846653364
sohCx,1.4264618333019092,0.8490993432534769,4.789366643344216,28.55126795974197
VXqyt,-1.6870027983572125,-0.929285049828593,4.672838646847269,107.656417821939
vyB4h,0.586301262678884,1.293781847820904,4.099051003306832,82.15057564235795
WUbHM,4.429319257447713,3.651346072770712,0.6046429718768849,71.61769081936329
MEVyy,-2.580236983152125,3.4741116336874884,4.168303458223297,156.23770686495956
iQsLt,5.7538756662380575,-1.0686849325160783,-3.143810611226576,69.92809079350525
K7U15,1.7943710876861605,-0.8206783716415167,10.47542023494004,120.7914304603621
pW3mz,2.6735911493511875,0.0502283041115255,4.329996085991345,142.71910326426868
h9g1q,1.6090876210710408,3.2659756335147363,1.9407985426148169,107.53188821473304
gU8n6,3.687083879940493,-0.5535299569151925,1.7099278760700418,78.73343753913197
GyBH2,-0.3693634696533392,-3.6174959414465007,4.390918041938407,153.68028166788667
yYBZY,-0.6281090154167072,-0.8904827897071126,5.263573693752392,80.5633709551685
4oXtv,-0.0356452770192826,0.2472796978460378,-0.3521479564279675,149.68999823162704
0XB0W,3.099255698419643,1.2769720449119564,2.7855433003206813,67.39869819075375
9eQk3,-0.9343061644647466,0.6064475381111746,0.2887706775998353,16.436210373206055
qVt2E,2.146968067500157,-0.8182070700018145,1.6781936509139848,147.60311930429611
0fdIE,-0.7263322518252809,1.6867495538450012,3.924196232025469,129.64590677184583
4NO10,0.6542802478462286,0.0577669720613494,0.908250614142586,61.36255662932339
SoMsl,-0.8081857172425169,1.4298416130583504,2.4371852805122463,97.80475337181504
JD2FV,1.2986809834393978,-0.0008200747788668,-3.0330380883291665,5.501698911305837
GZYQL,0.5753976163851853,1.7616491128506655,2.901100764292288,25.53672708123654
PXgwR,-1.1787119166231113,-0.3959017853962825,0.7642111438884251,128.71056896050425
ENIlm,1.6106950433386515,-0.9170821143624278,4.581961907923343,128.18707129399397
2geAG,0.4603834372023965,2.8273103942132747,1.4087111152565155,77.50459651828655
9Ywdt,-0.4862728513048447,0.3078941456817791,2.322260401735249,89.1578907748
hjZsf,-1.6710408908420884,-0.8268497002581136,0.4881456669069744,135.5927002608162
PlFgu,-1.60484362908481,3.039936897005392,0.2998068299305847,78.3951591135581
wnYFq,3.046351299997154,3.1924604876827023,3.74172300345123,138.14548332023426
qxXcu,-0.4939670374208991,2.092015217262252,1.5628753513111324,93.23332058257732
K5KII,0.4539033998974406,-3.218004608516792,1.8080137079177128,100.89418530984356
ZcUnD,0.5823273338872563,-0.1194207220334896,2.526228305861083,13.260895342952436
RmZWE,1.783782072532624,-0.906454878136526,0.534030676335667,101.37372604921084
sVT7U,0.1024878377432253,2.171828190220777,1.7026284347569192,124.00880519101364
Q14fz,-1.1438139602510398,0.4438372278986786,1.6819763791580948,114.59952468843296
Ar3Vg,-0.9805506276186998,0.5196158608613922,4.702160419805934,99.4802580843124
87oUJ,1.5734325779593588,1.8064652408970605,0.2439566685052473,54.38763978442236
R7J66,1.4905036946562316,0.9286064758200462,4.632624473300111,78.01529405987691
tsiCd,-3.805666534847664,0.0992272906514453,-4.601468513212495,39.2515214072692
zTDSq,-0.5371212512928044,-1.363193097219257,2.8165822689433746,97.3826852011019
cFXcA,4.784885327031291,1.620332216157701,-0.127516019549161,41.84774087721308
W3zxX,-0.1492674348962964,1.0343021724741308,3.558707399891885,151.07653099848997
vzoEu,-2.444138911556251,1.4479568646661731,4.445501748023434,174.9551027658975
R8urF,1.8987482770191275,2.3062156667625597,5.597725738696809,102.91447324420945
0IZEe,2.9716058851231777,-2.451606517640476,0.2508071137196375,86.38750945960967
Rz6IT,2.0191687481365235,0.1094287697091014,7.673379275811299,98.00880975087784
f3bQF,-0.1271719932857907,-1.3116185056858556,0.0714688293042628,11.71440263602428
XBfuD,-1.3449959337811734,0.9502252573153896,5.805151231596542,130.42332888523256
0s9Ns,-1.6094538214792335,1.2527988807148038,2.8732802728907414,62.76120377486966
bEx5J,0.7476369360608448,-0.0196990715717197,1.259157781880778,117.1586309587367
4eGkD,2.0677779345298983,2.4007543616300207,0.081087676476635,88.4816882164826
WOpsi,-3.217419944643352,-2.2906021335541933,8.784806963492809,138.02264051289163
58oSI,0.9214714592432746,1.1336059649021322,4.0441619388595935,33.932385943430454
hJg3B,1.2123229991644573,1.8062667927106228,4.625355825490557,148.51566194888412
pjKqu,2.134656941463473,1.7549408522299046,5.967965309484487,104.73116589041508
L0Wwe,-2.2890981460482407,-1.1346476677322348,4.7678035221229385,108.8939640362538
QYtA9,-1.4215950765500427,-4.478352958853287,5.008855315386002,137.36477842295832
HBELI,-2.6173212375857307,2.545241582645056,0.9846425114969196,161.63734468854193
RzkGZ,0.7489785001827453,0.6728431104071678,8.3901012050939,133.85800501163732
d0tGU,-1.291577133257218,0.7436854559201682,5.26863710204393,158.6102061020075
Z7qgp,0.0360554396684034,-0.4314231656675117,5.419627515335882,78.97443071059067
7yt0v,0.6394164235798312,1.685905508286775,11.749699061808984,83.8441975172562
Rov8j,-0.9582005385488918,-1.3816198026325264,3.693810628390712,43.17788336607097
7Zy18,1.829892391796808,-0.6358525004151372,4.387869723262553,159.66896733250007
rZsLF,-0.6919946197056874,-2.175765229659483,1.843809231170281,107.23010922710468
XwRhc,-4.707503821342579,-1.444811488097666,3.130977534361963,132.93653181407848
JM6B3,2.4886268284837283,0.4239278056942346,1.7643495415233872,89.53688513418493
cyc2z,0.4232963257273318,-0.9383812219967438,1.7997761200780351,45.42682095213842
WazH0,3.4382464299699187,-1.9615601867520804,2.7640469451239777,78.04819439037215
bueXf,-1.5121869188038477,1.2639702785661289,5.0408995785830815,127.5650802980406
1mnuo,-0.6922651236920384,-0.0560441342802918,6.812474763455218,70.03097738067096
2VRvx,2.523265119071134,-2.2272300613913507,6.57149376499485,130.06983164864033
HGSnY,-0.0305691052035875,1.4266368781612704,3.455808420914946,36.09322531527058
6HUeE,2.235094245187103,0.0899398655796751,0.8364802156549688,55.75774151787222
jFfqH,2.4573976520109992,2.528687117709868,3.5244968142001403,105.89023027162166
IuwC8,0.1541575625082038,0.7217921725714778,3.584808417262167,33.0061869798203
1GDne,-2.451936604592288,1.2864015136725528,1.3759070087319607,176.44317864874378
rRKZK,-1.2711478686483135,2.1085013558125323,7.995814922236107,112.4750262369378
laX7a,-3.1685634375005023,1.4649296767226063,7.781408325064284,170.79910659879073
v6QIQ,-1.3040622534969597,-0.7528957009039133,0.3513499253293045,33.58020854630134
x10fV,-5.882278177906684,-2.12643907306558,-0.0599401124594755,50.0586411247665
zrNgv,0.3957849157721928,0.9980216375478096,0.8277594045777015,38.96552133269701
uS0c4,2.06513107290987,-0.655197001887099,6.143765389608286,117.13541001877915
EUp7g,2.7820931136233007,0.6665142766966453,-0.0948398677958564,79.12927084005842
eMyjg,0.8203450923624885,-0.7733377523787576,1.678686570913277,26.404666637665716
oujyS,1.6312678759796222,-2.0730341840821898,5.3427929464920165,125.62890315605836
Wbekj,-0.112412127590142,-0.4232688329093765,3.7110218070833554,39.71421288519108
3ut0h,-1.3513458354963153,-1.1188715747889002,3.173175342206954,146.1022168846483
PKqcq,2.6702286398799435,-0.8164480338575971,0.1843394780166929,118.27677425603552
o2LUN,-1.9929184118265468,-0.7949089456445158,2.5074591508910267,77.5190678782539
5m8xq,-0.5818755598828483,1.34221647580505,3.5054461444833547,32.12551064894395
HihlJ,-2.2381118178805592,0.0983747681659926,5.263268476106153,120.15942988213445
UuMLK,0.8005022804699141,0.6834398881106062,-4.017195250985323,65.8626898214067
8iMPj,0.7468493111543811,-0.2243172802225797,3.1094449102073414,24.01038932326652
41Wro,-1.1091043573472874,0.3328671784777499,0.713174453482279,85.93608321727666
eWs5Z,0.4114882941758644,-0.2657450641973507,3.424067486294508,134.85234230851378
SL3Ba,-0.4629071405232892,-1.2233159243542246,3.3226724446586235,59.47818163426327
oAsuh,0.4662807785135703,-1.5603254653555565,1.5107206241785291,21.194071787784257
ujMaJ,-0.2387399900375797,-1.0619903275639833,7.553534918351854,20.380596820151588
fF2pU,-1.821142700700808,-1.5114634207695905,0.5386510937325291,112.1987169218305
Z611g,0.0862593531963196,-0.3636654979075504,7.303369452256418,147.29047319774412
NhvCn,0.4674306479350544,0.3587392703620577,3.572957374937032,58.95827527092021
ZuZXF,-0.5269806497293225,1.844383475560468,3.8374452085211024,112.16510774080032
BkfBO,0.2848868581406913,0.2994908633733107,0.8141620682109919,10.995446953622972
9m24q,-0.3247288434389929,-0.1396933110781778,9.602965152108023,102.52042527576764
H715a,-1.838165411340031,0.3048956199533431,0.0581813726118579,30.58295300982607
Zsm0w,-1.0509878135992614,-0.1400224824422485,2.4636060065841185,98.04383636474464
2v9HQ,-3.5018337399233705,-1.6286540653487696,1.3516125822433778,132.17820694151817
BHtEI,0.1656507668518866,-1.3824389577749152,3.511468907540264,89.11778136832014
0UR5E,-0.1736732162823272,-3.2494458736128244,10.326093345493549,179.8983588009334
4luaF,1.0723109592049185,3.343910551889294,-2.1127115716519445,91.07937592270626
TKFtp,0.4621051489638173,1.2002043098715145,3.8757860285153054,2.4481088964193103
NeAUb,-0.6598329034590886,2.5725661876924564,5.041122422657064,129.29937688376157
lHrXM,-0.8116494984874021,3.052439230530805,-0.44745408745053,147.99241891974236
SE8fh,1.3230707539383424,-1.7575186616262062,1.6130778858040251,110.42749695391376
6O10l,-2.273401937167019,-0.4444404601790945,3.614001933627829,142.33547839848228
dUpzX,-0.7920813170328888,-2.5805523204622665,3.045781993675761,32.88828547538255
fdT9X,1.4714905788110253,-0.246127271856249,7.74395940483119,54.92051578316478
5ltFz,-1.2637983448353098,0.1411650859909573,3.2471682525193555,137.9347176636793
gmX5h,1.9704202030706053,-2.5305761272470604,2.1618734017882923,146.5585038690993
E8UYu,-0.5795000798961877,-0.2896472383059888,6.0003424090297175,120.71677360278645
rdqkt,-1.4959534530555012,-1.7455691217910607,1.020194503334104,89.23113709883607
YLN2C,1.3541237634932106,1.5249288154769445,8.447140460552285,178.27519119543103
BRZ2a,0.5201566323458975,1.5717231727298582,-0.5577616667799613,27.709530511340706
65rwX,-2.8266853595403534,1.5880986610741608,5.495827504942355,85.50936104385617
zn8k2,1.759185243321134,-0.355174372415347,1.8134373780930595,149.44618551438802
wG3Kp,0.4937794268175703,0.0237205621732005,2.2745697202075026,105.74987607762088
gTXGF,0.5279927832486898,-1.1971821072286324,6.454563291855731,128.22883551802113
z6MZH,-0.4352663142839044,3.218730306091824,0.8867688883384259,144.74192334308026
eizER,-1.242570247317892,2.448377131483525,7.559315552996715,130.7221398656548
eiu1H,-2.4373868395679894,-0.4879455654051594,3.1132230331891177,163.03253949055224
sO2cX,-0.65030530967789,2.95877156268717,1.8507131331315017,31.569157182552196
NCzKR,1.339363130439448,0.7944963629088228,1.805780525650456,39.17883824799565
bPNtv,-0.2360116741655225,0.3599542733769885,4.01473036490732,160.47056343721275
1NyHy,2.47293651184076,-4.540734136621661,4.422008588037385,114.7359172951349
JJX96,1.4089145144383048,-0.7599755144427383,-4.447142214793339,8.75590438978284
9vklT,-0.9528579666360142,2.613251789511569,-2.120269381475788,40.71931718988255
Kbo9A,-2.7357960778733017,-0.3061886747138972,0.6236807157004689,122.37792238421466
EVVlB,0.3302338866813754,-2.247704340009553,-0.5963043101498442,86.1382438383698
eWcKs,5.822130060759162,4.784377203009523,-3.2662544226220738,186.8236775900177
DXvI9,1.026485293287651,-1.3943220689212834,2.3918703413293985,131.9797412533638
LVIXi,-3.526590910110144,-2.339127288434224,3.318012889941072,111.91809594609664
lRO2l,3.616482925954512,-1.3205652523657694,-0.1677653992890162,117.63009553232196
1pLwZ,2.3010865927202406,-0.1793247210100932,-4.341767298491382,32.05331276187653
fOzy4,0.3663587748646205,-0.1131307435127597,3.0071982986088264,147.25595324853717
4Mqiy,1.0679608785076136,0.5471073930175632,5.9470424344747785,107.78621920057292
yFBgY,1.6217596359666415,-1.4762504822536917,0.6289879382029824,126.3673546436974
PavWT,-2.0531253938291165,2.069804382983288,7.204480472420948,147.89357994420695
2bl9H,1.6640151404862749,4.176323063513642,1.0210646530076355,37.45396961742304
s5Vbl,-1.4826374084327818,1.7643742274488177,3.3882592230327173,123.59329998684188
1idls,-0.6122037459600377,-1.9652327754837409,2.183186192832684,53.215246193040535
TdUz3,-2.979490821606712,0.4414810950423525,2.424107030400438,91.2117111668019
EHm5L,0.1165236412688836,-1.866706140290288,6.094099911810068,80.25841032538226
DN1Q3,-0.7526663681473958,-1.0310609825358883,-4.217437534890913,54.83211029950854
h03Ll,-1.7381207421986142,-1.3484974548505892,9.055003035129657,138.4942370622389
itETN,-1.1148171792045671,-3.4952238293149174,6.0335151991477405,183.50664638852533
KA1p4,2.8338549353592883,1.0239919565840865,5.121679986534208,117.907341128222
2y0IY,0.5672413957905512,1.4751706160587974,5.051009853587902,119.96675390570284
yc7fV,-0.8103407719009857,-1.673895827780681,3.5398897122631823,73.04996126888504
tBAwC,-1.309623905037352,3.424728285478289,0.7654774055136633,184.4119748883848
PoZZl,0.4241752968273502,0.5985674342434336,-1.5214111756683375,53.42416271661433
za5yk,0.2226073746483451,1.7125222782450078,7.621123339434639,83.81029202425523
aF2hD,1.3007749595880862,-2.040281576716419,2.154423040922917,62.34126840528644
FrXU3,1.315462737574759,-1.171223806404951,9.003756789903598,159.46388214053962
BT0VL,1.294855282762827,0.9956874136081264,3.215777166451658,81.70003936344695
BGIFI,3.127862128176661,-0.0466144936079204,6.654077395299387,184.35629109524797
X492d,0.1115263997551865,-2.419262100934356,0.9109172965520982,42.41567050649089
bpPoR,0.286939409662284,1.3211312809458964,4.236980168202017,78.19347111004932
u8ABP,-1.2028460628438469,0.5919074456214214,0.6049743236114096,108.21368076822912
TPgMC,-0.4225553085169024,2.423761819007884,2.0360199643389136,36.22502622577885
RApqr,0.1687041694889345,-0.2788871294446833,0.0779260845175007,129.43498507859738
qAKjz,0.7351144597778796,-2.706550212676952,3.8666844646086016,104.77482100251676
CrJsz,3.039722608381488,-0.9622943459007044,1.679575395947495,136.514966807326
idJJX,-4.1878265422350935,1.1140148752864147,-2.9970418149423743,55.953707705245584
YQzco,3.0098644727729527,-1.5162356464221722,-1.4351413675885023,125.6689111797394
NnFcK,-1.335186238903508,1.8322342896598125,-0.8181159377055359,58.68129792018175
MnyJx,0.6093115614659075,-0.3253989636845995,4.987259695633479,127.263797122537
L6Cyw,-4.344444112367098,-0.6115651173605718,-5.3748989524060455,49.69814531521819
DhRli,2.3206807028731404,-1.5261505148580368,3.003304057278741,58.16674460440634
pstrc,-1.670018526751194,-0.0433908226770544,0.5390334724310746,77.36405512707283
Tfy9h,-1.9772329850241084,0.550393215206178,-1.5269990202604813,60.24786428400214
IeFtK,0.116100088111185,-1.170430145431316,2.841107502652056,25.36648773926923
e6dPo,-2.0297820606836594,-0.0054730588065758,6.206281633661217,102.35251338337166
kb9sB,0.9983545070760166,-2.265825937662521,9.968342817099428,187.2658192470132
2KSKb,3.81110090758774,1.0376960376385778,3.800895730627418,177.54804101727407
Joo4L,0.7685737714870003,-2.3590720175954387,-0.0623777855000748,55.12077079868356
nwQnG,-1.2291625329807667,-2.1622236841159888,-4.3027927400259145,124.20436470709666
BRfUb,0.3542354483952544,0.3257493129448314,3.2050049423719607,109.28596269890048
2sTiP,-0.4243439639239048,-2.3032998332978307,6.278988365541808,148.47252182089824
kdGwv,-0.6632998851952829,-0.377256084206085,2.416600730635132,119.1959607145398
upItU,2.573727308765781,2.202416226682072,3.947528165436547,61.31707353029985
cPDnX,-1.7430886078568233,-2.9482089734036454,4.341135476975955,31.63172587623066
dEXHU,0.8993597617337359,-0.8252766656703354,3.574006211313333,59.96122639279161
p7WqZ,-0.1578776089249636,-0.9661394836281576,-2.11852216836456,33.75234845491815
6gaJA,2.8399668640566835,-2.405537709923685,1.7729783528192011,131.2790178914667
AYnjh,2.5903903318939645,2.48002541522934,-1.4797550693609192,66.23741560435037
RzfJX,-3.315423057245632,-0.6691755812031042,11.834913489383151,128.04671944549744
oahWv,-1.887121219397496,1.0308369943446078,4.012107811343831,119.31337782950386
eS23W,-2.5550482072941367,0.8323424526352701,1.8218682935661945,56.6590063819997
8twZv,-1.1650453756066794,-1.6418836735392075,3.1562656139405685,20.308472764343357
ihvsP,-1.692000582321718,-1.050077166417796,2.80794809073721,153.1056739048066
y87tF,1.2745983396152143,-0.208573341589076,6.061292349148091,119.9589227660652
HnAvz,7.434212287812979e-05,-1.6951789765447776,6.195546344397192,140.5925528528625
JXfKW,0.8042336489643593,-0.4550848937610658,-1.3063079759230036,48.790661092975846
2BtMA,0.1079983008792746,0.4835219893708116,-1.9843149845510035,5.130846704834389
q0x3p,-2.874558631995483,0.6505216666770924,1.9366917511892976,137.90744220056118
9CjGh,1.6069382136952193,2.6046825881354416,1.5753745375525574,86.29646865740563
z2R94,-3.7464862342443968,-2.3829930958714107,5.010657715834543,43.33463652602757
ZXIYz,1.917131565639857,-0.5467168498511416,-2.681770209289428,41.44690192906103
8P4dX,1.9326232176631544,1.716669565689153,8.863809686090791,148.23917718855714
QqLGd,-1.6920018396020955,-0.284011604157777,1.206791610297976,56.00592359455674
gQqq3,-0.5279403036914071,2.533029568466294,7.099857727012062,123.3126939787454
6nOTZ,-2.4851597154829728,1.3836603769394056,5.62457484336842,74.2597627847354
C5HBl,-0.7057915191458533,2.064866977940456,6.252681378711151,125.22607028434471
Q8IGU,-1.5676322756524097,1.3067920548516698,2.513765597157424,64.32421897613062
FujbJ,-0.5464484952868545,2.0439612819976145,7.6853664708126495,186.84684141406015
cRPA6,0.0354299712551164,-2.9576096761312742,3.053277417358472,41.74605904004498
SfdI7,-1.3870645880828936,3.272069659136428,5.50968057337139,180.0421382594657
LYJpO,-1.5205918112782528,3.8878211606444513,-0.4019745063090783,158.54021517717044
KJyYT,-1.9087766861393909,-1.5803121491496297,6.250290125918763,128.04916451399103
ELVBb,-0.1452176913124413,-1.0605399284665915,14.157081022175689,90.98019345883456
S8APn,0.8029834561451131,-0.8421265379118563,2.2826494102322403,105.73464745477924
LLELS,3.4980664442956986,1.4879068530055803,9.904241501509093,103.21885569199044
gJp5s,-1.8867294737920224,-1.627666065609006,5.889491555547473,54.03475180373382
kcYOQ,-1.6589226103905392,1.3864240295517003,-2.010466091468497,89.59559380326826
8CnCc,-1.6554744460897683,2.8017589767739324,3.4258604176835603,36.40812080331102
tCqDG,-1.160200270101342,0.1805449397998406,5.0296832383922725,127.86525833068792
OxIid,-2.1634159236529897,-1.6909607590235274,1.2729850065355026,112.10488490444344
9irph,3.3181475614249174,-2.9741278171988466,1.8723004277011028,116.10832229343922
teg0r,-0.0026143133944793,1.4221843848330131,2.0316956960495047,95.88917855324324
K48nN,2.7407849321176982,-3.4797219255892484,1.1942195535136948,177.15454186620886
jYVje,-1.2682428368358551,-0.1142594905565774,1.8216417991338327,82.25341896522069
gELIA,0.7345779232537449,1.0908699641273651,3.8086636049664016,109.22018903764324
I08RL,-0.9637780981582658,-1.6879828880279082,-1.1998438217137144,63.97067391602144
pojje,1.6599549901461512,-1.5814870282994933,2.9190687990198394,98.41037032229136
kYnMy,-2.3469309419158586,-3.4482719198912872,9.064491184767116,93.16836844564644
T6SzT,0.8376388162553121,0.8309122093805641,6.086085452995166,124.05566593352592
Owajn,-0.5865684361668192,1.9634170939759537,2.892788690945661,109.3706526870324
9N7wK,-1.167437752096452,-2.639670576005776,3.6863786440597006,175.51811193659307
IYBpX,-2.213970939938066,-2.3918592273356687,1.0453889991433387,57.35662281877205
7HwA1,2.059435235389652,1.9260450747534497,3.7333494933142135,98.6326622784334
SbUgo,-0.447100937566388,1.5269283075911813,3.666228822245402,19.13019150529591
TfQs7,-2.8171259948901266,3.3208278947797,7.1110849959384685,151.27490553634684
H6a8C,-1.2136349536878008,-0.0244414094123677,-4.206186103092404,54.4368334720219
QXMuP,-0.0953613781828131,-1.99023798960162,-1.6150673105880051,46.86060747188976
Ipjpg,0.1299911574700797,3.635441473256101,12.505804057364776,138.90645487678884
pL0ws,0.1274025184366424,-2.381881583912203,1.651263716419192,100.80543011937463
oIkKs,1.575112054172676,-0.4392457204214489,4.200274090588861,103.68189862238202
63YqI,-2.6852629981566847,-0.3233065199769504,0.8552098733760356,65.37972094572204
hj8U7,0.5087737723653265,-0.8422094718450197,3.4828668529606426,80.5685919529766
LEdc7,0.6620072355475918,1.1332285503468087,2.973022425421179,154.15126696525272
DJNKW,-0.6777649177816767,3.853747290027902,1.6470087797059236,109.82147213216476
tuNp7,1.9348519680003515,-1.855572420492244,-2.7896862906608666,74.95511339305978
nSI2D,-0.3170379117082551,-2.370450651106125,2.9033945154712737,108.3289498724075
hHqPK,-1.4256427369692914,-0.4750944719681886,7.401780082240101,88.0635037066882
vCglw,-2.7715603961379047,1.3322048380276998,4.154340860888814,97.92217621440643
iT21b,2.523927185903492,-3.4195738748720683,-5.159807097749204,45.8199003585595
4vetq,0.2293054777171094,0.5631678325282704,1.5557948531096584,58.80876791267284
4xAC9,0.6545756216428807,-1.847747856808948,2.0799257343254016,25.61625030555948
W7Sct,2.2818857500387035,-0.6537416560432497,0.2656773532430805,103.87213344079304
Rgmgw,-0.6874606218871098,0.7891002097433252,2.6912611151190458,52.346363034594056
GTlzb,0.0914654773387531,-0.7817016594631521,8.666082602143936,150.8608921335366
J5R1x,-0.3478140226227937,0.4085835009517511,0.2865115362214419,41.926893574793006
jM4dp,1.363066485232206,-7.561464401586452e-05,0.8874128819732379,98.48160751536405
XrD4F,-2.289912395120049,-0.5192709269033049,5.207585488838756,179.07190603225123
IxukF,-0.1520763096684862,-0.2662030022075973,2.2000138586704883,39.60610305569058
p3xOC,-0.9714404782073968,4.011304335668479,3.2868543581543843,143.29430204757983
fG6N7,0.3613539944464209,1.2951109217419337,5.193149409856599,122.37119854086173
xifNo,0.7441876506396238,2.3646293646155496,-2.8343711798184072,117.29675045581278
nV27u,2.6613421661028345,-1.9512627574007588,0.1540257717079425,55.664523164202016
xvl8D,2.4752287988183705,2.761165200756708,-3.28524296736472,115.99480056350122
tf5hc,-1.096713650523926,0.2388789787458573,-1.2935473972337448,41.55990429709004
Ra5Eq,-0.5561635924881639,2.215289374175504,4.927038097708332,161.2141465063214
pur63,-0.0426342238087551,3.1118622887726595,8.58072745226572,110.0794184137566
o8zqx,-0.1825763218768441,0.7971969960831079,7.253900850895598,116.5820777566868
mWjOp,-0.2247452471762992,0.9908617838754268,4.428231933826654,51.84732144688198
Y5hsf,0.5318648186970357,-2.4287020481679056,5.958933949068961,115.69906672992664
1j8Wu,1.187129134405246,-0.1077758292410215,1.6804307258086295,33.85039609449444
AQwcL,1.0978097935922029,1.3196852292249837,4.628906174040618,77.81491467535918
yIqrG,-2.5808222876440583,-4.563683810155776,2.038765680642624,77.4216163178399
ofdkL,-0.6325025390261442,-0.8584893796395039,-1.0129683060341428,78.02784082607081
H1VUx,-0.0114095240594563,2.0029109090642643,0.2719457925419898,0.6699883131535657
W84Qf,1.2291892552917063,-4.1530172262119285,1.6055466974015031,150.053953425812
mOmxR,-1.11528465165723,1.955084815248026,5.061035326406441,129.1587258710819
kLwCg,0.8142029624777034,1.6019770441823569,7.230468759434816,102.80530802899372
t2aBe,1.6225302109701316,-2.8532056055608,0.0561272145672155,136.0564294977844
Ufhjh,-1.4555821757098275,0.1476790792389657,3.25578412670511,23.318982795968267
oX4rL,0.8557768047749588,1.83722582533322,0.0275495025211656,112.80208798348444
1ek3R,-2.8676543532108365,0.8902173599439026,3.64485151480526,142.57547249147737
Cuhlt,-0.2494641420515176,3.3882933570893723,0.5597559866438928,111.03462597994752
HiUBL,2.011136068110778,-0.4269232465112416,0.8620296532257632,88.83602784554004
IDaDO,-3.399738805397107,1.5401075738481744,8.438392807242408,162.73969214085352
DQmK5,-0.8928765986960674,3.6133004914689377,4.1489460163049285,157.10531922896564
dehpK,-1.0211418205205045,-0.0570152565911559,13.740647004344812,97.99549895754816
Kxast,1.2741807315204992,-0.3438709275839162,2.4077479134648385,83.19014511661375
5lMr4,0.1894519696505573,0.8940044363025578,-1.3161330581843735,77.76732151838881
QA1C8,0.9993067341531344,0.8399859409870953,3.153237878644964,103.53116994714117
CxdGH,-3.472623842473464,1.3345661348966504,3.88258023502428,141.02776429829223
R6KBi,2.77357611711614,0.4004398866234269,-2.597672233709527,63.96451770020349
tFgBN,0.9439748000417312,0.4230324085632616,4.7466860309585925,66.00739982323056
NCJt9,-1.878308276144086,-2.4176033333393083,5.233303859988663,99.0801830175737
gMTuD,0.5251604187493405,0.8435522498885534,0.5075871480926926,61.79013587201608
iU2BY,-0.3545640669260317,0.8295541954623101,6.607478561442517,142.3102876318884
fP6Ep,1.9271229923937776,-2.2864265616174566,2.607135184178452,94.55707160611688
OTlMS,-0.6496492587263681,-1.6848592435360397,3.165104562597918,111.45075941780682
ChxrK,2.200944415094496,0.6801511619262329,-1.5392312539928632,156.7534520878398
4NQRQ,-1.0414630483000884,0.1861699312482148,-2.130287781615613,83.69636493287094
HFOMJ,1.0064775066384983,-0.7730646669421403,2.9029344184723627,45.07565046864584
wLPgB,-1.3062433324059162,-2.170028212789327,-2.50297475891662,77.40026281289826
m4Hpc,-1.2963951613920324,-1.4578475038133951,-2.417689042305196,25.58574596883123
kFhXb,-0.0340822917416735,4.32254682895204,3.8416783586255967,125.61209890192428
gEf8M,1.4788143175848292,-1.7345061994457227,1.8936621622992524,66.98530299121329
5z3yi,1.3724451750010047,1.889841034239528,-0.5763385332196665,54.95788698402492
74xyx,-0.8971660143290808,0.0876912244765523,3.381786867254716,98.8653256490858
ECn3W,3.5764040070644154,-0.6515827413778017,-0.8075903297014636,58.48021573855819
Fh4XO,1.4755981650662768,0.1032659453839557,4.208626956935464,136.69451963257004
LFtot,1.6068046108463507,-1.6386125759858776,-1.4846957943019254,88.14778296761803
qX5kd,0.4840592457336828,-1.0195082891293654,3.1104283482869786,64.22709318784398
QiI3Y,-2.7989760274354154,-1.2351308007999904,3.921083149320256,92.29975552991333
vTvOJ,-1.3251149277371297,-1.51929305183777,0.2399076586354962,82.90392424856886
2X0TD,-2.4354607322884503,-4.758944866602858,-0.1493509265449144,67.15658537369184
QYUeF,0.9309271957978128,0.6145788501790901,7.049897647343376,50.7721575030454
BnjcM,0.1596239361452265,0.9763183381548908,3.045258131757909,48.23421333649801
TLZpi,-1.2459580413789575,-2.0688326418947973,5.8645338286008535,112.67480360736924
3kJDq,1.5841134242731787,0.4200083724642624,3.4509381348033217,53.07909969138961
X7RFf,-1.3553859023290742,0.6161994300202032,5.070255204792755,84.74582315587324
rCUw4,-0.3037298824429003,-3.0968375098397005,2.3637392026901924,52.92956002818322
VbMzu,1.1449555934647373,2.859408256474524,3.5919383632038664,145.82203176311987
H7jhv,-1.0377909827746024,0.9615507769040934,6.400323646970143,102.7337915476232
yq9Dk,-2.4186887686002594,-2.498430695135836,0.5879259020430673,67.41359419139263
9jb7c,-0.8047679439929201,-0.2694181206058488,-1.1515150291886158,26.395693459352294
kxHtq,-2.970094018536709,-1.5289135104281082,-3.003288641409448,87.24008031557585
GkOaT,-0.9341189725987916,-0.9202991425930576,4.591512443014659,92.67697767280193
jUx5s,-4.0322942862245545,-1.7702104842832147,-3.1762677082997306,36.84981805496791
esRBz,1.9372772797388136,-0.38050697724608,-2.842414780672785,27.48343010540483
bROyY,1.565868106673792,0.6847077321701049,-0.5960433736832236,64.40834007886254
3D99K,-0.6683291248421968,1.0243528854723505,0.7358160773768669,71.87574166357956
oqozL,0.4445537374385749,-1.3328072337875831,6.302667446732992,135.87199028646063
9wuy8,3.1429648260903686,-1.5153028431102036,1.589963165238022,116.83982962352088
FHfXR,0.0934882445801077,-0.0556542022888474,0.1216716129092789,95.71643954797688
ZK2CG,2.175448036517565,-1.2292672957843505,9.819038815568726,181.88472354387827
ZgfTR,3.450108071796357,1.8510622884456096,6.617472943581741,185.49981555147733
4SDSO,-1.7909076433751978,2.133501290368735,-0.8935867426069803,75.21214532479064
mLxsr,2.8201767875743404,3.27594478219223,7.877629165566207,171.44610151583333
ZJYqz,0.6823916579396739,1.6082141408596622,-2.559525385877344,68.82048336106055
vAgEy,-0.7461928202550457,1.822240243943308,0.3423421533022637,117.2587867564034
7GcqC,2.2610966757940902,-0.2700903996600941,6.046748785968098,152.95614900929328
xIOAu,0.0036011659155936,0.5840988530074888,-1.0400519874607772,57.68426960750382
ICGbc,0.9473298204973188,-0.6413129404350842,3.064710794734633,60.16681042407512
qpoeH,-1.3859727179849752,-2.010406089612059,2.113643491093553,131.88945788592693
HKV9j,0.8826669809220494,-0.9902244024557458,-1.770169192785506,10.50527213579196
VwCDs,0.0007877363332745,-2.8006274372603084,0.7266150685714732,114.6947107418102
ppMOJ,-2.05753259708568,-0.6028899925512369,-0.0361722650736187,149.81972824025092
Iz5KJ,-0.7378915068383562,-2.892391765418392,-0.6063005904918581,83.80484825926439
1oEoh,2.5381414393239736,-0.1367685411993825,4.327375372622155,117.69540270609409
mZr7y,0.4111146059455365,-1.3424248069473583,5.0968196751575325,73.35099179540781
dc0fW,1.4892790970634382,-0.2353465234382482,6.088311792806215,33.499109735780344
4Q351,-0.7705157556962917,5.664804846195174,4.102961373198955,113.00457322726125
vh8lH,1.5010251439247655,-2.779791046315172,-0.7394566236145264,113.88662208420284
Q5bGI,0.6437703069850303,0.6976521247194021,1.4280682312890929,85.03909442698765
A1xyG,-4.721335522002346,0.8243973680485255,3.4778825297548908,150.80787988526902
PgU1y,0.0994880176909269,1.6610751207477756,5.560111785414548,84.80221982408526
5oiVu,-2.278808025614492,2.6176055697340823,0.5870471995412667,160.86918336996243
wAqSy,-0.874171541045621,2.5017545583440333,6.863341236797705,148.79248372423123
dTGbd,-4.979873493015492,1.4827476657843737,-1.823968047954203,105.35273091179722
s6Mp1,-1.3399519299046556,-2.4926296607299285,3.961857453609817,165.6077041133621
1sMEo,2.3799042078777286,0.5489926304063907,6.655658195125564,64.79108059667425
REKKA,-1.6726133725435737,1.7549668625114496,1.2705628939830715,186.30364363732488
1G735,1.4909080245627822,-0.0710384208924146,2.8750018051638238,104.13020187746768
j0syl,-0.1762587654178571,0.7654078228570598,4.372492214434402,128.24293930014807
Kz8Ex,0.3376225548067585,-1.857702319201164,2.7766511881676745,141.64720926933185
Xckyk,2.046370175784574,0.9632935081421748,3.614130076214513,142.65007307039545
p3NSi,-4.9137677154305965,0.2617772174576183,3.8187503248317007,92.35776746482148
DAwtx,1.0376147290327098,2.505650766130983,1.7008237262038282,37.092159626966215
gr0Yn,2.047328503087673,-1.272136899650066,3.957823274120557,160.96335964032136
yeyvI,0.7322008777288896,-0.2286304175785211,0.3282246943819809,135.70577888366972
X2Du3,-0.2085053843848721,2.1755790853881343,2.968224120404092,91.20700171585705
jbUca,0.5313163608071643,1.904909483879504,4.644222826124787,71.43746621394241
2Juz3,1.20196473905935,1.7336213564591456,-1.075283536455662,66.97943245943478
cBe6E,0.3264743735156129,-2.0662315949984267,10.291731579258157,84.02500287883167
nfLRN,-1.4683559366786676,-1.894052053275972,1.005686423636817,166.13928990823698
KrqcG,-1.1637527162988583,-2.22028651275021,5.016283989609031,123.87860520149354
KLZw5,-0.1532983217779119,0.3100437123509969,7.419504513890411,102.8572963455784
LRsOU,-0.9538264093995704,1.3224256087484434,-0.8516249647852627,28.136910827433454
9cnOq,0.7546326927765415,-0.4324994971775297,0.6688362207382114,2.125207522907558
okbLR,0.8608313522430711,0.6324647909017699,0.930472092489292,82.7375656139401
udzjl,1.870316641554398,-0.6586466232020322,5.0807568647699135,102.96827990071064
20dgF,0.9719238745922332,-0.9289710355710638,0.4363244612969106,36.64064107099072
cA5eK,1.4853913962382423,0.2566483301240874,9.637982511658713,149.3434166929572
RepyG,-3.334342052392726,-1.219257724487363,1.4125821876327562,102.78731981832546
AwiYi,0.3483650284373442,1.4427397073485897,4.628923564964956,137.3090043864186
KWJWr,0.2483373066240208,1.9684522501019903,5.995236089592451,130.05307265109397
XdkaT,1.0481538450453929,-1.6178890168288984,2.4770583763366965,55.28191682953232
irj4W,-2.807703299187501,0.6108487445910954,6.032631196996088,131.8982516194533
TkUGV,2.61301533419934,-0.5467508802890977,-1.4488544127699847,54.94141346083067
Gaf0P,-1.1755148009914451,0.9122299223668164,-1.2788710691624363,30.432331501446804
yqxZn,0.8169787134730255,0.0142602499889574,1.5067814299059965,57.813756501371415
4FDf7,0.3357161913000493,-0.0393965042657878,4.939421991330238,100.03910744780156
NCFMU,-2.025283523017884,-0.1625734508756874,7.835832025532899,85.85773382863876
2VAw3,-0.6965087845862937,-3.5224039014853075,6.014086906287725,154.59388004112137
7TmFF,0.1177019673540777,2.6221156475068708,4.538636630592063,159.559718578168
OILXn,-0.5631376797165151,-1.2814200161998606,2.4420996214164643,116.99240360699456
5tOQe,-3.520802751135065,-2.592758667859417,7.755487113679541,114.96892679995624
NluTo,-3.785075629760124,-1.5440329890276372,4.446234938104178,86.82734739154988
Ov2n0,-0.7840984066630506,-0.453253588916451,3.686521976585569,142.53587587748353
nv6h0,-0.438566269601523,-2.3513325956643447,-3.0672132767851013,50.05194515788681
YT43v,-1.8348608464629248,2.175148884864881,-1.1779459974019502,117.78246895809257
6yQBQ,-5.616272321622749,1.5521219117239715,-0.7563536570932685,120.68277102300172
zEx2Y,-0.6237881443320424,-4.101872607848547,5.555889786410567,74.2225025785489
WwVY8,0.3545527402795678,0.1485774039299316,0.1253256050307594,93.6622097826985
8hEcG,-1.601660985584505,0.5076985087279002,5.773494044124668,120.45082931986042
K451H,-0.119808604135309,3.188529017047369,-1.913409534161796,154.5326563033926
PIiEr,2.9157504721025505,-0.4132332753909181,0.6142103589978131,68.02338144275039
rjIm5,-1.2906199929714888,1.7484973599968427,4.17888761027568,85.35102580125563
IoAup,0.5057449527756983,1.6645553520903198,3.0600668990565576,144.15526476385625
Qddn0,-0.7247929412305728,-1.878022013601456,-0.6612954193874939,41.878020034871135
Hiojj,-2.472588123943601,-0.1672125894570681,4.998151827411885,112.106855506894
YVFF9,0.1851452248261329,0.723792361270722,5.953532674117824,151.69906518905287
ztZlM,0.9275212713477132,-1.0827354529601534,-3.3477405710201023,38.88173429941438
wCSKw,2.8391731426144093,0.1439336125509196,5.752291068480093,107.206789067896
m5jMP,-0.4589692446368545,-1.2931522193288318,7.0113539778028375,129.26770234920127
M6WFV,-0.497425889266933,3.0234971916424813,1.7433184280013805,84.37611421568532
Q6N8m,-0.0673323367449863,-0.7707933396939609,3.0948269885772484,81.74434972902674
sq4FC,1.7023004008748537,0.2525069295625405,3.0570793101418032,82.29670346275412
kt1G5,-0.3388546192938663,-2.7203030869431126,5.511323862042447,180.83319742983457
gebsi,-3.4157803183740447,-2.617192129973158,4.905073576173172,171.11045332102674
sGpJ8,-1.0112419641372905,0.1919796391612021,3.2232703765869903,115.5272522253934
2eL7x,1.3825715847179445,0.7900034972871525,7.089817728635625,133.89070378601232
MyCZH,2.7280532936529327,-2.8738138140458163,-2.3593758883479365,79.49737334403727
KsKle,0.4043933958798793,2.968088042210581,6.651661351656696,116.73530182287192
EAyK3,1.842251247496353,0.8791230426357439,2.3714408345797247,91.28771039979414
aREbu,-2.4857687839243066,0.4972951998715851,-2.4002583068112853,57.68100127408815
77lbE,-3.2072549357022844,-0.6307904032686692,0.8531780629398225,126.5234278690706
MkjoF,0.4832113378469563,-1.9653320840068016,-6.653795876666247,24.989157656655177
PqDNO,1.1937392835282843,-0.7986480340854043,-2.331441753376424,55.743569606778685
sVyMO,-0.2220557897721919,-1.0866394058732325,6.284375765333311,84.20454578284429
ZWF0E,0.4824529177902559,0.6527795043905429,-5.606740399852798,27.20225587098415
kFQPP,1.0775259203949537,-1.1702878141780322,-1.563697081854603,34.19401418397596
VLR9D,1.1065162033756013,4.468738296139515,4.329292871272696,124.81296507726974
yUGKl,-1.4315275461164605,-1.693636003924849,1.875852273194312,89.42115150765582
9NsLz,0.0767255620813268,-1.3489037607438323,2.461568728865412,160.4936585859383
WL556,2.3797403802889523,0.6728970502626348,7.879443107235668,145.3743816555287
ycB3V,0.681255363400096,-0.4993107791018964,1.7400523204242604,5.466710939775013
f4Wsa,-0.8425980968113415,2.6560963849280785,5.9381570688445535,83.93809843689152
oRhAe,-0.982162826657212,1.03138872933368,-0.6065134809318744,60.996460848957845
xmUbg,-0.7574139118518279,0.1294164969849037,1.5374357893532054,58.16831039407614
TsTyO,-0.0479465413318676,0.4838785760884976,5.022605422803184,128.1146030840702
3liHZ,-0.7896010663590916,-0.1026590653861995,-0.9112583254291362,73.78245267064914
M9Nof,-0.1263505942776781,0.4104871092281296,-1.5267144714839018,96.30125068246332
dbX0x,0.4837631354414491,-0.1275230959887323,-1.687800260234336,44.62293163586569
CKFNn,-1.6523900496638195,-0.2843683978448033,-1.1009356601708895,18.588044948311712
csKTd,-1.6749208641397395,0.1709037044983692,1.4131360721148152,24.083579719934576
kMse7,0.9700110666689592,2.0822223918527403,-4.699588767375066,68.79751570238524
X5nqE,-2.544252016331455,-0.7050046186949691,1.3910627088085958,104.4828219562018
Qkkcu,0.3690489291079097,-2.089331528247456,4.192997743415281,187.03560625721727
a8LjF,4.416507083141807,1.5401674830950671,1.0139826361716648,40.87263514831903
TZqWD,0.984273457230574,-0.9719901428333348,6.874436623482504,133.37759658176458
6jEbB,-2.0653521827028114,0.9654668332318184,4.638020908393066,182.56654345608703
u4lIw,1.5963998293237676,-0.5931410984596823,1.5444004888433525,40.80808482492414
iMkWa,-1.1826266673633574,-1.3812895585952327,-0.9952477340306252,50.38350299361355
7nWUv,0.1118880365366666,-1.5121627253443624,3.250450095240315,52.323320534247
vWVaf,-2.9659895364940168,-4.134878940532601,8.229624978368019,148.5285173966229
appKn,-2.859841305874877,-2.1959596116142333,5.379336311167132,151.75529980074762
ckchc,-3.0111935154374985,-0.3932635638641971,-4.410657500262707,135.9584495378162
2qQqr,-0.2509818378473099,0.1614964120202131,3.9258866126596703,111.13298674481796
TEKki,-0.4342459674486093,-2.194997278130645,2.814733715862883,78.17825380854784
rOGAY,4.320567374044032,-0.8676938700587536,-4.27686362179076,84.2011583531177
SLOET,0.1431950149496193,-0.1872763487717694,2.68244492377254,109.8791119343322
6uXqM,-2.055290947384917,0.5789720957689948,6.154348805725911,64.64213353284201
LDD3I,-2.081011590774425,0.9976315241973236,3.900174161045314,146.74054930433036
hg3qY,-1.9983143054919703,-0.8470150335411468,3.713683067274145,116.37072108401544
oYpd1,-2.246218290241782,-2.4186554614909945,7.945446026434685,58.920759691840544
iJot6,0.6693125718883984,-0.4352888369184949,0.1357272323216035,45.935913735852864
mCoOh,2.270308663907992,1.2137281789572467,3.526331722041978,142.20538746923316
tbJFP,-2.6488548985659177,0.7065363990401081,0.4191539636769088,35.950073257465895
T8AVo,1.2646872889143832,0.0707598207886943,1.110019631917638,30.773407072737974
qScdE,2.0731993400940865,0.1139241053564242,-2.8815929571262027,136.42081316064824
Bu8hx,0.5746449731388418,-0.1539802138366834,-3.092390657261498,30.92498789402712
PqSuV,0.2878378064310207,1.5225272309005833,5.099168422403352,145.18889553490126
ZxMyM,3.36499383449152,-2.952485764534296,3.4376858330609035,83.8993116803143
05wTY,-1.33606031038402,-1.2545719495885306,-1.6612453479225144,64.65406690929348
VFQYh,0.0379255990585879,1.6422869794958208,0.6726796334774758,68.27456513800544
swwa4,0.9222225014194344,0.3188161132100191,3.94605152070565,75.6783389290773
fElqp,1.6761346472885388,-0.0890959499150166,-0.1765782370358466,72.23625760615124
FjIp5,4.852993203148001,0.6025457495463548,1.1181341982284274,77.4391151371195
D9RAQ,-2.114656574521062,-1.1464955573016682,5.230389530122962,91.36673826124265
Q5FI5,-0.6469471501592235,-0.3643848043642095,-3.488288946977183,34.094208889563824
Vxz73,-2.5651303697121817,-0.1943610821061792,1.6418847621928525,156.89955309967584
thLH6,1.0085069705313752,0.524866540670119,6.038858298039478,79.92350785337952
lcXbj,1.5739567272706418,-2.3152120733674635,6.036752718054771,70.38972736332565
vRcWQ,-1.6600706609683866,1.954444750723883,-2.410946829640391,143.43152491920367
i6Mdg,0.7296225567981919,-3.3326172189082186,1.033608573223953,76.87362147452829
7EOd4,1.6587512324095774,2.3042950599418885,4.801034048261855,127.36457912604968
5eF3E,0.7024463929079433,-0.9026671625675812,-2.885544869363013,34.1307554907854
wVkgH,1.6868980694841658,-1.853819330870932,1.1267516394337505,104.9914502446612
TwH8v,2.4489732154547985,0.4079284386806041,1.6502025764788408,158.744442203099
83k0R,-0.1423893792975722,-2.4092525836350447,3.302343155057482,105.8034896770068
CjRGE,-0.0032597147248965,-0.4277211406447365,5.189757959640008,133.07354647686722
uuhlT,1.9370903401215809,-2.84835370782016,1.710906335580472,138.1485882339455
WkhN0,-0.2043645507758345,1.6761607486865095,1.2038284533973915,97.0371160164658
nfEiz,1.7055478659248855,-0.9138183107186504,3.0391143397830325,73.84385131525791
XYEhU,-0.0514323639206182,-1.4452505115568115,0.7990703799008756,144.25797095782002
dEwb7,-1.70043562981053,-0.8392206753483691,6.998995447388992,132.19663570147603
WX7op,0.6756460914064437,0.7638141482782875,2.245450233610426,59.640969767503385
B55RA,0.8696321160347009,2.3291300329331444,-1.7438958171184606,95.9730445085865
9VHJF,2.3431783157888777,1.1394407366518455,3.18524185292382,97.48925167436268
Ha6vx,0.5384773513219416,-0.0425731131388163,-1.3949992031768046,7.855548482005889
A9vuM,3.3850094224301808,-1.0495120631248571,2.409971804367017,106.32417995071796
2pmOL,1.6173895247774583,-1.8271514888545304,-0.5275993158452157,84.81636283040615
gvWvc,0.103901851586578,-1.6042440328605418,6.737763118886692,104.92232938176238
5jppH,-3.354405759219992,-0.3181237216391913,1.8411286677502203,133.2242648058632
llWox,1.350444860869248,-1.2152710513483338,4.645987437664538,144.97855347522443
VKcQO,0.1218209167866431,0.1780050110657566,0.3961677311088119,79.30578508848065
mgH5y,-0.6935288706838736,-1.367863950089561,5.197222142252366,138.52525766286365
PfTjD,-1.7209634146237711,0.2324287288988875,3.803000909936834,112.32942675847345
qgOWH,-2.446940108904409,-1.0978760632870137,4.2344924891020135,149.6597663742527
dOwef,-0.5977813966099309,-1.5677276694498017,-0.8546867564473329,14.83756815227598
jgjsC,2.3493165513180934,0.1863700293401364,-0.3216422312409785,93.70108755283226
9sd5A,-0.2539712503937219,0.048861364739598,8.953497634937778,126.73908607205723
Xcqh4,0.2463970786993509,0.076491793194479,2.124799481849656,150.80275858458697
02DBU,-2.232161848169285,-2.6849011937782223,7.937287598626938,128.81859947225854
BkAIm,1.3084178965735649,0.1874130907758184,1.9870066195411549,24.41624579363357
4Li9R,-0.8586300882109754,-0.5711047622248594,7.034421607727508,80.13569108529647
TuFpv,-0.6427845944673377,1.0927829369940067,0.0949615704475567,7.948215123069093
8dn4y,-1.5723199841013364,-2.047160302072017,-2.9744799928760624,52.16764947308563
kXqpM,0.5045352226633172,1.2115761945018992,1.01264680615403,4.830499032356004
8fhgc,0.5628295894973495,-0.6635495173675406,2.2064459555432414,36.14460656319443
tqlFQ,0.9862636211904032,-0.7074816898194435,0.7382930759999896,4.758345564982172
apTmB,0.3541398048518485,-1.3432863092917129,0.0292917915509023,92.76633775132792
5eAcM,-2.217321968919208,-1.6703569303679158,0.9364294331558528,93.84254234980004
okorK,0.7901735121355761,-3.198667606000687,9.696964840161536,89.11007621327441
Cq26b,-2.07252604997926,-2.5052414003830865,6.769906711005462,164.86900728967598
eaLpv,-0.9059693683573368,-2.0806447473569567,6.108961885468713,43.43490232143393
H1sAH,-0.9777623506307204,-1.4468095361361382,3.9582087310304495,67.64459644670899
ugRxa,2.2781670354484063,-0.658576638176104,-3.6468279201018654,69.61170430113962
6gKOb,-3.6117452072445686,-1.175688925574147,4.2890295736655135,140.6236986685776
fM0vJ,-0.9266447242857572,-0.9555126071823306,8.378492825512577,154.8752408140651
qYqSZ,-0.6390568796693571,1.3338256031386233,-3.120876743173085,146.95191078129892
I7Gas,-4.481528837890159,3.64155167174006,11.363663609428665,149.8005695561102
tqBLx,0.5017084188212024,-0.4981967979395914,4.464266810082336,57.22286608322956
NeHvH,-0.5686826428127582,-1.7609328746584458,3.161525337078728,21.464940016373465
MeNEo,0.8498866110997413,0.244122497150066,2.3459569642792224,33.84219155330693
p7683,-2.163390354503452,0.5678317640062683,3.6364882603621207,75.45175155665122
kbKjJ,-2.382550445261693,-1.8887717054472093,0.4610618636536328,42.76135974459119
W62oX,0.5478648792450711,1.1550311157466386,2.3380437988343648,20.950803315307105
UxtoA,3.14613745858052,-0.0784928924569809,3.2523590415793286,126.48155077420198
kiYGN,-2.71552457207098,2.147350814253492,2.935999010012754,150.07556086693518
lOWGI,-1.0509403483132893,-2.8185156588903832,2.50478272483669,117.57362444993814
AQASK,0.99535527275351,-0.3386098648529029,3.598712727538306,98.81477093553544
3Xzw9,4.373491767231164,0.8367590428193803,1.3382583093984282,175.952447757283
ZfVjV,1.2566183692016062,-0.8379914526727954,1.7186519625387189,100.22859470438851
ApQwx,-1.088008027018277,-2.5682213738764084,-3.442244024266347,94.67977012601914
PyC5F,-0.9487182899769032,-1.1275322888029782,5.41983587105346,154.0256404150018
Tw3Ob,-2.391886576593542,1.3770151748037305,2.953934756439458,142.92039906959178
yWaxn,0.6706243815317638,1.913547565954094,-0.4637025213138229,127.72246903190933
mzxrW,0.8809670211932159,0.1899427105027364,7.74470951276638,78.7392809307064
im3Y8,1.1414755135600672,0.6834503847485617,-0.1140076781233854,78.8639520332531
Muo5C,-0.7241275425126007,-0.7260143989471297,4.802533776827876,157.1720669504065
G3DoT,-1.5072812242851843,-0.0773960311751117,-2.8731395893284613,48.7261896085192
0Kfsj,-1.161389161370793,4.048478856896876,-4.312024960422161,45.7339456016546
7lOe0,-0.383112546320521,1.4476184620034007,5.0822165600463896,124.61104793537363
Lb4ib,-0.061717372391392,2.087243348682377,2.00115304099616,68.01214024729978
B7HLt,0.3335452279371306,-3.1054988215021417,2.7942475929524213,139.10694805006983
9kSEy,1.275068596113636,-1.8381466440590493,-5.376778308131922,99.27264455947872
rfoVm,2.0717762920433493,0.2541588647426128,7.814049445417088,152.0602901153342
vxQ5V,1.8452249855689309,0.5408570249884002,5.677890217075932,121.66562753292256
MN6kl,1.5703969439135548,2.879316199039858,7.447938305758933,153.54004990700113
vwLhM,1.4578039302768064,1.779162932504535,10.095599089153604,136.28490455865213
oeuZL,2.4264979211424884,0.6854707666850307,-1.231769488440138,52.346208338681066
AU7pk,-0.2760932324568911,-0.5615713084925412,6.7614314573626455,103.5011524139572
EPwp8,0.183650425022816,0.7472798462362165,5.675562141145703,74.21561126548131
ZGrXo,0.5433389466566019,-0.3728418975244217,2.3108872474404603,84.02867464027096
d06n8,1.4506102426464818,-1.1683113221626429,-4.420705150842683,57.85024223837638
NrAhV,-1.9714277077818416,2.5836299041413264,9.9828688055238,177.63186907106328
czlGn,0.3814743135461041,-0.7942957094798198,1.1580404142800227,16.391478615750287
M4mWZ,0.0646221999142564,-0.6708554506673403,-3.193166195519209,14.14953971451292
rRkcc,-0.010881913709565,0.8525306952195364,-0.1108216869010245,132.14880372954448
HxZoc,-1.2226450108383058,-0.3558449080079825,2.9263898576680254,113.45900921555469
iFBob,-2.2009823345020227,-3.269299782775306,2.9942740782722312,149.0738670863152
ASaYh,0.1764108538071629,0.1490864105933983,-2.978493138379825,52.79947088431034
Tnq53,-0.0417061855422873,-0.9366313201228768,1.7205562629161442,150.80673513305106
wZPVp,0.8221127013008428,2.063688921760867,7.462317327764421,85.09505490202429
JRugJ,-0.5403398531542625,-2.2228735797022874,3.416976397226549,183.01918717897885
JS1Uj,0.1515959984333459,0.1224531417264151,6.880790732474973,138.60366649600454
MlA3t,2.737592602074601,1.6529917212500522,-0.0370738754266764,52.18730221494072
GXiGA,0.7834772654725484,2.2997073960084875,-1.9937065979847404,100.85951528016986
svaCp,-1.385628917047624,-3.9587045909192367,0.3608128404939954,134.14900455781574
2c1yh,-0.8727437533027101,3.826819264955791,-1.1717140628196965,38.18928126165834
IXIeY,0.3977186478308564,0.688093084146052,2.350802695255134,97.7446347363354
lPxTr,-1.3538700441341374,2.650648496173352,5.614862329994877,59.02555683485868
9lRUv,-0.0583783739744012,-1.3128825878493973,5.661246802495833,92.75030115458964
50KTf,3.2193161305739104,2.287441593329678,-0.3059352328320686,67.94211874100202
IDvZO,-1.8310767243346184,2.8391199694494853,-2.5462846526035667,71.16422991831254
WGy4n,-0.7801331816267648,3.2550181786654218,-0.8331992919113196,146.8706733108442
agcf1,-1.2588613798713637,0.7498964661903059,5.066898402492664,29.30291554711791
iIRht,-1.1113182850380323,4.791120682284018,5.997348975171733,148.40478532786224
ItB55,0.5465355316708781,1.4645964032253518,1.4296814429116176,94.50764334536665
cRhCL,-1.8117548806792887,2.1518421785000545,3.412458285625005,35.168554736476395
4Guzy,-0.9620812224976544,-0.3253581956305133,5.781900697357107,69.7961517314039
LFp21,0.1714202504368522,1.9133459910120467,-1.272515902628713,51.810476395436
PZnkP,1.6665051821070382,0.1095070557793649,7.100120970085522,56.66939780780575
YcM7t,0.7384810217361569,1.1799449389751546,-1.9993752869878445,78.31096352131853
TZDft,0.1511703284770285,3.341490041448308,2.8148422234730885,188.97750813217564
zt3Bt,-0.4199773524205422,-0.2367379334656152,-2.5258867078980467,72.31287917907169
jBD1e,-0.1095595600791468,3.193639648127959,2.7813973181658387,63.62420851805881
lD1Rv,-2.4419402753990704,-0.7610746208770421,2.99726234328008,128.6903947411438
0AE3X,1.1755229616359697,0.3116930861029888,6.92551523361624,112.52234080761129
IlYwj,0.3832116743097551,1.3212894226452052,-0.8463085385990636,132.40423485614247
mqrHv,1.9943596550269669,1.9472242730974163,4.923339848464446,165.42530248457078
yCXSB,-0.1591898877252313,2.666862098989642,-3.1797372418615915,163.1967759481685
XaB2v,-0.2643116453075559,-3.9941168862293632,6.23956639488646,148.27214631937736
vrciA,-4.058656256185453,-0.5581112783116798,0.2862153118218195,58.93863144150566
6JMNv,-2.1025449504572284,-0.0053549129284856,-2.113076090050768,159.8500295879603
6urtJ,-0.6522225258748708,2.057913752638765,-3.7376415849739777,34.66296338240968
zuN0Q,0.8432941584326284,0.7808559769566723,8.11663176947139,55.06194233712701
npgpW,2.806897425864017,-0.8261329433869283,5.794710025218572,56.39936646630623
Py7y2,-2.1692830939498067,-0.0133234634795047,0.7320478363373543,60.50426353222242
q7pTV,0.1518004798399517,-2.9423664026550456,5.53112199242215,187.847986464407
Fp6Ve,0.0740083463968358,0.4843244771772181,-0.837805488382676,87.03898594278198
o3JPB,2.4539754802029545,-0.6157925921111365,-2.7636407535565684,66.19593604546033
3nsap,3.988684743490341,2.2957064215132865,0.2049815545736204,80.56485476900357
a1SZH,0.3986063978073697,0.2806259404774036,-1.120070591037761,104.07254987985716
Ml4am,-2.1402109026433043,1.1398518318020443,6.385640897030682,125.60382488522998
6LrBT,-0.8453339692093257,1.542494175322695,6.974770043262991,87.82088905811484
b6lSw,-0.6915448910324177,0.5347408338727543,-2.5562356256776897,87.84751669472732
geX9w,2.74736656323464,-0.0781497179354371,5.116068876560749,36.8544520155406
m6WGp,-0.8817165920241079,0.7681258727124803,7.399791430888605,154.79039588267324
DlN9q,0.2242262233061162,3.484912033811647,6.066121141327205,146.12913053390352
JkXy8,-2.9805504231726783,0.3296246142042628,1.9036605412621808,46.922202078378646
2URjT,-3.4608179390394973,1.5072479306580595,3.2716588530350386,125.64953731910242
xXuEk,-1.4432741824087767,-1.0760596234608444,-3.827005457185901,88.2182307225295
mwmtJ,2.1344879454678485,1.0023133690818529,6.193985169360058,81.9133097714321
jTJnJ,0.1845123091102256,-0.4612309347373245,-3.4737726765331893,1.5451093718300974
DbW8m,-1.3692411536249718,-0.2207312216893523,-4.386839445157312,38.60219344314456
lVBVa,-0.6785920477392049,0.9826375254593708,4.0284301118541626,79.63588453127038
WSY5p,2.573001456539432,-2.1515796830795457,5.859362864771388,159.99034483626545
QN54q,0.9887202419683876,-1.0619883472297151,1.35528808499262,23.871837952547573
m8OlR,-3.3936444144975666,-1.4510448168058547,4.745992375898991,118.1275747884216
acQak,-5.548804710787697,0.6696489502517011,1.207053772869862,125.44132256441692
zchje,-3.0781937080661583,-1.7059653538367332,4.270660061161959,164.40561081757969
aUjL0,1.3789487515420078,2.3651300192687508,6.141663604797423,113.83649515280288
PXUak,0.9822347209034524,-0.4839211932020144,0.8071154505007391,30.66022631962945
r2alQ,0.6562943004406113,-0.5221927761328458,-3.4144964716251813,89.7656838356401
ncDzs,1.563198749293291,2.018772114704095,3.8422198902579736,57.38093151480573
79G1R,-0.4378440424916333,2.93920649913282,-3.5189869583469395,79.25135538250856
Bapao,-1.2241682518168158,0.9806559382057064,5.44262885732769,141.94759760632144
h98Vv,-2.7962580201466563,1.218931114394754,-6.618197950311978,65.92654283931162
Ua2ll,-1.7464802882430537,-1.764698017906968,5.776200212531384,161.4442931854801
92eAe,1.026507577543674,-1.5004203311139082,-1.8382202778852124,120.2812636429683
x3LpE,0.4079455349501617,3.2065820001366663,7.2362469649823105,155.6060356613034
0Vn52,0.1543499825105882,0.7314388531027777,3.924283837757823,7.319636666366742
jQCyM,2.3006724186092136,3.067927639971681,6.8760097038013575,176.22241823838988
74ceX,2.2749957073149187,-0.0962042565799229,4.184458865950493,189.77190586899437
63NGJ,3.3348179715251347,-2.6440777717641257,6.348222406528596,102.98507553320869
0sVVD,2.0883563381512324,1.0650479221184326,1.9837994210828247,158.16228987210835
od68A,-1.0827737245919362,0.2362487123191443,-4.158407627600961,2.832768559773095
fvEY9,0.1268546880654499,-0.3788409612215542,-2.0147202122394865,19.031593730074807
fZK6m,5.128348743993874,-0.2718139415009971,2.2107567924070333,105.7094207846836
MxA2t,-2.576856789654458,0.3433809971487913,6.657871307724926,185.28796746286
Nt1qN,0.5347418512552671,-0.3837365257285728,-1.8786969929174184,88.82435841834481
0u4tM,2.3353936774730752,-1.887759062903959,-1.723444410280399,65.34372013143587
iHNP5,-1.1049850623165305,2.01205162829665,3.5136845816285733,161.01096639465032
5UzYu,1.812305634401219,0.9150410845269754,1.9570992553530704,117.29734862463172
CWOkE,-2.1516332666631506,-2.015997141789272,4.071504070950559,161.8665302656466
aGw4h,0.6614138260492264,2.675966509656793,-2.179339370201783,46.68979637677568
go5TN,1.5417759307550474,-0.6934113705737126,-2.721612151617071,28.78735293768421
K3tMK,-1.5647146954371784,1.2206266023308352,-1.1907983496717298,135.319404287717
VXKe4,-0.8264235542437677,-1.5252955426358985,1.17177742213123,40.19644610607556
scJ6Y,-0.7488580166895628,2.297960221609776,1.626845229427801,115.35328840519456
h9Sp6,2.337498161344312,-0.0458944250521571,-4.331330037702463,90.06770213544445
KrKkm,1.7357262986281998,-3.4326648158302624,4.578172099383032,139.88216209761492
bTjQh,1.476468887979556,-0.6198126889813891,0.1736434321948998,50.0627197539116
1cm2Q,-0.4137153716812425,0.9032395510902388,2.1820205074345864,30.67054872057746
SJFa4,-0.2845740445498138,-1.9006652150662144,6.508344282590669,122.40410557810026
Ic1tA,-1.3770007539848002,-0.2451067214998951,4.316155607451946,97.68202172015044
fDG8u,0.3783710140610041,2.510153884858856,0.2222952712897794,123.91589246838817
0fCFs,0.2142590254429328,-0.1982357899673524,4.682833878872408,44.96741499000862
Ki56Q,-3.0578238319417514,0.0447536539161989,2.4925695592598847,136.78846751398166
6UhgF,0.8917562341613289,0.8236545682809575,4.514561145951534,114.2028174022238
9nnfo,1.231865526242956,-2.109961075668912,8.00758321022111,173.33628642684124
q0bYf,2.63804148145735,-0.7984457857332831,1.16315422704574,100.15015065571444
Mfo7s,0.9601706055818764,1.124321501778451,3.096868249672318,141.98669046905565
QX0xI,-0.3083874938539752,0.501961771985597,6.2947411541347575,117.93390484970206
nbUEG,1.8637177901993127,0.4521202322625684,3.645547159812817,80.71716462920436
pwnOB,0.3919307232694566,-0.0504999748184074,-1.0896661464832909,49.54330850297047
mp0RS,-0.3072939599612379,3.4883812608704425,4.36243673587977,87.52793975263462
fYstH,-0.3466254938092305,1.7354930634531809,4.8729701656459214,151.91618941116363
3c41g,1.9099012100993475,-3.460889510845775,0.904032478381112,64.26015055379357
pVQdV,2.3326153830992755,0.4537795525097833,2.021145468002996,137.07170865967973
A25e4,-0.1067538257463708,0.2363671573105335,-0.0711937409345477,7.137524440722517
MqzmX,0.1320349721836994,-0.090175697370502,0.1828254388128792,84.90703124931053
dbfgI,0.5384488368375571,-1.021127432632296,-7.943292999270155,33.40254188253148
qJgWe,-1.157498414975202,1.5066114076527002,1.7103603756776242,12.43013475223874
n4k0d,0.9304840661878696,1.7220272280996782,3.4573556798318816,134.8265724067508
f3XxN,0.1156245571259076,1.2367041019744716,-1.6622458096961283,137.0564568743954
U2cJF,0.0495939386993036,0.1661549147412043,0.9433556677702172,53.1179951313707
d4sG1,-3.671019473253576,1.748288054115361,2.456853374883299,116.20549415292317
bEyuY,-0.787897351094501,-2.5945237938347434,7.4571698403373565,135.16268738000977
C98wY,-1.9938793623656488,-0.5184945817050118,5.420071347674378,135.35299622334043
Fz1yi,1.3444504087969351,-3.543562065400125,3.093076704316597,84.7262464105005
zynql,-0.6400762588433829,-4.248175778262066,3.193303831423066,80.30343278989331
Vb5FZ,0.2371971143181471,-0.7535472279266932,1.9671386007187748,76.80494591818146
3kp4H,-2.487949552636098,0.0430947489033698,-3.4196105757320785,46.56294717236561
TjQ8v,0.1427859329027115,0.054612986166993,7.252354718125224,88.97085970577729
Ypay1,2.1411922121301967,-0.5639155426061354,2.2782720309197706,150.2854428557763
xgsDw,0.1991852061477874,1.8238353176431623,4.127712628852641,145.03821347214026
PFlmn,1.3568504659984797,0.3676532913968598,3.1342998238501782,107.097056059371
2vQd9,-3.1693791656595454,0.1905074961252393,4.590106946270807,105.08894750952211
Nq72t,0.0976449496936862,-0.3934602334756603,5.666103185292312,126.17448809603395
FlEng,0.7706585544891718,-0.2510425785943955,-2.034284842514226,82.90927855565141
Wwp5k,-1.8625784340472304,-2.3949963219598525,4.284025657548303,187.9827639884928
6n8R6,-0.064851140535585,-0.8993874903472422,4.4695618100316015,132.38376989672517
ikLX0,-1.5106723675053206,0.910194310857825,5.558016296951977,101.81045341385146
YGh8j,-2.574319759641892,2.0056622436368388,4.730399820003727,119.39927469197058
WkvPx,2.9469790841074888,1.0134594160574522,1.1190766947979411,51.147067054852826
raz2b,-2.5333465494386767,-4.052109503287436,6.8503113889224325,118.2330083314032
MlHxc,-0.3442157804484525,0.3841489822078115,5.989615375913607,127.55521944144384
P2vBg,-0.0861890556510962,0.1147883452418449,-2.4739689012264607,65.2721907626596
dE0j8,0.2912137998083117,-0.5252317782298234,4.889436804535701,150.63047509626307
vGRLJ,0.7740471947608203,-3.271012201132351,7.839244882797272,187.70872032547555
QofIP,-1.1295576381547618,0.107227144825925,-0.8848683857758668,108.60481763219816
lxW7s,1.783353194993185,-2.9374573056796707,4.1859654542705975,80.60581597721165
KfkXB,-0.8493210592268671,-2.801489611895949,-0.7148812812583545,109.1700169000028
uab3T,-0.8747922897050809,1.4845297094723542,5.330506354511804,65.159266679269
6LLur,1.972017009096726,-1.7684862371600236,4.215502468774497,91.8361412719099
nt9Wy,-0.0552670535842619,-3.846591206742561,0.256281106422379,34.492271016557204
O8BN2,0.9859731467654148,-2.721679958728856,3.71947993280515,90.89536796445516
LSOeE,-1.6570152775884008,1.6565001732426918,0.6943040950321517,123.48491669988226
7A2z7,-3.1933936482524694,0.2983941394440456,0.9972896305834557,132.3444119253826
M6uUU,-0.6457142894759881,0.940118577384498,6.377750257229384,128.9577280576794
9XCJb,0.5072460138042711,-1.1808397557922794,1.5898367054435332,132.46367489398023
6f8Mu,-1.6027946338728705,-0.423553451421234,4.456434766333602,94.0602790253648
5oHV3,0.9442057783962788,2.5068358361777587,-1.043654661443,122.88766843196844
ajIlF,-2.5021748587722183,0.576286959047159,3.2087766431007365,170.05391970622304
Lf8zp,-0.739890050320635,-1.7695424233576795,1.2985797813600186,143.63446840712743
kinzM,0.6006006161409694,1.6154604819122746,3.6775680907886095,18.566510244948343
SE3bK,-1.965150829890502,0.0543852544336922,3.4396580943451345,28.21466396294418
bHDio,4.6347961376806746,0.5528175308991216,0.2072386893406981,62.70827011563224
uZplQ,-1.4810042076751957,5.138891760164586,-0.1513575383516121,40.92725316716823
pCi8E,0.1110164564032032,-1.7708189183339913,-1.5297765030551147,30.61788120431193
7fRTg,2.6662148362446114,3.272719989034249,6.669533977556182,154.39556919160054
Gtyu4,3.097402284154278,1.2485682377615128,4.243753821227339,58.13003855088456
64qTC,-0.5382042455638919,0.8479568434393477,8.151480393425393,119.38716310405894
Gatyv,1.1827929850311405,1.5159966816948065,9.072047241810974,133.98226309413343
XHzUu,-0.0166810227150707,2.1628841887480847,-2.531994123278293,42.16096284433228
28NOY,-0.4369895548961889,0.3769987156852261,-0.453258157239997,122.67988421049944
PRtAi,2.0359360626032794,0.3298584117620041,-0.3933939939833477,139.21209408706116
lOOW2,-0.0731066999318289,-1.473377879284441,1.273731711177566,37.39778456918376
2VfsG,-0.223521027219636,-2.3237064674822125,6.24028153224475,184.0738263730533
HXON2,0.4508421652234051,-0.3026096484818291,2.98193059514568,152.29876371110487
5eWrv,-1.5404889723165096,-0.9364436984726112,-2.637400585336953,129.17821880889727
lGYEc,-0.7211097685363838,-3.0773393296630167,-0.4279517363313183,121.7495000191604
WVbIj,-0.8919134086543955,-2.2906716725475373,3.8762387336599273,122.72576564618748
KoJZp,-0.1451955352063238,-1.2118907362509834,4.800686532240944,81.20997488254554
LFQ0h,-0.0676906023000434,-1.6784193356884212,6.289934696746597,93.52780399147224
IH8fh,-0.0508696899273183,3.385947024789586,5.765343793418494,172.75744576256045
Uolq3,0.1289024534539143,2.0025793647134926,3.2607888803332727,82.909784057777
tNmxO,0.9122207301786928,1.2759499212264556,1.5492436918150034,39.08426622959397
H8HQo,0.7715631847674085,-1.611253834002376,4.767973661076264,156.6889158088064
lFZLj,0.4225614747133923,-0.205232351191206,3.232824555280688,58.95145184921818
SGOu0,0.8046340090973312,0.4459942690827397,7.5425070718666625,135.20693868660544
pa5zy,-1.0457681760955373,0.5541799904482086,4.90081723493332,103.98107922669726
3eY1R,-1.696852192412637,1.8299472264288668,3.158107222928687,131.83693924364107
Gk0in,1.2538678276900266,-2.2706700439320144,2.6499671864224448,124.57094680493456
m9sSC,-2.5211490413129924,-1.5551643956371348,2.6920758762230808,93.58602583389596
W24Wg,3.2210913256258165,0.6481892455399714,3.5687238361318223,137.96107594619144
c0acD,0.7714533218550229,0.8051831439690065,0.1042614653378639,54.12303254135805
zoAZa,0.1852677097251808,-0.4030842356423665,1.9479002281081843,24.33761753911049
RLHMT,0.0566643778360855,0.1376735535929526,-1.085485944381487,9.349232136463243
Tq986,1.0847804382116133,-0.2362193347156345,-0.9448597718739632,89.04216120346146
ipukE,-0.4920767576810654,0.1381289708796017,8.758778925678769,75.77930337693884
ebDgU,0.2831093333112158,-1.1880851523840157,1.7370890320097654,37.43078811209424
75hC4,-1.8313598152571715,-2.074248007173593,-6.775122281608907,112.3050123533625
34G4o,0.5126943054296588,-0.083677510912774,3.6097618049139744,30.894250869323557
VR9p4,1.6998205286953867,-1.2266823094519457,-2.3018176251664944,112.31449076994356
B4DNb,-0.3736476091735396,2.134539547333563,-1.4049528555415352,76.68430472261493
z3UI4,1.3744443656576444,0.3770772631201544,7.612950367139812,126.5180762664579
iWeMw,-2.194271521583916,-1.4189585983703408,1.5401061476670224,156.04566164838386
RijUd,-1.244074156723928,-2.0402186679475114,6.8968658008672685,115.0319461523054
lrVbZ,4.517998609827405,-0.8983151774444671,2.7580904745343684,129.3517333500077
CDHhG,2.097050541333394,-0.6747725696029541,0.1881773565502339,52.71326749542211
OITYT,-0.3868590509201176,0.8657647499452836,-3.514996623340332,101.7180789279098
qgMyB,-0.4429559201434414,0.3812331534645801,5.666943677680628,65.4543580694184
XTWSK,-0.3289513807679428,-4.463994152076071,0.8596320990170265,87.64601799000157
g158p,-0.9897927685596382,1.0246792465114714,2.454406435599906,35.667279894207404
18HuZ,1.7723991561218684,2.5644547985410644,1.8051948250211096,61.74820646971122
x4rkX,0.1576315847214105,-0.5733691563541771,4.785700861182949,108.14943387016984
YHCpp,-0.8773934490931805,0.5268530339011706,1.1617958553107772,103.54212629884158
1mssQ,-1.0118714728236933,-1.961231316745136,1.625896995587069,142.52435643974638
ncLXh,2.1800110914033586,-1.7785084961248545,-3.5539030513226875,52.37428610140604
4SVWJ,-0.0644342070431765,2.3624925155962897,-1.6627461332895606,38.72233616066086
sMvJn,2.1133324065095755,1.2498923814058966,1.3941437435757051,74.75915167096346
yRq1s,0.1760694890973098,1.0965653138351974,-2.4382639591683466,81.53803703652505
tverr,-1.8225740312168817,2.9235465619415426,-3.4157330233341603,59.7004738921087
Z1aaF,1.1401852431564217,0.0782785501949669,0.7066659901128249,89.72237856579271
tmwSX,-2.3960957374681726,0.2628584434155889,5.278024220096647,170.49731490746345
kKbIm,-1.1888625773467552,1.6945415256688745,-2.0800530731140614,53.81693158866297
82WoS,0.3539020687587148,-0.7952416143734169,4.215334573941391,79.89742299899284
G6ArW,0.5089369947636281,-2.416520578853163,2.0881288764196007,100.34551484550836
9fC1Z,-0.9625067406118812,-0.1447658592000983,3.3464206077341987,66.42276058136794
YaM7n,2.9615466005610283,1.5157886926923514,6.185000273776085,174.1052432343683
UMGPl,0.1678531628336908,0.2450013847065243,1.512660751077962,59.444591864595296
XOwAT,1.4094652482221677,-0.1348327149819198,7.104558450234343,90.185898612512
1XvDJ,2.619301305325236,0.3075873538173092,1.4150549860091592,159.997155278526
r12G8,0.5930736373208142,0.3368754187530155,-3.7621916502612542,121.02431120830548
mB8G1,-2.421970652334983,0.7125809690174388,-2.2562531316087338,67.85401169508603
7KFev,1.1990719029272885,2.4291183075420486,0.1992726390682655,152.6192480528604
SbUqs,-1.55470381823196,3.195296017617576,1.6515783363172054,68.53526144744657
GEiji,0.4562976351048078,0.261391228110219,-1.099892905793788,84.35234919042787
Msbk4,-4.388988153797075,-0.3748617480020964,1.0084592506281769,30.21904612295208
v2fhT,1.564830375652828,1.5354685642223491,5.611588517943397,125.37634964517196
luQD6,-0.9143320304139084,-0.8121115722138429,-0.2653917944514372,78.14398804573976
k7CkM,-1.5332032588566331,0.1539961103459172,-1.349561269945209,39.78677031425904
VbK50,-0.3916609908996353,-0.1990557495313116,7.361645858780773,136.49028812329914
jjIhr,-0.250396359468745,0.2845197550636786,-1.8832190779015447,24.129005863718373
QT78k,-1.6114593378615465,-2.0019888117502807,-4.480061128551429,49.509309525047605
v8vxT,0.3642465400541413,0.734528983522115,0.9702886075653128,98.8841294356693
H36f4,-3.218934366045686,0.2767371703118847,2.5115393654266365,143.07884959633995
YBPlK,0.5530244824013041,2.862214226660066,4.42127376268462,118.09126286204643
Zib4W,-1.799897194049708,0.7349551145362002,6.283083178688768,160.42936051758815
tr1NQ,-1.0817932930472334,0.203474132531322,-0.7005996020769214,14.270483905231728
XL8j5,0.4298210595084081,2.1935586791467188,2.8594025548427604,95.21129558243408
SiR1m,1.4134068798667956,-0.2424487016767055,4.169568438354634,54.93314604367509
SYJf6,-2.4174112450994545,-1.3939156112283804,1.8545763779142697,129.6277872500581
wsa7V,-5.272825244516596,2.5602596234918664,0.8754687794630853,55.33774202518339
bxiOw,1.4962592956406409,1.3883385805498285,2.528273093666727,66.25034882602728
7B2GI,-0.289956178295398,1.1088801808109574,4.311373838308608,145.91894105309663
S31ry,1.8530187265647853,3.3196255597727613,-3.6187143720712687,68.97521043420144
Tw44L,0.0296271187658333,-0.9110080447010432,2.5421101482320214,143.76137890363938
bqOD9,-0.5818118521870574,-0.101857279952159,2.1174803841183616,97.21628863521924
fGvy1,-2.51693188114846,-0.3840656967746814,1.4429790347602185,94.10718186714
cq1CE,0.1237698081844281,0.6380977840953499,2.095034046943001,115.49899431526131
JpmVL,-0.6433963561301924,-0.8140632253789511,1.4875538503825116,126.31167719403868
qB7Hs,1.251894805831689,0.3245696658918252,0.2690098709356148,126.75296030257022
xbHII,1.997085323926732,-2.6230773975439026,2.0191787012744267,131.51228437762384
77i00,1.092995248136422,2.2035169281605302,0.2608876194680198,128.98590528190945
9WieB,-0.0077568962139584,0.3253642069855815,-0.6006250756499253,35.341082034998976
xe1oh,0.6182970352100223,-1.237627977478209,5.005237709611811,130.01602450226483
KeQ0O,2.420484739138872,-0.0844542546756871,-1.8352336122676192,46.95932747309338
QQTAS,-2.875304187342798,-1.3357399881321508,1.9313592523475376,70.69777666351312
65UkP,0.6747013545858513,0.7284186358340506,5.896441769450598,149.76024292325286
x730K,0.0248223356148809,-0.128439716879576,5.191576044522893,127.86533134417004
2GfYD,-4.1335579744798485,2.1378675395206,-0.3483048804046445,72.70513667494825
c9y6t,-0.7303815854085942,1.8197928595942885,2.170096008290699,61.46160363292715
6OZiZ,1.5016636703248962,-0.0478498725860097,6.0038046768734015,127.0172361478754
pL7bT,0.4990237453708471,0.3485731627664887,-0.5169001327289422,93.1951155332182
3OJFK,-2.1389965344381268,1.31687642451769,10.98893467071286,145.81988909203224
MMDpi,2.011868606516426,-0.8437882839470473,3.5370070769825017,104.80006458625505
cJvbJ,1.0149723438814928,-1.5491210939706503,2.8887496815769778,49.2828256898501
Uf9S6,1.4232161259519476,0.8893884246784414,0.2468986381459548,83.00149417932825
ttfeU,1.1637277665039645,1.738649080492405,-1.1073658153278592,63.87933306767102
LzXXB,-2.0907731705632218,2.177066809319024,-1.3936228375830428,56.95430613764477
9Bop1,0.7194762420388341,3.026531040147849,9.924063391557956,163.58177847175872
sy9wy,-0.6660245424427871,-0.3060452125905296,3.1105482448198987,105.51337867535086
q8oVv,-0.930560897297676,-0.1470802333403434,10.12302623200717,132.54306426749446
Vrurc,0.0445761682142904,2.3238479057646315,3.195300303616248,145.56237283656642
W7nXJ,-0.7068462198548009,0.2721494251186798,2.52719738208406,128.22799751830843
ITFUP,0.8819860420182302,-0.1688389898730447,6.4903128826749095,66.89403683172314
JmOec,0.0645504843628191,-0.1814604527100356,3.1571763319458883,24.412329579921398
o6vBh,0.7719732843218127,1.0314232969725408,1.7491792020914418,133.52634544758973
SWaCF,-0.2814503612670041,0.5473391994747229,-1.7743538915130517,40.31176701632635
svc6C,0.3217408100705233,-1.7632837646599946,5.516947901149889,95.7025981899437
8MPyK,1.4274398143494955,-0.5175849647118775,-1.0410018211180323,57.771204709502776
Cx47M,-0.6885957479770732,-0.498078346994307,-3.177211402862042,50.24457331664921
Fd2Ys,-0.8712243172576458,1.2525631163673592,2.1240180662481767,9.547635053564376
PUfOY,-2.1170823211787098,-1.80310792539282,-2.297381301292784,55.218451031375615
BrxdF,1.1489475380398302,0.7933781569646761,2.223780340012335,34.37383264357061
oGkCw,2.2953166331701333,1.5208680975090405,0.3864792709304821,132.1042649650275
kT5wN,1.4582248990390234,4.071189017739326,8.880408674075031,170.60041080487218
8y0Db,0.3831079879734253,3.1501502371304886,2.4456115796834945,32.25483646409814
up2eY,-1.5980890520747455,0.1123923481709639,-6.132136997260273,7.274780002937302
LvORF,1.7127070991311548,-0.0862869222815973,3.4187636313472254,87.91383638095957
l33UH,0.1157124333905681,2.9798920996481235,5.112992046580214,133.13179608147016
bMAAu,-0.5026655212931775,0.5583266319600527,1.1778485651919042,89.18150320730382
yNt9j,0.8067180051860182,-3.5088029726359045,6.274810299140094,129.66573452718302
lhQdy,0.2725816354263329,-1.7321640584683218,-2.5462576202338765,74.39595704022408
XbMCb,3.3512705172416104,4.0706269856096045,2.80443637439302,154.16895406649724
8E89M,-1.1694466785287996,-0.4083842293614,-2.856509403585953,58.97859131386295
h7bbA,-3.471957707724937,-0.3528858519324839,7.709135542549326,122.73668402208318
03Y38,0.5546688888446248,1.1483090303739067,2.3595957024665086,125.74981718715466
zHOh8,0.9238884034934716,1.6964463573468425,3.659435244699569,74.0355829433923
2sSBP,-1.8942079602964808,0.5161021061199751,2.631138140029349,17.041350537468507
cVzi6,0.1094253862998036,-1.8709273891945253,-2.9020523370087874,27.95495978813091
NNMbI,-1.5593336603372778,-1.0464289580120272,1.866890681828095,80.13090962082248
uGMci,0.8884444783576929,1.1095438099169348,1.231632055863932,12.579559886427404
yPVPj,0.4285194676206143,-0.6655306576554478,3.148302969185118,34.43775791169049
DI2Nf,-2.2139031471304222,-2.8911905229503367,-1.579711327375466,113.66942227892991
2g42z,-2.044186990718949,-0.3617987673174034,-1.4286702764718353,50.635535655602496
n7xln,-1.6611206110394825,1.0851067311141716,3.1173329664682106,23.38322858620578
PEHuG,-1.3791302742224372,1.1556228860093891,4.550601300696698,124.50092770392357
AuaLT,0.1795826652015491,-0.3229921035352496,1.774462197303624,132.41329428324525
9aCdJ,-0.252699500766589,0.9167200774488344,1.3081443222222895,48.98909572730031
Xbuw0,2.1696727173171686,-0.297018793638289,3.0419646248495256,154.77495508768206
GGpzF,0.3869895505601548,-0.7749408538731541,5.743711011734883,23.868570548240186
iiTtD,-1.9417284506735009,1.3293070012552548,1.772170598719036,85.66025762617664
v6GEd,-2.583253175177965,-0.5720943083292886,-0.5925406417876042,67.00084763975957
NgYSf,0.6322806848133894,2.3982732950382166,-1.690098042675526,44.68254773742677
FVoIF,0.2665644100638431,-1.4226123976712808,7.273399511420827,106.79213173139571
hwyx7,1.7108078226627066,2.067534273243816,7.773013966102727,130.15626699336212
pRVLN,3.7278827094132456,-0.0116143638197028,2.400234489056174,65.05512308528986
66lFG,0.2956573351280902,-0.7566924826448062,2.235323210905742,104.58348016475564
rB3PR,-0.0630029372298162,-0.1802404750086053,7.827945520087358,61.93278996842009
UDVB4,0.0761285433332668,-1.259126021548077,-0.0103742698902595,94.05990053038408
Q9sYq,-0.0545747034898949,0.066595353081246,1.1203697461603157,73.26905034159749
1Cu5N,2.026746584832824,0.6927713256633781,-1.0968122427420193,86.06629535112668
GyfmN,-1.468415100471691,2.5916251526033305,1.182229807871972,56.94959150535692
VQ5KT,2.8158676216623637,0.2042596355673905,3.26557574897836,63.19532283518697
ArTaL,-0.6041585152656264,-1.248856349184989,3.339554162936805,107.20074896329686
3FGc2,0.5307507985926563,-2.0016713306499345,-1.0089712114218576,53.39892199996545
XqK3R,-0.4543748672534949,-0.7216688879976975,3.8381781137194473,15.155976598721974
SIekF,-0.5683260640329538,-0.181226409671243,-7.746895921929068,31.864531633735755
060sz,-2.8256142952932386,-0.1609222803849846,4.183037940789676,155.7585349878167
F0Oto,-0.5707471230424715,-1.8609684520231715,4.961484414431221,121.6157379611604
ENCuS,0.9423778980643868,2.7981627849424737,-2.546385837242344,42.38354237396201
BzPQW,-1.1461077399749628,-0.0139047665287545,0.8260887628077498,154.65473310258494
HeAfb,-0.5844711292875734,-0.5037628312507071,2.6133847983515817,39.85585756700946
QMn5L,1.6004949324055584,1.7111096791628593,5.097858433160979,179.87314945264535
JS60d,0.7507935632786166,0.73685259057706,3.393756713946213,29.13447119840565
O3hVZ,1.6270168949966668,-0.9660824854322796,-1.9920441263919264,133.65999332237763
pbuhE,0.8977584561084867,-3.408931691470041,-1.7909960300453285,60.30346509572684
EbBjS,0.9749384509446968,1.2372165439767324,1.5287259378352935,9.928245038541023
E16XE,-0.9206395535625506,-2.4992468064251185,2.191526025580376,105.3663755605342
j0kUm,-1.410287928597346,-0.6433292515320896,4.9677792218884695,5.558983159523959
J2iMl,-0.1101184444583356,0.2609373668364345,-0.2214135062161456,40.89261706934359
nic0r,2.8053134005172216,-0.9036539196906058,6.106272921687016,81.67955541648794
wvak5,0.228480056423525,1.702048506163173,4.419063616717097,110.04012979480584
aJ6ze,-0.4508518399266331,-0.8618293505967705,5.410207594898679,134.51152634851329
AzKHC,-0.1045787827291866,0.0830002675306429,0.2897647200869311,42.05945856188932
sa9pr,-2.024882748508797,1.6824807804574478,-0.0564281098705671,60.80380698521951
ooqlO,-1.0716423821076924,-1.1621965429120549,2.023995790460322,103.1192850213157
SDteJ,0.0339594887944578,1.6575627906395638,0.4000344359159748,61.86359576494191
E8l1Q,-1.2194060193944471,-1.2287121020948255,8.994368382782367,61.38966069007626
L1hHL,2.0022248957950666,1.7741961300874007,2.870605208160144,168.56004013412462
UmdQ0,0.5620519141721491,-0.9097507478310456,-2.1491958432176967,5.168545937887573
qGQvg,0.8155677095608138,-0.1183136179820254,0.9502063473619508,19.391899951629377
sy4I7,-1.1518125278764113,0.3981920080645132,6.903665084708064,146.80854106795775
IzqOm,-0.3312171823224764,1.6212571502455604,5.95566638235266,134.01152964884164
yjXiy,-0.9512696616753916,-1.2882416223132196,4.032087905694123,99.90596955073
PgMmT,-1.908691000153382,1.4343694030054324,-0.472966923255977,54.57506737706122
HLBOY,0.4837328415499232,1.5541560404979542,-3.6476493058932458,28.22441783929453
wJb5B,-0.200032751680898,1.0066379056096937,-1.005052456444981,54.688439790546894
Q010R,0.1483557469837094,-0.5436385852248986,4.45677073006796,75.74743173783092
fjGR1,1.5168703679803317,0.955531081607102,2.2876839747429494,111.52142947575778
Pg773,-1.4976271455823602,-1.2341250569819862,7.952541495978439,134.1463417346192
0M33L,0.2210146973540613,-1.1068258464320149,2.601809250019021,58.75191735466997
XooSl,0.371732770603196,-0.4171378509746793,1.79092373560723,77.11637153767316
EdAGB,-1.9635802847772503,2.466359528617335,5.5493616302831175,128.88319941998608
ocU2n,2.750053803450455,-1.469430645504156,4.242731238899605,143.13581680318742
earB6,-0.2693283146688364,-1.9806657756768145,-0.7674391371210391,57.19079299348093
Dz02x,-0.560555833404546,1.3487465320681875,-0.290482736651398,98.9128595316654
4LWmg,1.7478644669100332,-0.033117937758673,1.6676322976983762,30.46272953977884
rITgS,-0.1300887399003072,-0.6302326177130829,0.9191601429235592,5.373014001076084
NMwhu,-0.9849619182150152,-0.1059832846188233,-0.6358180770961755,14.747279764323055
Kx7xZ,-2.748600545495801,-0.5486748203735631,1.0891775890339268,112.33342357757566
yI9IY,0.1260554873002452,1.769961014403582,3.3866925826303054,143.4815495788177
g1Lhh,-0.2915658468401412,-0.0518775647003219,-0.8101546415341165,58.75359778760806
AYWvK,-1.2439304696632285,-0.8813211107433695,-0.4702447143527526,64.47364672371675
TNtIv,-2.9829453766404552,0.5649755074869276,3.8947467897060255,158.0471281892621
Zo3Xb,0.4366042331499047,-3.952392139538616,7.647725427737487,115.8277184958908
mrzPN,0.239729967586057,-1.2251469084401516,1.2933590796952814,35.96577309084816
kymFo,-1.9828827306497032,-0.7692138147716507,2.769687757703855,70.65559940358526
tXS0N,-2.1536258531670733,-1.252146782764835,4.002049911611077,134.14740267577096
h0KtS,1.2220502547697292,1.4973952697936892,5.821435545748511,44.97658008228338
maft6,3.2094104540247232,-0.1758372846326345,5.108302405667882,170.41199477665344
csgb0,-0.6982934618934872,-0.3013972471375767,5.2573868960556105,72.23671836725491
pHyK8,0.7461467368391872,0.7774542332754986,7.269488375370934,122.5004806476148
j2dcn,-0.2175833705174365,0.9660623490459876,-2.840337661963716,50.96719859975243
KcNNB,1.4387585003135166,1.4289330871184382,5.557478917548639,90.6325523853053
x3XHp,2.6316307784859867,-1.6823818860622544,-2.517234016025596,36.41309339133335
kvyYs,1.191758048777054,-0.6088376793921331,2.932835002865668,74.05963494046274
f2zy6,2.7294150025987007,0.1145851526688358,6.103697840523688,184.26251844195892
0gQPE,0.2710387759037647,-0.4957946847343012,-0.0454264836160666,26.61908442140104
Gf3Dp,-0.6252550251370786,0.5838932925371962,3.329792306824733,105.10067075252095
akwDe,2.4821795387334658,1.8174699396963416,3.4226838996442126,189.7394791615721
zOfQf,1.8726981898996249,0.90434205924945,-2.0040446581264524,135.57967248188757
rcsZB,2.3252489032159294,0.0892981578363439,10.192497347149333,163.82881068554832
zBoEL,1.0251448803429557,2.718829317133801,-2.8299085711707765,86.81989931395442
GSfJF,1.0430730246674051,1.590257819003572,-1.0454707894471094,84.98260614735752
fuYDy,3.042583255722416,0.963632524917366,0.222084793567876,183.65276594780192
BqbM1,-2.2262943391271257,2.098067490725121,11.851561539072256,176.8687148349829
ujJ37,0.2732623291312627,0.8188088300589584,4.282434557998856,33.541607006623046
nJRsz,1.2959787405818608,2.6468655806565797,6.234796112204603,138.46390912331827
qGPTB,0.5123193048309987,0.1835352466758296,8.48902856092342,124.15101708760186
j8pEY,-0.4118232948915301,-2.531477205655201,0.1188145965176144,89.1221216096347
1Rpm2,-0.0783797459041159,3.2273642123073567,6.434059337300699,150.54892391799882
8cla6,-3.5972507141076973,3.210659486313601,4.518660953169298,60.40040740526735
Uq3cS,2.3368991274514115,-1.7713664523686896,-0.3206075921408136,35.279843663510256
ReRJM,-0.5550896899172472,-0.1161458295969438,-0.0130094419785944,101.04071087325796
stLaq,-1.7127840895487916,-0.1698846575177516,1.1186874047886508,6.061098266027424
Fttvv,0.1385090610803943,-1.051327043187367,-2.425784911005369,131.90391520222843
dgqOm,-0.9194731664620396,-0.7488585092781883,-0.9463079555709888,51.47718019022224
knav2,-0.7152976554473508,-0.4466117215246313,-1.5860405116300464,32.17597683638302
KQR4W,-0.9357273899961804,2.5245850346811527,2.268634655336439,184.8456957630061
2hlAH,0.4305975366360901,-0.5401159837604507,4.378352438710135,120.4649538783683
jOsEE,0.476285158476794,1.5058057228120738,6.238875214270191,127.07616961578664
gM4r8,1.3793161263497564,0.6247406008362967,3.4706309649607268,56.49951639231213
iYu9u,-1.0988950501081776,0.4134756143914999,9.515295060789445,127.44968809019966
4W7oa,-3.5080007795053585,-4.202911757683186,4.006717780066366,138.68765579830887
U2auY,1.071118273608225,1.328195927235729,6.146368835438582,36.76798156732396
y9cc3,-0.6209008302293674,1.2766878341610224,2.79490424843246,134.71017988990658
Y1nU9,-0.1957981305278392,0.830388069674273,3.406455214351493,91.5215128096443
zeHX7,1.411230219722365,2.433854614949883,1.522802718328942,121.19248769509952
VZhGE,0.3903378272879923,0.2421354757131552,6.166718739479432,144.1618676060213
ZS1Bi,-1.5500506273434134,0.5733836993082716,-0.6265987936498046,40.40492095697424
ERa4w,0.0289052844750831,2.899548840025152,1.5223014244053514,119.49839514646594
PXcu7,1.2028899727337132,-0.1911760023223418,3.83229279485376,98.27620193410888
bKFXi,0.8971260903297803,0.2191031822416463,6.39328626921053,119.11064330831816
M4QNJ,-1.0273971120616452,0.3463656884572545,1.7029506833124932,33.07909465243799
t4jRb,-1.1979040944676798,-2.0661782065923444,8.61002796575589,113.30095434392082
i5HBH,0.5876076121895314,1.490554599019126,-3.4175729425979484,14.86495938010068
ouPIx,-1.3455595851630762,0.5516929254627655,5.4081339918433216,61.82926995060597
KR0LA,2.3937423079624245,2.7211116906144426,-0.5901253495068826,77.42981067624919
yfNN4,-1.3503605371208511,-0.7697393807522397,-1.031908272198691,24.25602083951593
1OVyP,0.3383494577190701,0.9156666688993028,3.716918198927485,54.971649792935786
QkrJz,-3.3472846126981493,-0.0120750633419309,2.5303799246026086,51.077914025322045
60Cnk,-1.725775803702822,-0.7183802356485485,-2.273566191922482,19.980360926144733
2vB2n,1.4114641074057508,0.7811097284901641,6.545130333903352,132.82045742259228
byv4S,-1.2427077688957442,0.1090555920243988,4.481697214610786,67.08854780511794
v1nhG,-0.183701986917393,-1.221793328128261,5.033894342384935,133.16939442844705
kZdbT,2.9419717178874367,1.0964679441861789,7.109139487192228,141.64216387631618
s5Xbi,0.5720489724590955,-0.3352100617447468,0.5231057501418344,27.62524322817964
7Scy9,-0.4286226455963789,-3.3579509189751904,5.035262520195981,60.70900302344309
tnNk6,-0.492675442559364,-1.802712873776388,5.064809808114463,105.3825248461931
XLMzD,-2.966780171936896,0.5623172612751721,-3.826670461014527,95.47535065495836
Cwq7v,0.9230219673596696,-2.4750208644284664,3.7419346125255073,153.08916211397724
NT90q,1.877074115068645,-1.624152248699864,1.9316854108971488,117.65991032810447
d9zZj,2.166230091687299,-1.2117481530655954,3.6760687194961457,67.72385359194244
QMy6H,-0.4202461327210546,-1.1218483666695085,2.2416323562679907,55.75269555504462
vDm1T,-0.039909669940098,0.2883977956165317,2.715539839139498,32.53842789910494
Kr7zM,-0.9491895132209592,-3.0974806045343333,7.120346664871957,93.81096134917884
wQBtz,0.0765929841854138,3.0902300967316263,3.098267031767881,102.92805126060532
a3fID,-3.4963157923788053,-0.3842343814918871,-4.28196776444958,45.228177166742725
kRz13,0.5323221224597768,0.5935949277349275,-0.0352191494336986,21.74130503119836
o8N4m,2.196563638041225,1.371597325673244,3.255932756382452,91.1365316824898
SGgsi,1.0850073508445264,-0.4422388504273929,4.033851484926909,145.48399114644874
sj9zZ,1.7834607383477148,-2.292913188916541,-0.9700578561339634,58.4884514332785
gUPhu,3.0043005599237294,0.4125419190601229,4.96117312448329,152.2524437043437
buFZ5,0.8799188810939771,0.7218043783546927,3.3401741822048328,52.90066058068796
jtcCu,-0.8701091147538129,0.9635826740726,1.819152643104744,77.88699273133987
5zcZX,-0.006349002587798,0.1955380789458096,4.457331897358821,105.00256143791344
mBBYw,-1.4748028917551417,-1.568692007545849,-0.656064536626791,69.80932776260771
akd2Q,-0.5929596038051735,-0.832309212961201,3.5540134257499654,112.90918907158976
kwXUZ,2.904587245993881,-0.0102934147150156,9.353570053301668,101.53290468623857
SFWmZ,2.133987267890988,1.2017463947321425,-2.292505992844536,122.59222051452502
tNYgn,-2.3580624930927767,-1.1598133889272062,-0.9048272380980746,137.0405806312419
CSGfK,1.0857122632589835,0.915618779652404,5.044466368795919,36.92012030223714
wnGxG,0.6478761505847166,-0.2375968991624614,6.810313672852462,135.4779857227957
0j0qj,-2.369793685708161,1.68204413818541,2.073797310118001,164.72714147899657
j190w,-0.2036812039961733,-4.594982378490796,2.045283921766694,171.21591737903543
yNPBm,0.4619575953852211,0.7691074190476215,5.000130538854727,88.87933353199996
1PnwM,1.3355246784244312,-2.1192066961835603,1.4819772132024431,95.620954340975
AmbCz,2.5415937846123686,0.1861282779822539,5.732527816722442,77.47344334844068
A0HGm,2.603759720215898,0.1358357315615907,5.880314631806451,172.11996390570675
gpDXY,1.8534497909572685,1.0775152515451345,4.504936714858114,82.18013595108678
TE54v,-0.2240247061129514,-1.2097992202303876,3.340148935817832,105.06162387766452
j340Z,2.8952633423276177,-0.5517620677134449,2.8965753176573776,75.63225846745114
SyPvA,-0.589705368254697,-0.7190150325515136,-0.8420226318527133,65.30869421274544
aQ6d9,1.7111169328869853,2.110986262940637,9.575490473864225,59.26064297600489
GQtO2,-3.917813406033402,1.4209020980808766,4.737941044388253,126.20113441853094
NF6Z9,-2.6774645061152675,1.5349893966399335,3.4647785454841324,125.28146542418806
MErIZ,-0.9935898508135468,0.0245994786333091,-2.863312149406533,13.087234553562563
t5ETS,5.172092896553173,-1.3813566929625571,-4.327055469997922,54.377082571039246
TYtMF,2.2802968664383694,-2.84263677154654,4.113300381568924,111.3052056208962
EbmLw,0.0132399270721009,1.7002367740633573,3.2385951078330564,110.1522427690952
9iyr2,3.2821019602625867,1.7358687725710775,-0.2100366160009277,70.2727391910342
oh7tz,-2.639119868060358,2.2816792988715062,5.861365260700466,78.96582888536989
AvEUO,-0.8698987050095313,0.7983351241312887,3.0094953972853804,29.38369900097635
0b5KD,0.0568454213625647,-1.2083216879603906,3.740515039271638,153.7738935798373
o1dQK,-1.5213939087928243,-0.124312869071054,-1.9658148716763173,76.61082625580198
JvPsz,1.404800657957628,-1.142124088326731,3.676955838558297,47.87340811244943
VRB7Z,-0.208269449599235,2.6839732223153545,1.9226059104210484,125.45674628480452
DjUPx,1.6846856282247642,0.9028222183047953,5.551885218761324,151.24389134309024
6tIxK,1.7723149222605192,-0.9778162210867736,4.698891523115293,92.2633367643074
urh1F,0.5814949183900789,2.215488243590789,-4.804122750154705,54.20989386561704
ovnlm,0.7920656191995186,-1.579030495636309,0.9091586366376518,58.976240662351685
xh81K,0.6810325230170061,0.1679969807577339,2.73115242657756,146.10429842223712
Ev1bd,1.1620120556284272,0.4138147856761481,5.487028202737298,36.81246239514493
EZIQD,0.0125963119705397,1.2588793552593796,3.4959748845471914,96.11047590665632
Ofnf1,-0.6137856218891217,0.3919550554067753,-1.706560133488755,31.251532063649734
ymTvG,0.8152085437981998,3.6604005956759567,-0.6452570645394982,54.78383916955936
XLj05,0.2344231216016897,-0.0884806263680381,2.7789634209010465,67.52729708835989
35PtX,-1.184276322463886,1.0787347329300472,2.8252257755136574,103.03388010695151
YOY7B,3.3454941259763755,-1.3570553207863594,6.444559025988188,129.29683730814844
uk2Ke,0.6748066357262942,3.037550936901145,1.6497414275726026,116.26344573800928
EvplJ,1.2453313031949351,-2.008038183615101,-2.945942688114472,124.99402660018966
54PWv,0.5006115351271901,-1.5788909815467191,-2.8493523116297923,13.050140954730418
Ba7Hs,-0.3187623393198954,0.5676805922874162,-4.455220654289406,35.990919028877435
TgkiU,1.6009759548451628,2.671662250253012,3.307556209987053,150.67558401877776
QOfA3,-1.3993546435741029,1.3518066093375942,4.55635838071682,113.607500322755
zZjmt,0.7881192836294824,0.7733420192202446,-0.6353931971861089,55.49751845196015
oVM1I,1.629550794212405,1.7410757078577597,7.056811826060602,134.59638283604394
U8Ux4,-1.3580032750212463,-0.9022344856423924,-0.7215048216905937,50.592623018201046
MtWLP,0.8231889960598391,1.2769273824098395,1.4615858732258242,27.90272898044052
XbkLx,1.8496554567736867,-2.425006485141024,0.1462618111305244,40.71524932476815
6L8Ol,-0.389006268571551,-0.8329932315930191,7.9693371994214015,127.50246182995453
aDmly,-0.6044170998016049,-0.2320083531039863,-3.3899929402709468,34.85516376680062
6fKgR,1.652052713454709,-1.1363176189891295,3.3032513551807297,105.11367820131936
TIY2I,-1.923353932595531,-1.251922319587062,4.251007085623339,86.61908035558201
kUvtI,-0.2116586055633664,-0.8383190634990835,0.6850557625939309,80.02259960531671
6Ibfs,0.4276591292110635,-0.2073830753764282,10.244163990297398,101.5076626679452
Ou1Gb,2.0415312693069128,0.4163167690261171,7.9534329165842435,115.43714674097627
JUv7a,3.59706369912005,0.8556914259492163,-1.933027189646937,64.96775144774838
XGi4O,-0.0647034346784242,-1.0454773324476152,4.367827327114888,123.8345005098749
CFeLh,-3.2469403370205363,2.5650798729013644,0.0929794179963727,164.95404186380392
d0ooi,2.0277593369428946,0.0848452606757652,0.6323828933540551,79.33929149348819
3UfQD,-1.4585025468365893,5.125439197416281,5.840522002701692,113.63036974147462
rHYCv,-2.936567629021116,1.506201747417384,0.2342915307065407,167.70219512886234
TzJm0,1.4162505048072274,-1.131660244211092,7.226406940943211,111.26710876127908
xeiU9,-0.4252870452346786,2.684614474912131,-1.7734241983509471,96.07958779761556
PPhw0,-1.0999689494386322,1.2390975160940505,-1.2137476327828054,124.90336820009831
DDapE,-1.6075077800138362,1.06264759601972,3.9727078286451656,133.15964342638443
Ebffp,1.6938668827699972,1.6471651477325544,3.037885424115815,47.42396066281923
n3Ntt,-0.1732670251922424,0.9825424507778384,3.963672770370819,62.75802493533153
xz2VW,1.395818608377384,-0.963379091644437,0.6993860367527245,130.16728547245285
yvoQP,-1.1871898161447358,-1.0505046758528969,7.545606812077218,153.03013089450482
hIhs9,0.0914044336372918,1.07148778784149,1.7439575623670631,32.578372565504345
PKggg,-1.5006354213740605,1.5032559584857497,7.849585480689278,141.41120516968354
F2vSQ,0.3572147791803498,-0.0445062936150515,-2.255982681933752,3.5112933999566014
g0ABy,-1.412582596268961,2.497073241940732,5.946874051166798,181.8673882869294
Hgncv,-1.2249606112231397,-0.9830003258035328,-3.1012347159925118,18.892973963868517
ee2j8,-2.1659013736169266,0.6450881159477849,8.27931529148948,100.21064288470065
DDse6,0.4840001333557034,-1.110533822643217,0.8786415941346117,87.22597726067146
PbW6A,2.945446980885728,1.6077374243624092,-1.8605228579469468,134.0609521648836
scfwf,2.60394238787604,0.0815077004800905,7.574833449429144,81.774906661558
bDDAW,0.1182965414598325,0.2941081695513978,2.933264215085864,108.30926912544344
8F2pt,-0.7688514145187635,1.5611103666291677,2.7003331390594334,12.542281178840163
cCnXS,0.2445962300602433,1.070664063671762,1.259492168696222,17.39057257751343
oLM1C,-0.6188126445529116,0.45536963226651,-1.7713817298894736,73.21176872214772
XFiMY,1.777458058514904,-0.0005059948080439,0.8276502570605642,65.82628682851892
Cr94x,0.1906743326034375,-0.1054093387793846,1.4251754626689332,102.81705570365956
xpPfx,0.523514978151361,2.332090747957053,2.2868383920406057,80.28625087367718
Fmsbu,-0.1724112052706107,0.3776610421762758,4.146828661352681,49.33749905093445
916Ru,-0.0826107851933189,-0.5428864058108405,-1.5956955331885312,21.739657918873355
yeAh5,-0.5445807396814477,-0.8545122316584599,3.763082936162103,83.05803163570718
ycCWs,2.2191465701716675,-1.5618694441576038,1.3970675466514035,99.2550084577697
gg5Hr,1.866040025931217,-1.1212569924067106,5.997749677098362,136.42912980328487
10nrG,-0.5944345921883205,1.8616435413559893,-0.4030653246887768,34.52518817685129
pPzb7,-0.0505324202954566,-0.2701732770703701,0.5564720763449404,109.9721748921446
0t1Pf,-0.2489153197114819,-1.118629870548073,0.947646880069252,110.52106290717086
5pRxD,0.0215339700482263,-2.6896180054047614,-4.719905007167703,88.9776068890067
jKZHs,-1.005682256055226,0.0860968386976153,-0.4697826811737209,57.04108671832997
XGJkE,1.4144770247945109,-1.005541234385678,0.1681021290306545,79.57494705254278
k9qxg,-0.08582834013025,-1.0150360174292463,4.469553161942388,116.67345272417307
r6haY,3.4571896802951287,-1.7568780702651716,3.8321720026756254,170.98704073894834
GOa9p,-1.869070964066209,-0.6752794923553302,1.5617018036389834,111.98149425567864
4paYq,-1.231084130832964,1.1213162503158995,8.095647870489344,114.12525454125006
ubgwh,-0.1367453834618322,2.714528790458652,6.870256269351495,129.15164414952824
7BoLg,0.7303545383379227,-2.8693262787932183,-0.2745523408190902,148.12615174570274
dvikT,0.1525277673352498,2.019056232663945,4.855367951568689,106.51729199901985
Z9yaq,0.1392129293277005,0.193316190411513,3.6244849218128894,86.55367526957508
ocMxD,0.837831959006073,1.9976944716608127,-2.2214068115204006,60.40803873625682
psoeN,3.688141053462137,-0.2131102559901316,4.787485829942853,92.21279131760316
EpX96,0.2358781874710829,0.8508411268412108,2.71807037960914,42.26162860061891
Q0yvn,-2.0809250348579704,0.1584776266502258,-2.564251772095516,90.10999545379286
eN3tE,0.7737156531054258,-0.079980135539587,7.069483079268303,159.46388974282632
d2G5y,2.2167431986980195,-1.5451557122245851,-0.4678042413177372,92.12728910204248
Ki2Dm,-1.107038915892428,3.412744382178149,8.36914452363277,184.9746161159312
iSukJ,-1.4369730245958192,0.5190284545708477,-1.5678781715418724,17.437355319099886
aiUJ7,0.2057803912265411,0.6982767311353271,-1.845194563385825,16.281503867710597
6sFIn,1.5207115814706786,-0.2492628244480005,-0.2618401920769784,30.82810852442402
BKA3X,0.5455260321000013,-4.10800084607888,-1.1208150421186145,44.91730031559739
NV39J,-2.0522446190634933,1.7740281316898,5.569879051323875,77.53546492791828
YnaM8,-0.1734682713276338,-2.4348245718333987,2.9700406033522047,79.57455622793371
VmkAj,-2.485547592358912,1.6364105482170523,4.565662767908765,84.37747719728848
HN3fx,-0.5610419793055449,-1.4628181958514468,1.1666650539560308,151.99531907360932
yceEJ,-4.297308322871254,2.510169024523057,3.239097253836383,128.82844568340045
xcHO9,-0.7901580705835503,-0.610459370736703,2.7727695485749595,41.34467055138261
eb0Q5,2.0896168548317875,-1.9303554184024567,2.54878950385666,89.79448264377324
cezIh,-0.1638304945709957,2.201540446258797,0.0509416265630221,55.26908947416354
Tbf2i,2.8635879487307085,-1.462964187427091,-1.5754113709885766,163.42521566148582
7OZY7,-1.6907640375001964,1.0661276967720388,3.509413663880585,79.78577528083373
EmjDV,-0.3441686991596926,-0.6328951249191077,4.560393303711528,151.2838565756914
3VzCR,-1.0932807512650673,-3.824567322691236,0.156944931626846,162.1216687302259
sf2m0,2.1647298526316625,0.2356443371829738,4.660155034274196,48.00797080435185
jzqpH,-0.8411884376059166,0.2542030482743605,6.084306653150881,123.647306602215
ktNIE,0.9147069177758206,-0.6971061070237212,6.426891601474491,54.14313382406347
8W1xk,0.1363667763775448,-0.3579429067870802,1.5759103153610337,48.81436717211492
J62b6,-1.150722579824921,3.33407148245492,9.557981804532725,173.99358800390462
sFLkd,-0.9334466974607528,0.7258958436530997,-2.9720204576576617,18.20222786965698
RrUNq,-2.4863542898878817,-0.4636632173008054,0.5204652926481415,102.93332512908944
ajTbw,0.8464510447413921,-0.0540319216163298,6.307666719114053,86.93000049554752
sEX2A,0.7205755485300874,1.9072977841917644,0.0511272107056566,107.3453075043541
5bS8C,-0.224713165247872,-0.0882418565304883,6.913880850211019,101.63256808901168
B1WxW,-1.5102877545583298,-0.4874722216913765,-1.5989845285797502,0.3099322817654286
8xst6,-2.920034577344848,-0.9432493708321992,5.655788447917661,155.835883722273
9Q4MN,4.1575873120751785,1.514284515162604,2.0401031112341665,105.39980571110222
CoA1x,-0.9935840450834094,1.7637574865653751,-2.185745990707299,86.70912520763136
OjubU,-2.861644595488284,-2.4224395788296897,-1.34339871892913,152.27976326774535
b0Cqp,-1.8510163616606208,-0.424959477346725,4.048805929144678,129.0454098601826
Ymvby,-0.0073466082835598,-0.08345124346665,1.9739196210099377,100.21866332843476
2ksRg,-1.4438032176061462,-1.6703714115172192,-3.9863521715601262,92.77091897904334
Wu60D,-1.2092145583026228,-0.1865247937757391,5.795459219328036,33.18758868300333
lglEa,-0.0429309198150649,3.4380755645339613,5.004808572405659,134.96560952139805
fGGtN,-2.6156150850350044,2.721221201071337,7.810901291114236,158.1054927902666
UYKcc,1.0268046419406835,0.2662688926849669,4.07293786768009,111.37947313753943
PdYWt,-3.823538335226944,0.8559361208133269,4.429813484386746,142.36300277919213
vaNi1,1.9301895608176745,-3.085040202745631,3.957913582897599,117.38331605890554
oKkSX,-0.8202175760828389,1.3378138670315698,7.5525455907682435,125.39271319954146
n8Tju,-0.7081160472711654,-0.7222272804734852,6.3192794802872,112.83619267614128
eLrEg,0.3493969566900681,-0.990803764769974,5.227429530431445,133.31064863571055
UVW0v,-0.3897328984598569,1.3418801817770003,-1.4132286369973142,21.87792796317485
WmTqs,1.353315633640528,-0.2706716461494631,-1.4527055917351592,30.33725049383434
gn2cX,-0.7442207946670651,-1.9804040342275293,4.201390396766609,135.60103057953933
SBVfs,0.8612300825774278,-0.9010837969994508,1.1908260545875686,60.782521642975965
CYxYz,2.2461778506948336,0.5331304371016189,6.472114098037139,48.74192987375187
WKltz,-0.0761365058804216,-1.04553726614844,-5.3494285786598645,8.74741715222797
4N0AN,2.46796053782069,-1.5990263848483262,8.359648275156255,184.2224343652864
ACFsq,-1.4230100364840763,-4.042244675367509,-0.9592989709085452,175.1808762448078
NSQwO,0.0793608617965807,-0.8741220296796469,2.5676284106397005,48.23030275770508
V7lpZ,-0.6950672943000729,0.7996874843627286,-0.068825120217935,83.8117159721733
5RB9o,-2.521945629179069,0.430774270863168,1.4484791190266706,137.95588453403133
uSFPM,-0.7521792235980721,-4.362342566988492,2.018297360700964,137.68693463458507
Ea0zJ,0.930601865658738,-2.6696714769083925,-4.267784969259679,65.83580738290838
xiNmC,-2.248927563541092,-0.7190226929712088,5.498606041980731,140.22194717502074
rxMIn,1.4737058169220445,-1.3509474034235829,5.9396686415343085,128.55910236374325
IJjxr,0.9076993468770042,-0.0872873967552046,-0.0342843956268821,59.23939939116018
QU0jG,3.789842137717326,-0.9263026088570946,4.229232892768541,118.72442809478788
MmdKA,-4.423709577069586,1.660844163364751,6.580157587756733,165.10308161191242
8Z6c5,0.9804033837127892,-0.3215742154901005,1.8406024459860704,2.456687303479128
pE1dT,-0.0608855637623458,0.4374973287692789,0.5303885566697253,56.55245952110044
vlbTZ,-3.68795836616014,-0.5762473806543039,-3.1043652406216986,107.61527376300828
aWseT,0.0843101185327764,0.1720805136944076,0.0326450122006312,132.1458163660804
AJEA5,-0.0518403263687025,0.7279912779727769,3.5271042651126234,34.6826161996943
pR4d8,0.0491952757067525,1.7059547723961528,3.87907975822186,110.07019714142726
gSsFe,0.5423338921286829,-0.5246089074410638,2.3678495788859952,66.66085149401454
IAD73,-1.4851515858237012,-0.9507988664523456,6.044953844573555,25.809401008052408
eDj4O,0.2029309376343606,-2.329248720884161,1.7492316885662105,80.81042553988233
S3Mzd,-0.488209427041661,1.5783224223476349,-0.3495631667408592,97.66685989208383
CiQlK,-0.063245562468935,1.1339686896970909,-2.4967274774256865,79.25705184995999
NtmCK,-2.004853399711602,-0.2879857272259333,1.6643219711638595,37.23478704820348
AYOZ9,1.1072779110425777,-1.090250075783662,2.471226456318856,148.23567635903322
8nXVR,4.118736540513168,1.2318865432446355,5.323860618313446,177.6726137993276
4S0Ew,-0.7048540423307982,0.3228285556406382,1.8481819206119143,41.91211285771049
5XSAv,0.1833028690215272,1.1699249578401223,-3.6177281458847146,13.499118426918772
NjeEh,-4.646640757997047,0.4483136370387332,0.9444024630785914,93.7490450961804
NwHbU,0.7994188910030633,-3.4131002190410764,6.966602684534288,132.2139408561611
BTBod,-0.1696654018608427,-3.460326988997817,-2.497642284917839,58.30364850298425
caN3h,-0.1084912065626497,0.4132072289258557,2.870708817322712,77.04929913813946
JmpPq,0.5149146860518513,0.4730244309802168,-2.439051494232098,58.432574868916745
WJH2P,-1.8230033068350568,1.1022901995172698,3.16676096293351,141.94538203748505
NMgWy,0.4951376340015021,-2.1932926014183725,1.90871680005458,113.72338635334056
dOeJi,-1.27753915290197,0.2596288037317814,1.4456026960682702,57.51308705361032
dDvWo,0.7683326773979687,-0.188735180634836,0.0449686516689733,97.61798133247056
7ixnv,-0.934112905213118,2.679492594433992,2.922734139488753,135.570725989828
Y0RLE,0.2132866259035232,1.754528856343084,0.8877097303901094,16.568924875976965
Q83it,1.3218441231302245,1.3758048129401492,0.2797653409767355,62.09231341272034
D3Vu8,-3.194921098079527,-2.709485598740176,-3.385301741298255,50.29158273250148
eDQ80,-0.1718631085794814,-1.740057455776569,-1.0300812857043455,80.3472685383184
XBvLa,-1.952816688529034,-0.4865425625482016,2.576354287507802,82.0532795907795
Qizjn,-2.057579904409413,-0.5996311999202043,1.3711613236411009,109.14640085691708
fZbOH,-2.3275880169855627,1.0108910586161377,4.690965530405981,161.74223166750508
hlQzj,-0.1175611974039014,-1.648274196670705,-2.336096164502956,73.00820714047066
X5VNE,0.4908044291328869,-2.7646821131347155,1.4613766795673082,152.72504590213066
f3Fgy,-1.0606685268751144,-0.4718190931266391,-0.212529287266451,30.138865739359176
QhT1x,-2.3645760793722173,-1.187159971488143,-0.3201401102901804,104.03346467264268
ZHbrq,1.7817374075716863,0.4400445140479824,6.189250813674136,48.148308023658494
H0d0n,2.6040869515010447,-0.3556376285485237,3.4148698529441424,88.07189506875562
zhGdU,0.1344639697774701,1.6209261390970002,9.28996398773615,101.40098452907164
MAu0F,-0.7398027182924435,-0.7067774544707733,-2.581681879594728,41.27019973579903
5Q8HJ,0.6241818903942445,-0.2257762748782452,1.9632694400410493,109.39522913799551
YuIu4,1.00072553297931,-0.8778906168147886,0.7921463116795311,4.239462310241508
qb1hf,2.438137172218214,1.153647198645219,6.127725361949416,103.09732069930664
anlA8,-2.71647956744858,0.1304630114583173,2.773114017866245,55.990570463901655
4ngX3,0.2551358966006341,-2.26765305816123,6.353080105706559,126.8055381865846
Y2YXz,4.1860190879248025,0.1985424509764565,3.3744969528542548,110.64411197888232
qJ3qP,-0.7545165830995928,1.5286033853676608,8.525424672383924,124.8900421483127
eRLd3,2.1930579082760038,-3.3209502932166965,-0.1222859484834915,108.01703431354686
t1VnF,1.1540632175486305,-1.762437882165466,-0.6573416729652783,66.19723930944119
RZf7T,-1.8277751085700893,-0.3770490122291202,6.040312402897242,54.78148780059251
8OaDD,3.0552949157696427,-0.9354516031393626,-1.2462025025271766,69.55142268025149
sLIhB,1.4126523488955052,-1.9123813492803847,-0.9360331761805304,62.21343202117279
hwSne,0.636037921023739,1.5996096530511077,9.256976400693084,43.37039417290336
WYcFo,-0.447797642360019,-2.513602871826248,6.375300729801878,131.72568698630508
GIjH3,0.5382863557351036,3.044085777266384,3.3496722540809563,107.53254893807332
sMYNg,-2.798573368129056,0.4435999131385481,3.37011165580651,182.0792644495193
SaFtL,-1.5246615377618329,2.273168392350871,1.1890594253665734,136.16135509426422
MVczo,-1.149863915243736,1.1901052400774643,6.628305468965952,123.99957275152715
dbGSp,0.1710816647245393,-3.324910653254449,2.4694899139205813,155.50845106206796
PPFWS,0.5488399209097875,-2.858253012713882,-0.5378082315089405,114.72529523834984
ZBLGR,1.1117206251559812,0.9086205102823702,1.6853739861427108,130.45643872342345
JawzF,-0.2428498508793655,-0.0031353637600566,-1.2532788888064728,73.8287663735203
cGdBJ,0.4171145566134544,-1.5860339416110298,0.4253931746352975,85.42167858946993
wNxTq,-0.6917719093622382,2.7606703960047354,1.86271855525462,29.704561818270165
xMflZ,0.4690246138268655,-2.6084388398999288,2.08317089997147,173.19108411752882
607oP,-0.1234611258910177,-0.4652871397448764,3.752432052657988,50.98252806039488
gkvAK,-0.3512170564233836,-1.2765570114627711,0.7228766436798589,18.676611028550447
51xPM,-2.904800592671656,-0.1801036691995957,6.120381433848452,91.43277651836104
k0D3q,2.774098069830396,0.7099850241344464,2.1174633540733616,48.97773328240222
Ahf0j,-1.047746583833419,1.7610138435069826,-1.2547264073017796,71.24382532830477
GvOsy,-1.1046568517712465,1.7121774110875072,9.186558308094718,127.01596952384256
cpUrZ,1.3975407360917422,-1.883195723190009,-4.020088868421354,61.24782785771076
D0bzK,-0.6704976732077073,-2.0167584575994484,4.908935158065919,141.54473020609436
w5Uhr,0.5809833616502047,-3.211627826121204,7.062354271592048,123.59088240395272
ziT48,-1.0781446504839711,-0.3051703822799241,4.808970446079308,99.24141991817442
Zh8dj,5.659729554485032,1.0661776029218115,2.286434395716062,170.31193962367283
f0Fbf,1.5422163088623524,1.7384425883392334,1.7008245955726722,30.21757404311185
yIsYU,1.1794102142986298,-0.9951583513222404,5.514017861219574,135.56891123842323
8USbh,1.6636753205246675,3.828162165859832,-1.9756209754893648,45.26337114516348
RoqEO,-0.6295130328493881,-0.1305482256523882,5.448683107590827,157.5885992152459
ejiY6,1.8049069917553595,1.1508809308209458,2.5840831296625475,100.85275066034072
JyCma,1.5676900750267495,-1.7137496110111796,-1.5312174101719689,57.73952808269461
WxUcP,0.5791270082988638,0.5069226237982228,3.480051490760585,75.47100417897511
vOGQU,-1.3431317986412052,-1.6330469138472825,4.029279719499379,136.68807677675997
dVyUP,0.5900278035694029,0.5634802808575349,-1.1034624435976317,21.133206675760512
zzOjU,3.2172200434127336,0.6216693006426638,3.1063679056276925,85.37006139956893
qv5xq,-2.6584681454285826,2.367245819650185,6.096545478778144,129.8029418161857
KOa3O,-4.221607983493807,-0.5975860628012358,9.023050099596851,161.84570106384993
i1XIu,0.2850686557874394,0.0126142196196918,5.057360570882521,160.19789160909335
oX75n,0.2158382850479042,-2.0861283954288727,5.466882941248382,167.7676640200677
EP1d4,3.8148028844914776,2.521349882465284,1.6968149706178008,161.14130345340106
y1QwZ,-0.3507854757704748,-1.6708205608562217,9.434732430686902,123.9020206398037
6dbnf,1.3376760811872672,2.8685766850809684,5.615902126588452,117.46109597709452
rzZ6y,2.1822046669531034,0.599185227863658,3.8830675141324753,138.019328833512
i4RQk,1.9474396962355536,2.6481337543820955,-0.0248601894161248,97.3885977030122
1JLW2,0.6940045458829036,0.5374807337550697,-0.4436535643247712,43.64324198807466
xLNHi,0.7461766459995082,2.0997547920322166,2.314648709603416,164.57547197661083
fVdh9,0.1480480179371358,-2.147757158465651,0.9112184677181372,112.9199118567588
f8xIe,0.4898944605922105,-1.539262542417967,9.839945271527556,133.25919805041295
vWrdb,-2.6107492174117093,-0.3943293301919357,-1.261537760759878,117.30848320733452
LZWH2,-1.3198859018589757,1.365350734458552,7.5136830246188495,97.1278450704738
s9AXZ,0.7852929705022874,-1.7646311943208066,1.8921256982953527,116.0564620044958
8NG6L,0.6702952136076061,1.250410181005132,4.723163082075605,125.1348105751312
V3DyL,1.519676472212531,-0.2326530841209731,1.4818564999656283,60.82768045325786
V09ru,-0.3585106238446667,-0.7608426696641344,6.906465053625535,111.75878281391188
FOZyu,2.580458258812662,2.64839932571296,2.4825275791457417,173.0710050185296
AsFYK,-0.5057040780191862,0.0989774513506909,0.4889377940960685,33.8388152329477
Gocwz,0.6208936566467886,0.1846231844967453,8.525591505083238,131.25569481728672
SQptN,0.944384735705034,1.1259538179328945,3.0145323524837324,31.946392372746
00z0G,-1.7914255681719071,-1.816861116935493,-0.9494206731584852,59.59821354571319
qf5Hj,-0.0330844352961746,-0.6255597712582315,1.4246297776144785,153.97083683122898
BHFlW,-1.3918600803374042,-2.132657680543549,8.163912028173275,154.85167316022918
X9t8x,-1.0489515628308013,-0.5335474508775673,5.336939789068834,119.0019205368868
28o94,-4.562509557115918,-0.760346261357554,-0.4439748413695521,139.2697064704701
B1znv,0.3579391453058586,-1.6114975251342116,6.126362808951693,79.11308736950826
OyBgh,-3.6949848220493102,2.221312572077061,-4.4122592732013,31.620091326613853
RdwgZ,-0.4366096614604891,1.0458134347226384,0.988197783331636,33.1785565516692
Mryh5,-0.2570787445329428,-0.5807275716894229,3.665079240807436,98.34353136178969
r3hZa,-1.3244898364395838,-2.5406473417412627,-2.40849277971056,109.19408026608356
m3pWF,-0.0804110360356207,2.2559153009567283,5.648239328752839,98.60409336583278
35g7b,1.860722602916524,1.0958445114857829,2.628502140728131,113.56343937542236
qpRQi,-0.1790793213078731,-0.6234210153622655,4.787369750488317,63.54846271963764
egOpz,-1.2176071552387382,-5.115723741986762,1.033232184525736,31.72369306551462
406vW,-1.1937196532173695,3.0069119898814964,-2.163829233790596,63.206200608220406
e3SG7,-1.003470072016517,-1.2427296021297471,3.2985317843008257,25.890486468274272
yP6RI,0.2196737279157321,-0.0924193869345427,1.5137320425709275,25.78939464170018
5Hssb,-1.3162449975176216,3.359829466523069,6.229880779038219,177.84819289729953
ssQXb,1.1818604257314138,4.556876474295779,9.294789077140884,107.4118488921772
1sIlz,-0.8083529414782912,0.6030607588265903,-2.85986457145406,4.961432507117659
InTEZ,-0.3684827201187919,-3.749425123115128,-2.229342618160916,61.758523663739865
B0uOR,-1.424607242638089,-0.6532760882042444,2.98533825530883,61.290253390435424
wNtQm,-1.2933854039793722,0.9953424105410184,5.562439760611111,133.54485450353948
FTdHG,0.5558837144924883,0.8279275818179272,3.1758021246715136,85.19725546178053
rHCl0,1.5307513542815347,-0.0930194589548398,-2.1242163308077187,109.08653893570752
UB8om,-1.6170216394211472,2.771878770469209,-4.843692253651134,76.98835326746088
sbvz8,3.5329073111186284,-3.0631879010205454,-2.8069475185833173,47.48248949286058
C9xBf,-0.3975157374169747,3.307913798529745,-5.347322955599408,67.13478790430814
fJLxO,-1.6471263321438447,1.0417048039529473,4.011776508614629,70.32886037576866
vIf47,-3.355614196662957,-3.2478487049944813,1.7842661938169653,79.3144118768557
pKr1J,-1.6841254726328103,2.2472211286396337,4.859702833595853,160.52938722971012
x56jA,2.863044801552036,1.2836208251945052,-0.0647338081413568,179.82721580844515
jh0Xi,-3.701558590845918,-0.528493803177371,-0.9402805103381668,75.56052812242291
8MhfY,0.4785260392685164,1.8312828685761309,5.931702335660722,77.86695181342687
vLdee,-0.9044120766469194,0.3032063631368884,1.2795348512831015,39.87188560930885
eJN0E,-2.822585831970892,0.776897976583657,7.886294435236052,143.79358564632582
zSaRl,3.916484481769092,2.6322141624114828,5.478381237751714,180.05438562144295
g4a6S,0.4417803528842618,3.066345572424795,0.1322871152408592,73.53265979076554
OQYWG,-2.2756953429269995,1.1958052910402952,3.7353035011655167,150.80133442336006
yTN9e,-0.4611317419801338,-1.7762909166407657,-1.7140122446661463,160.2790446878969
kd3u2,0.6732162065034857,1.5670522482228575,1.4768771921120616,55.23217030648067
d6WMl,-0.2762425532300482,-1.86770279020859,2.880527752549538,122.19422113066756
JBIKR,-1.0894240351853486,-4.328004347722538,-3.030394567813232,88.69530039141313
LadmB,2.4626235091279227,-0.2413787378504092,5.459259525866789,153.67693441699365
c2kQB,-1.9720720258192133,1.0944359431252526,3.3700355392508534,180.10711488718044
jkn6d,-1.0894019328424571,2.3633419400291547,-4.763017230766084,85.02544458815363
rbpQh,-3.011299310949642,1.9362478785191743,8.841598592649795,161.56602461523087
3GT0m,1.2204572853181248,-0.8133011153079548,0.2726761135063405,124.35112136884528
YY2DW,-1.096560959325665,4.183166616936649,3.5435359519834604,134.52530914407964
6Gpne,-2.2184294312106423,-3.2797930525278605,0.7226827155009716,122.41965563487244
osK5u,0.7945905022346605,-0.4829059616880469,6.575872922598499,107.1633454029218
tnL7j,-1.2073178909963065,1.4138572671864524,-1.5583223064048817,31.341945081255524
m7Hx2,-2.998728151514785,-0.3355326396575842,-5.448471855914675,80.30748922301005
svu4s,-0.4719602375265676,3.5085424506013845,-1.182688567890267,79.69772076752871
zrYyc,1.7210308559531626,2.3716473295007376,3.8785502903607534,149.75019750949363
upaqT,-1.148629999523149,1.1247542906954242,2.7102881367329315,77.36537392890327
E5sJu,-0.3470986475930124,3.4805381139212543,5.08822749987292,151.32070999223336
aB9Xx,-2.5334858389248263,-1.3325927818515917,2.844051978458109,159.26898551348958
lY8TA,-0.0868650715324267,0.2553312281216693,1.0342100297562324,21.803240798762246
5kXNz,3.693075182011188,-1.0622839954668175,3.4653988704052363,34.008171212714736
WYicL,0.9423022027562544,-0.1382677834369216,-2.06593477232835,72.29686717332758
1P63o,2.2278733852124044,-0.6235815865201509,4.130359683521403,72.46785313437076
pT4bP,2.0349374681765906,0.3099438978006477,3.5416275878161905,124.1635554471865
DXYU2,-0.8055900686146352,4.650012946584798,0.4268222722587796,39.075490203585616
gJ7iK,1.1822160787733618,0.2985269233905619,-0.0972368829296219,104.50882365840096
zk9Lo,-1.8578853796099168,0.7409917826886351,3.88158008624452,96.4243598465806
565pX,-0.1431916843249126,-0.6633313190040818,1.6612599024638706,105.23972990894843
cUlSB,-1.0116430856152452,0.6160105242002843,-2.3344268573537708,115.94188698798985
Sht69,1.8972712382674437,1.6990179615991992,1.9380707352056856,53.63800049297128
L6vbn,-0.4844154297383921,3.349848433608384,2.1548126860691923,113.979058351874
Xb6rH,2.2515684290045344,0.7459402979185378,-1.6390685126544695,60.00022937367152
K3an7,-1.1933022871811088,0.7701886805794638,-2.3070771711276974,93.458742476474
DKVfW,-0.7558049889375541,0.554055746484199,-2.678551046233944,14.78475882300256
KScwB,1.076465119807536,-0.9385928875506496,4.340299407940445,151.6542864321836
tCBqP,-2.1024425342057893,2.099010606825945,4.594234249897201,91.59371582941752
rnXSb,0.722475385492644,-1.217903365809245,2.119387911372064,35.64012656665228
tau3V,-2.2211967448714742,1.6027541746251297,1.498327779762517,113.0006272320957
Jos2t,-3.5768817476480264,-3.0531003503043954,3.3348675719506917,153.69958768241517
FAhhM,0.1388720917852051,1.9317746156652733,6.925538180097121,140.3339405004215
LUXw7,3.960388669019084,1.3411118728217124,-0.14344498179652,57.88479249267221
QIGZ6,1.795854641626886,3.665179000841147,0.0489008857804886,144.73437370877718
9upLz,-2.5027584036040404,1.5519720379327238,-0.7948890725292157,53.72558873117295
5xaad,-0.0572975517742803,0.7934958319534521,0.0603075420903773,120.62567410088818
2Jndh,0.7794819216514807,-3.441778088033188,5.303808724410324,138.2670040341861
kKGA0,-0.3374004765075961,-2.767716859371657,-1.3115749034203268,80.64646815043902
dy6pV,-1.362447374765022,-0.5419835923795665,-2.556445051854544,63.94852762601293
SRKJH,2.386944636944896,-1.412831634141121,4.9070531585827455,82.99663757400052
m2uPo,2.733232427283399,2.6920551779382995,4.782719918009307,184.46960120268784
PUdPl,2.134524734116912,-2.6154052093822404,3.060573143794405,140.58768092289807
3Vd6Y,-0.3556326486157937,-2.0217755909230166,2.1645745288322567,118.3021079991808
ShOKa,0.6194034832082422,-1.9593008987893508,4.535330021376407,162.89994371702872
sX3zO,1.3954097365052385,2.442498183459481,0.5578638678410263,67.20264244248997
e4xPh,-2.4579721106758834,-0.0120727674752922,1.3695418067711174,106.86018944957652
Q6fCW,-2.0429274989487096,1.3235435399545723,7.636755241928683,139.64815301748047
zlogn,-2.2681587264442262,1.812710822288938,-0.3945888026252471,56.97420783121515
4h1M9,1.5561556180430245,-0.5934235078425936,-0.4262595619852769,49.07364146184764
j3Gzt,1.2952659828245654,-0.2007504819480139,1.4992895133766118,119.59681935452682
EkPAx,-0.7748770868618009,-0.5368496962499355,1.5008019620152675,48.232213708326974
3rvDR,3.207399945508341,-0.9322592808056736,1.4106894266694872,85.03485792699338
4hiEv,0.780715258476227,1.4336828255828793,2.1748329616768203,86.31754518277823
LHtmf,-0.4535263683365615,-0.8212309949265207,1.2450699001955836,73.0162177313854
EpeQG,-1.155511832485206,-1.5414538842793908,6.696748891012546,42.75817601822647
baveH,-0.2898562013553109,-0.417959912278096,2.801998248987128,64.94697475885711
RNRDi,3.5140813517659177,-2.105098893515485,9.304273662470248,165.66510436564158
h0foO,-3.1028803682963155,-2.1239929141738174,-5.291330000813867,33.90135076167869
Ax3wS,-0.2445900553418968,0.7477759883927826,3.2865944220416634,82.17686505724754
SbTT0,-0.6728759799959079,4.294448789165782,0.1151249148524269,110.99345118530852
GCBX6,-1.7677806804554097,0.4113307216446024,4.642838209552861,32.901712364819645
vFJdP,3.700662601610414,-0.9121806682413148,2.9968249525654223,117.12790424638636
VstyU,0.6297460518198134,-3.740841871236823,3.8481667720032458,185.3904187956532
EylYl,-2.048139365833591,-0.4137666282405465,10.355817257916105,165.226155551369
kHd1J,0.8718240475754108,-0.3994345390526897,3.5667660245033583,73.84452805410199
70KLW,1.9725778386882409,-1.2085872863337888,6.715395298682688,129.71162217256412
MkjKU,0.8118934011452477,-0.637077053120542,0.627552166376681,80.47378586891072
YeUTf,0.9491883867983024,3.792966896504676,5.377944689153368,162.67401981703767
ZuQMh,0.8595515516720401,-0.1757008582746957,3.103156235783872,5.818043801435088
fhReG,1.7736609840428457,-3.9064702231697903,2.7364479393376087,160.17585134919335
XRX4X,-0.859668838058504,2.2023481617079854,-0.7149094845423498,69.58217376148484
CxgsZ,0.1090197245593589,2.5718499164592923,-5.545670618367044,56.69249787429598
QfcWn,-2.689718739061808,1.7619533650365935,1.9924125271504745,75.41970441435998
JZ0su,2.930220299594416,1.0823388480154292,8.24264755892224,128.47005795605418
UdR9d,0.3355251080769945,2.168939994285398,7.08509038016566,184.44105265289824
FgeFz,1.7514968763036332,-0.8388022225885648,-0.6197654770542664,100.36398560471784
BLyCr,0.6524939936351885,2.7153764604714867,1.393769401814808,107.019595401166
xrCJV,1.2596233553044411,-2.4952653278399684,2.04530966685628,100.18251761739792
ByQVx,0.6655868956134304,-0.6293006153391796,-1.4737567061207602,94.24261883120366
pbFSp,1.3580098882968763,0.3246329753712033,1.8278845765165244,46.902033964737456
ZYrGQ,2.021239379673625,-2.662747489242241,10.826217483350458,177.34484342054043
WC03t,-0.438148285757228,0.986339096921572,1.1633298332702402,0.1883929099067572
EVMml,-2.1288362892081145,2.8484672700951394,2.907827587075765,84.90353398561699
3lNzC,1.1060712963816204,-1.266227398409727,-0.1597658045075172,58.84808952299498
TnsSn,-0.4080073299103838,-1.3290068190319972,2.427664435324049,89.65736513963127
kwIX8,3.3655707256086616,0.0254955322724015,2.918502110266965,135.7470974601814
pZw52,2.9091808139532063,1.272746497865601,3.493927413544581,62.562314658097215
FQhtf,0.5865997806309603,-0.2253680533089309,4.210038408670446,72.15136244750603
q6zr6,-0.1149606978060212,-1.2502438418121633,1.8217196783620293,51.960713055413855
zP10L,-0.90726053463402,-0.4014679294101599,4.066418845684613,135.80881794097743
9hUjI,1.6379413861839256,0.4142640777875049,-4.168493346296706,51.69623343870368
0ZnLS,0.8461699240475415,0.5299202135455144,4.194908644238503,128.17212577386746
K0JGE,-2.352614863380869,1.088120182960773,2.4668896962083835,135.53885474756066
WxK43,1.0839629064255496,3.49320296121348,8.001761008819491,93.49531697490497
NO7wT,2.005116955345349,0.3882448894236449,4.3163347345953325,101.9558005332492
hAcuW,-0.7734611298995079,-0.4260365710349104,4.181322376249556,141.2165232844164
5WguP,0.2849364041974421,1.7112440091557548,-0.8309955254823616,7.096266649655009
dTp43,0.7519927823298904,-1.3767173919311333,4.5208566226382185,121.01068244070214
D4hGV,0.0494642055005499,1.9565330337615168,0.8839580814274491,74.7351831938792
kyjXJ,2.2524678205189304,0.0914544737918395,-0.5118747669828139,146.8309048672532
d0NQc,0.9775964267707596,1.170323099489745,5.10751464583212,110.06343451680694
oB2Ep,-1.2117171150439592,0.4807909341809773,3.5064771335031386,105.0084514213398
I2cPw,-1.3096321554781407,-0.8567571901852565,6.138806784697362,82.4121990468449
UGPQ8,0.4344144983462166,-1.2066342881270264,3.58858749804022,122.63403312027634
w3X2V,-0.4196989000017804,-2.469222508826272,3.1969118236180467,113.34478564950668
VP1Z3,-3.185383407107819,-1.5523482774807913,1.1141426417791855,62.13297284271512
s1jof,-1.7317036930005296,-1.5825462499205922,-2.0368327046961903,53.762330574227455
P6JK5,-1.9716919891818552,1.314773745611702,7.733855621003532,178.56876626936796
ogzAD,-1.2267446294071138,1.278836654164638,-0.1971095704573695,0.2850366699397939
vupmP,1.1141151280642985,-0.4210321443679641,0.6842611636274452,108.48518673428784
1IV4w,-2.9572000923581245,-0.3089206680458562,1.6748848279351372,53.14083680345821
cxU6t,-0.1672844361742844,-0.6036309078225922,9.269557372739191,151.52510595707386
FGKo0,-0.3685622376455117,-0.7167818936693201,4.884596375584235,101.93750397375854
FDy4O,1.587492630876826,0.9232783602018052,-4.303680985281491,74.2172731646012
skGJ4,2.415118816835476,3.08100114731441,6.047279825234559,64.85453226333148
e9p31,3.231021991851777,2.4160853900386576,-2.376473524551896,80.94418281468384
qpyOq,-0.7519320959468647,-1.7646217987425945,-1.1936550919702975,36.549226519454265
btayP,-0.720731451456883,-1.0925893639760458,3.3354679353385017,11.880345920155152
OvHbu,2.900292211652417,-1.726800671564498,2.5510812042284035,179.4635371001971
Ziwia,-3.466937518657286,-0.6440501667422378,5.641317910684784,159.70345715899555
U0Zzl,2.5270738640822947,-0.1380413041948139,2.485828230750606,182.41020749937096
24cu6,-2.8898877231342746,1.5850977839278269,2.49206569981731,166.61060192122966
cwYCl,0.5753257676890418,-2.2044290573261573,-1.5791638732505675,72.6835101164078
DLYUQ,-1.7202801617310477,-5.194520097718553,5.898987189223346,130.70150880947375
8pKz0,1.0104920487022608,-1.8250089334256885,2.144817524152088,108.06256498857894
5LEaK,-1.5736271145905738,-1.8144507225505389,2.010905413482539,112.44275070533344
FYBaA,-0.5895800763209689,1.8865989949777269,5.6047591372619845,104.12517517624003
x3y4W,-1.2339181983260052,-3.8334260428738607,1.0791664091826323,55.68370992865174
knGxR,-3.748476471546948,-1.1343556613971522,3.1158003844807887,96.60476379316428
Rxoha,-0.9426627641542368,0.5071569308466459,6.156429756690778,121.12189065420604
8XNxW,2.6095300942958395,-3.401171033072723,3.447714263813895,124.3171614738256
2t3E4,1.2747090623195796,-0.0545385231980466,-0.4824928977605212,41.03824346215036
ahMOF,1.921187468194084,-0.6217628755958646,6.137808914612914,78.03900213743174
CWfXT,0.1298878733152157,-0.2227537148085084,-2.7111273525114674,134.13279472472257
LGLgY,0.219127919247959,0.8147061226286153,2.4948529374269506,86.03446787895092
DrAUn,-2.40347876372178,-0.4059174652936323,1.5171374244567648,150.51001292587162
ACeKI,0.5019054993514783,1.4956734804940035,-0.3883332700524549,38.72535387545173
9ltA3,-0.5788990399259504,-3.2152314270929563,3.6498698423003657,47.63501719034732
WfebS,3.032841667957053,-1.277651654841712,4.37339596330023,119.9353179420661
wUmmS,-3.5304190277326466,-1.5829657644006017,-2.988641186272748,51.93855510291806
H2R8K,-2.5704751223091806,-2.240884092144651,7.187154402434691,158.24668811086454
SG5y0,0.3941664385401176,1.6854010858243165,7.16652467991593,114.93859076917808
BBV5J,-1.2489673236398802,-2.307875744742429,5.182919467440851,146.19938590816517
F1TqW,-2.637344392597836,1.1435132910303285,4.9337480793622,71.17254061447818
xu34N,-2.5412689478469743,-2.8106678074693976,-1.3053980800745382,41.0560683917584
vAa2A,0.6685691162070108,-2.5382015804193467,-1.0456969856070124,136.61689710958464
Whvm8,-0.031192899051845,0.0822368979344145,3.648369946691149,54.40227801077672
bjUUT,-1.3269871123998167,2.862468374935525,-1.938026283659244,129.90258335362915
RiM9d,-0.7085829963864989,-1.0260919695476054,2.342905176834744,31.02306819087364
kk1SL,-3.7916840009055575,-0.3667453804235834,0.9554910723929853,159.04762571096413
mmPGi,-2.9044199768307584,-0.372189123275635,5.7339303682873615,148.5390588250795
Ib7hT,1.1794876921491249,-0.6699648699802039,-0.0798536761308872,124.51213424812276
6xY5i,-1.7472798457848555,-0.7535503226699001,-0.2031359767749894,132.6429727292122
exWSt,3.034996690068977,-2.013733336398384,1.8951974963897136,39.77105196055247
VxOdx,-0.727332246759725,1.0721006448448858,4.896242288736539,12.359431202194331
9Atu6,0.2545393914176231,-0.7138813273245337,6.546335369609926,49.80727659969421
ijNkU,0.6557130199243119,0.4882543064470605,5.147244215338437,135.14763553112078
LUA8C,1.1764687796201327,1.3927006525639094,5.732418978532454,80.00870993937266
0hmnl,1.211574487035565,-0.1786390082271672,10.095301664794622,52.64057367095592
rQBxE,4.120353905286383,1.9051365174967008,4.60330097978999,55.43726939165959
uXQaA,2.0878056134811493,-0.3597986953813027,-1.778255868107495,141.43045607808685
71x3L,-0.7655427710300248,0.8418216476802611,3.3981958280044102,108.96248503145748
DU75m,-2.9747486456859957,-0.6129662091875328,0.8092120037406247,139.2876308334428
036Rt,0.7894375876165369,-0.7538455090742298,2.1886471816700848,80.42970430115123
Omkic,1.4221852342718575,-2.779979702072316,3.48045096460467,85.12501701406605
RXMPC,0.112708099881539,1.6346245425464176,7.3606982106654595,146.53077055982772
hzLk6,-0.5055889423786596,-0.547507593963056,2.6359721715453417,140.92083199771744
cGRLX,-0.5017198791682632,-0.8823285149998523,6.9892361036795405,155.59520638384618
YapDG,1.5898630932852165,2.0285067079349,3.774284547824824,165.7531372077917
httCr,-2.121335993672387,0.9797017921921743,0.17039362850375,91.80971157410822
2zkXp,1.3193910920421952,-1.0976781511371836,2.192000306679549,10.041884542978911
qWez2,3.3880596074928766,2.7707039825091453,5.046318571068467,87.93638298620088
Jukqp,-2.0790944454292104,1.9200182177588832,3.2549439971177363,89.94566284748213
AtaYk,-1.6059495576045455,-1.360503298061421,9.808728252977168,148.3384209716951
3lBso,4.564491825581388,0.5041821816104172,4.08384320761352,103.83337047846416
a4gQI,2.028891137682644,-2.100095315249521,2.3560402927834723,158.8642297840679
Du8fU,0.1849482823199702,-1.982422727872424,4.806522907022503,48.08260443750896
GaM8c,-1.5013782570692396,0.5843187436857521,4.028339366272358,117.6899508093004
qgQjl,0.6982815915685711,-3.5154279896612737,6.569322418266316,112.63355492864028
7z0S7,-0.4976452669060473,1.7860411743804658,4.761300648437222,153.1930904043011
woQdH,1.1477944312399857,-3.0125379066270006,-5.94964346785207,130.2273270002683
z54pV,-1.349272012924349,2.115675336279014,-2.505408972162664,91.31635931162732
BXYhw,0.0782873504313074,-2.276746184475533,-3.4832824522302963,130.96281156235702
wldM8,2.554332136698435,1.269405597863779,-3.5777129044335547,146.74036844455506
pl1BZ,-0.4192569845907442,-0.0989926973302377,8.011811497089386,93.11531975611234
kb2tx,2.160674673591084,3.441164169966247,2.311038863096044,77.41959355138485
fosw3,1.6480277297242971,2.4442223885228693,6.189316674207599,125.24976248535854
QYn72,1.0524908189248956,2.530616771445644,-6.656609796275482,73.37475803225728
SH9eu,2.5679026785852006,0.2353827396408605,1.6697258852892751,109.68063444428402
jZ7Fh,-0.6363132645283062,-0.7278493107181848,-1.5530363244448275,64.83135637931919
dU1sO,-3.5783329936530666,3.658987535856957,2.7559381405459145,107.33390650003273
5h5d8,1.119564285381462,-2.3254494983565333,4.328908671914595,89.46011064435359
fZL5L,3.1864615393326083,0.8285285188649567,7.083563564599893,162.9069478848112
lA78Z,-1.890546177886972,-0.6647828375186297,2.2468670071243366,112.67700151061445
slAWw,0.5267817673619518,-1.8656005739726744,3.5466506387033268,62.95554318247471
ObvO6,-0.9016688670298528,2.6471363948633644,-0.7859994105915882,79.64400079352554
rns19,-0.9186863793035496,2.0157336204541605,1.916406258542032,114.3659194462498
1xke8,0.5597999417477451,1.5354450691438135,3.156651065915257,139.000590352375
8HfRu,-0.3815531520125734,-3.8919626766479074,3.0842077128034644,95.12159494463492
WohNK,0.5703129207104776,0.9379510416573432,4.7456377521125175,109.98716726809984
tPvZ8,0.0759391692653036,-1.940192713607738,2.7107836908461502,100.39029410899867
E9MmG,0.0183055172767265,-1.6252617981116635,-5.697770737751131,1.7000566846672167
a8mam,-3.234922594822277,1.4024636743598715,4.673339182159369,99.41304464606048
mYhUA,2.6161592274676333,-2.7806618227319504,-2.8868665820086803,86.5063757076309
LGb5S,-0.2774966240606629,1.5674862985386362,4.002640260069284,132.39477944195446
oXeHl,0.7125043288951229,-1.8015103521822693,4.466517626431092,62.93489456767076
meABi,2.25259363322138,-0.4554462103757662,1.1525511786398135,96.24655771063864
3wvUV,0.5538521284892537,0.573937090441804,2.111860620062049,122.10239730452544
LlDQP,-1.6368235978467405,-1.0225613659519217,-0.3178918289057879,85.32343204826348
3uBjb,-0.5715524305018144,0.7884846521197426,-0.2209870410302241,17.71789893883733
1oU01,0.148932533470948,0.5409352456646636,8.784428465349249,107.26729525244866
wUssU,-1.7879676795862784,-0.5361636611913877,6.358626691128053,56.50517340887421
sktj0,0.5113715772252643,0.0537583289931269,-0.0342149847664488,88.78699632264095
j7yQv,-1.3855210076782152,0.1402976696341812,-0.7020605357270537,78.7698956222691
QZVVd,0.5779418920764336,-1.1010549769005316,1.4519092645429923,112.0028067076914
u4x00,-1.4763135099329556,-0.778149707279232,3.621635862993159,101.8266455446877
RLITQ,-0.5693798296574757,3.7466766757269183,1.6345231165741954,128.92474434295517
uhACL,1.1881688973315094,0.3246438137587674,3.3240889031472696,65.04669809476255
Ub3tV,-1.1757464640902655,2.742914707860766,3.196325609413783,81.78124622931435
Eq0ZF,0.497599129584231,-2.200474749553986,3.16606996457826,32.8689337499807
oSzCh,2.2294183904227345,-0.9947271511481912,6.395966648965134,125.90132670120056
9Pvnk,-1.7661839605585594,-0.8059576167848295,1.8727148111772909,58.85864863631597
tY9OM,-0.1739674070995121,1.7638062220387585,7.895713180628375,48.515889185171176
kAJU6,0.3516168342353646,0.6701779603272583,7.7838721977956835,152.10982191562067
F1evm,-1.650793619721389,0.1630459748618132,-1.8878359865066805,30.279001507709403
huNZs,0.4809808285857831,0.9391089545929332,2.560638585815936,108.66555248911982
spIPN,-1.8942279231271588,2.55323807371674,1.3765945118818184,94.7875265539963
EFsAT,0.953190751061262,2.0856385640465582,1.4103330253617377,162.44076939105463
hoGrU,-0.0980854739140791,0.5455485985137918,1.7533541074081342,61.31852044777111
0r9BQ,0.0421833268414664,2.4757913299117,-4.76282261220222,68.4678960574441
aogf9,3.8925500221613496,1.4097727717752064,-3.181895027590558,40.34534502363293
yneln,0.3143931168667974,-2.7537162519338296,4.178824782162568,100.08648675311258
DEzDo,1.7782756280598275,1.066449463756157,2.36316262824306,96.48198406057192
t6vH6,-1.3333633005444967,-2.03152612620325,-2.5655548555355425,133.656027025832
e3xW8,0.196893846540354,-3.275170247072442,4.365231301682007,101.671032192176
eeVML,2.599237574503284,-0.0395336484485717,5.191404347446968,189.47349162832583
LuraA,0.135434556827164,-0.3836390908452518,1.4552110553937707,130.16580089390473
HIfHQ,-1.4654607874098708,-1.7696343127347642,7.569130050386543,163.5793833616473
7NI7q,4.245160663086455,3.350695567797473,5.924355053745508,168.42532333524383
lQB0U,-3.223582020343842,0.0593126727257888,-0.8839935068775007,74.64096675543388
fJqbS,-0.1804576075935413,-0.7810237533556088,-3.8797557447177695,39.81286636749085
ANu1M,0.916825564182328,-2.418985020740182,3.235665493652035,102.67505315712197
x5IgG,1.602664997630606,-0.7654300576331644,3.453771731621858,25.679061595203567
T1SkP,0.0590205369569024,0.2005966249694476,0.194843518184955,145.81978230627848
ff7jI,-0.0264957691301822,-0.6115563080046296,6.132446704666148,128.5947184350898
lpnKH,0.0648957345005487,-0.4755911058712385,-2.8835432426553305,50.47865860593008
vr7OJ,1.4409238517845655,-0.5026128286101604,2.225554444221401,87.26066076174824
r1Yyr,-1.6988656043823314,-2.3778242225488704,8.038596314421893,162.1503223732182
VxwaK,-3.4505287622407854,1.0648385466223926,2.0226273211680685,36.93735257232464
3EiQH,1.0964927339832695,-1.2842670909207388,7.53129662882141,97.9861915939148
HdNCq,-0.4883409775900614,0.5018065822841707,-5.972537066725015,38.648995301129474
0CwdT,-1.126989140157958,-2.8742520111948564,5.45135303746377,96.22519240419308
buIUP,-1.0719131713708236,0.5787688160013283,2.348396959729444,60.54173884119496
kXacb,1.2834230437977308,-0.2624847782932196,11.288307181549694,137.108925176257
ivpXI,-0.3032124502543429,2.2555841081467025,0.6882893589086114,129.97978537036323
tCtN8,3.132629829590252,-1.712778035252793,3.0469658552584247,59.62075840249328
ehQ8E,-2.587116028155949,-1.7034728614530077,1.544535446208832,170.0989388313848
8YLNj,-2.6802151489694808,2.059190484922155,6.923943518355548,180.26846020230667
2TbBo,1.8877127307483488,2.4527859791576097,1.1134815299579242,60.70392870735197
RKA07,-0.7191194353531665,-1.4479719327647584,4.920345113802028,98.49818989982803
nweWL,0.3845672900329501,1.3620135971527547,3.658477783617508,86.63668145291228
jS30c,0.2629114815154489,1.8050492616718288,1.1258577760500137,125.5454830692316
Sh2Pb,2.63173474703084,-0.0242240158045506,-1.1927404564730997,93.02869714513292
HqpCF,-0.6565133132891259,1.969506113986233,1.5398048938617643,156.0472126443198
1hku0,-0.1887049605166713,0.5597457388318261,3.4342587785191534,50.60410475652618
iU04F,-1.032188120029604,1.325933147180557,5.39389376522609,159.519276878727
PxLGW,-0.5068210070010574,2.425748464797036,-0.6750488736321129,67.73814091719622
H8WeY,-2.2019205288401955,0.1548669613851491,-1.6704772439575946,110.1704916173298
O874r,-0.6256585644594069,-2.5141974290251614,5.049365667770519,183.15585867994648
cgvId,2.7939272680850697,0.0570532855782584,6.866098140021593,72.10934739072063
JQ9Mw,-0.8120447998562188,0.3244864298115313,1.1080486209181082,6.588415729125363
0iHk9,1.2404274531478865,4.362778787609228,0.9992545202740644,149.44925113026548
ys0FJ,4.201560304066712,3.954937140528042,3.779003346116664,124.8353124271792
CJw5U,-0.6894348183549045,-0.8511328807558813,-1.3704180567012771,47.92740841165761
hi130,1.9256629956358573,0.9716118871350276,5.313588852956103,144.28669572883922
6MyH7,0.6452207266568106,-1.5416503579435177,0.2793660747128158,56.186855009687896
8Z7AD,-1.6638123144941437,-3.543128562163472,4.5536372370001965,90.15200829495193
LnlMs,1.8739099404161952,0.7139223101862391,-2.5627066661543765,61.90365057140921
n2gFg,-2.641745998368527,3.530098867560095,-3.667423649024711,151.8887219230267
kf9ge,2.8043803202346056,-0.603727322930013,3.7779615385436176,90.48114233154078
xi65O,-1.37337230259781,-2.5300289384816783,-0.2349897618301675,65.89723987631032
vWdVH,0.7906809400157703,-1.2589533737469218,4.285208394789485,4.17832397289184
k5RZc,-1.5787660482473462,-0.7075805809003552,-0.1640545278084828,59.932284574155645
7fRWx,-1.1481381937383597,-0.18303349484193,0.629358091862952,61.82671698438865
0aiLc,1.4869711823529672,-1.5352276395846722,-6.561837260294113,89.02087831333813
Ilo8q,2.2404721195336577,-0.3157907175973407,-0.0363681930376127,59.40554512354424
cyA5k,0.1457891881857078,-0.7337043711028739,-0.3775227405412389,109.04338950270902
2t34f,-3.8935568322531817,-0.0508427001893546,5.177562395048772,145.6607146448012
l7E3s,-3.3715694296846603,1.5436367530794557,8.167244469354257,150.75309028707596
MBscG,0.961250593362145,1.0160968007129536,4.478204818966939,106.01896513522986
5xknz,0.1497227694966663,-0.8558248654901672,-2.913247684488132,27.055582121725312
4Zu5d,-1.4331998135340502,-0.249379209164342,-2.0373635557359844,40.90656533108897
gEbXp,0.0124369165606609,-1.1346133152277815,2.0042092007429018,54.37053270441531
QR07H,-0.8584756357346527,-0.9214614408445262,8.181799352274266,142.65257031105602
mIWrZ,0.5274409571102827,-2.085233763392476,7.5289051290448015,130.71607938094738
HKBn0,-4.392031795299944,4.463056996123088,2.1351892080010826,108.85082821484866
GoO61,3.798220674032689,0.0079252384763634,1.1562470507260196,88.16796131048294
TjWVG,2.2004132703756376,-0.819320969177782,8.422175683027087,80.47606565409488
Saq6Z,1.0242061861850953,2.108183681042872,8.884670402262081,150.65988680867915
Fy0EC,-2.7819907643648536,-0.0451944179166829,-4.160634466926762,105.83522641644468
Z8gMp,1.3736997603759376,0.3934078161954359,0.1420033818358024,62.38083398728328
hWpPf,1.2203878360440163,-0.8557376516990053,0.1051536059638875,135.0501177091808
uIY6M,1.8840618561287656,-2.547317422370731,0.4379811915155263,122.5271243455282
FzlSN,0.6749777853023695,0.0503852630888007,1.2235467438629657,36.86379038840532
avCeO,-3.3804969745047875,0.7323724744049659,-5.2040055484497225,53.05696948832329
A3O2u,1.3757166543511947,-2.726682918853478,4.322101491585284,123.58859491252896
EIOX4,-0.0901503881325031,0.6088934239367093,5.481861192511718,148.70057974459604
aKoxF,-1.2102393459738008,-1.461628849862525,-4.165059334601904,44.93553742300931
heUj8,-0.9929280064862116,-0.4389084760164658,-2.6487393565253923,79.80685052599395
pYf3x,0.8536940626553281,1.52788170859543,5.516589000506872,66.45818120809548
0DsEU,-1.3433316968352156,-0.2460265338469407,4.341538366782209,140.7857322831704
hgr52,0.6202772799211699,0.4401565010702754,3.183167618053281,9.6601811565555
kwAHj,0.3981270065948971,-0.8203290309874565,3.803270036917283,137.31616869119082
t6Yus,3.292643298926176,-0.7353607941372758,2.552818701057648,189.0156427217302
3dvWo,-1.3731975764996305,4.046513966473713,2.7339881655084453,63.99474778449211
A1M2q,-0.2230309885929143,0.8362506388768042,0.2184602932417927,52.76656858721385
1rNta,0.8736677275824857,-0.6076416182113077,2.2751441366562983,136.50479031514644
XWBSc,-1.1439246446248372,-2.0224190579686203,5.073103763319682,160.15671743509265
QigVx,0.9112006509288624,-1.5887683339479592,10.822899242197066,127.96278927417202
8c4ZO,-4.669547527253363,0.5341412630849917,-6.514481748351262,93.66961354486114
ZAxlt,-2.198393899023148,-1.5508715565086224,4.739002701498496,168.57295538296876
epGEJ,0.2952009889112874,-2.2285888217277416,4.23754892917432,172.7378257256416
7tDGB,1.545230639796643,1.2522271254900388,0.6931704770457754,51.84053370667395
KakW5,0.4878099277238641,-0.5715590629686187,-4.664644449447239,19.594864619819752
A6u6Y,-1.9247767735437795,0.0563597811866049,6.038245129300909,27.99155694149852
3p3Wg,0.1560929824202773,-0.5568219870818387,1.6416995547885158,102.54028484907836
6J3ty,-2.8971860903293387,2.203537673284916,3.015549151412214,44.414462428746205
fxd4F,0.2311340936556897,0.5679474415657739,1.589677416865493,76.0120908993382
U9EN0,-1.4147213375543697,2.2527304546261697,2.3909348127203622,56.119050597728105
m66vq,-0.2063469007335344,-0.5192115602360511,4.323003113177016,153.3597107053691
klEQB,-1.682576244139865,1.2585229479006057,5.755016633517747,167.0229446043466
d5Jef,-0.4448175400424961,-0.9825169108722042,0.94473384763976,86.68192372531861
woOhg,0.3595144710337989,1.392690282449922,5.639086491481812,155.4395977295096
St5J9,0.7790358838767689,1.86572871346552,-0.9033152053233175,131.3394275768201
q489H,-1.5310337810234775,2.4043512655512647,10.049847649319483,145.58078506863507
3TS2p,-2.295084949262403,-0.2869899675683261,2.9844432243346035,69.6057534321311
3EX6G,-1.1420386400624478,0.7032842868232146,-3.4370257786966105,131.45188615399346
FlZRr,-1.0438092317780492,-0.8016900444366715,2.516323818477724,142.84218496116807
akkfq,-2.0452022172221818,-1.0155809733418506,5.090966127967576,174.76733498245744
9BZ5V,-4.1939626567460815,1.0054871692816467,7.899952322989996,173.663965673603
2Kp9a,1.4042180790719487,0.6824597169834823,1.9217108684142843,37.73907105928585
7NxGz,-1.6202522106343176,0.7622300994807131,5.4333516937618205,80.36196577597255
UeQki,-0.0681515144683419,-2.1047046544402512,2.053557906307552,78.83816537301209
MXJPX,1.3479066028104234,-0.0435461528019875,3.480817203656589,90.04492607157454
R7kSB,1.3321371455918238,-0.4246741829222265,5.794380198485063,102.26514133947322
Yvu3t,1.7998824348344002,1.1594085997590171,8.031282916427223,62.10892820610905
nzr9s,-0.0786775914933003,-3.643882485341378,2.3605885597847127,163.07166237776707
NKLdg,-1.6951982804619663,-2.582732673511764,3.3883096099553134,158.60153317513115
C7n3w,0.3549972356504086,-1.0136234745939208,0.7560244563658179,102.20772170476778
YQ9Ti,2.42289962465504,-0.651249742783879,0.8729877287857389,86.96873014322303
RcQDz,-0.0413313514600886,-0.318611985903015,0.6468605623804189,139.742375010983
8Qo2h,0.6068220310100263,1.3733328521902122,1.2927173874785474,57.40256678226226
KnaWY,-1.7938181820836587,0.5602521325367427,4.450913335707171,146.56043634635537
ZgbH6,-0.4263473118794203,-1.0282846994017298,-0.9995317900079232,107.22680939389568
BpKa2,-0.7384178300317707,-2.066544920432956,3.8741411801380767,71.50147614332828
6xk8g,-1.4239182490523112,-1.8499888370660416,5.210699517100847,78.15891060638333
XevIX,1.196068975712072,-2.3978735150952613,5.034864565012271,175.73926220314502
XbqIh,0.8892698089892286,-0.3782512137297097,1.9779013057148191,107.38654588513592
G7xju,0.1885456591674472,2.052528129274066,0.0601234339785008,58.78242081426839
i4bcZ,2.1482251608901133,-0.3016859640053829,5.8885991250711385,150.89930463473502
dXzaa,0.6826053973424585,1.3795857005110344,1.7054717632475247,34.16012099429414
1ID7E,2.0465275345269154,-4.008038452727221,-1.2080345831009534,100.08399744577632
gENAx,-0.4071600975428139,-0.9885965951312632,6.195697822694791,58.7033465969204
fUr36,-2.037827041155194,0.6875583466094697,7.543091993772968,125.52274593701682
zkL4E,0.6479106371902309,0.1657586277509812,1.1946089565612503,97.08536845097817
Qk02g,1.4224720252853964,-0.2467079159712863,-1.6716924121415166,72.20912644913224
46gKe,0.1479988188587434,1.4608105356854089,0.2657600090677086,100.02739368829666
5u2XU,0.8818785957877622,-1.9597517721679425,-1.2865048805158656,70.84827793119341
i6Ki7,-1.134055291472163,-0.976521759616362,1.9227527069858483,47.04702195042077
v7Ol5,-1.303936339678582,-0.7367676367749195,0.3641383147726314,40.54444130840236
IeiLa,0.2236292416320986,0.1687492627209626,2.006448137490256,115.8505573784795
3CF5j,-0.0290514601339411,1.387927874451259,5.470993092895206,78.164025492087
vyZeQ,-3.137759444212124,1.280706624003888,2.0246952037414747,89.49946816827313
o7tNz,-2.747030548294111,1.6036609739459398,-0.0165829111265201,97.25295411807828
tq2hN,0.1775352891726099,3.5963660428141737,5.418329843521758,60.49028171317308
wiy4I,0.148081445280144,-0.1051526412799481,6.884985145068733,133.53109121377616
RzT37,-0.9606442762701588,1.3154592583090108,3.1159326044615363,4.736486218306222
7PAR9,1.445133837702902,-0.2360726949247494,-4.747897417209277,6.5688710932217385
eQmIz,0.9527574583116044,-1.5812172131620037,2.5464835457426367,57.2370140754081
dqqNF,0.304798463464812,-0.0726331613460312,-0.1796741011124387,117.84367349344132
7vKGL,2.5948241408537696,-0.3887753756250916,6.2565284024544825,108.3120667460502
KTrUS,-0.6044031561001137,1.5396512525482735,4.219701130464222,92.1254023139493
6LNoT,0.4119566090007001,-0.2630839061793059,3.4021111036581586,31.697572711496253
ruFmz,-0.2919009935796747,1.9852628346065129,1.0339116475676975,4.610098296188711
f4bo6,1.2458759561959252,-0.4595148430485497,-4.380535768625603,2.769960618175884
t4JI1,1.0348282693723376,-1.1371835199633695,5.84498535794974,125.03453667238374
ELoUD,1.4759558051998745,1.1184004259538831,0.3857785403936279,63.03551260942233
yGtpy,0.5724913828318985,-0.5888663852130515,4.914972180780074,86.86229477986986
tzYqV,1.028234324182447,-0.6941509690615376,3.532847690209473,126.74713660995106
TrqcI,0.1244820309922913,-0.456401603948941,4.2167872692081945,133.84640831706292
uM7Qo,-0.5363935066000133,-0.1634708953929422,6.684482645953867,102.7037014450081
h2NZB,-0.5933911026303216,2.363443856240792,9.710038838963534,80.24432409050843
bCGbu,-1.5031716905060168,0.588245722253191,4.47702147070116,61.069861385355
QLZz6,-1.2182657653031994,0.5122774212751718,2.560516628225396,84.4529030901692
gmb1E,-0.8204369568013686,5.678788535835454,3.276554868715832,148.11425847891906
M5XkD,0.6571352304697992,1.2805090011533304,-1.4328189492315706,21.104477029003025
W8wgy,-0.1851594130326331,-0.356916556229491,3.5259895426570016,42.478628854151104
mDI8Z,0.9689521935831144,3.214256235047188,-1.6377075067609304,53.42080404365685
1WysV,1.9055279313663684,1.1811800772261525,2.79095856833722,87.06267273966469
xqP7J,0.8201149748178282,-0.4121808044699709,1.287733805089584,121.3411433667546
mhgoE,-0.239695313935588,-1.2780587428618535,-1.7978585419169917,42.00181726202196
K8ivp,4.275492320091761,-0.855657073854178,5.403866785033633,97.75940156806712
XK840,-1.3924414491172707,-1.993817137371108,1.7578799530511575,70.6858052323425
8Ilzc,3.4601996054685444,0.6168527864473801,-1.1737996751513922,61.09062039210398
FLcKK,1.7677000326418073,1.0173652389304442,-1.0519389364176617,102.97349066526913
lV1b1,0.3188911715900005,2.7484436602481823,2.2978525266246383,90.23489079198195
d8scK,-0.8983917464972248,-1.6794415079832294,1.5834574096767486,85.83445921174125
ZXYFO,1.4446267763607206,-1.6624890332638496,-4.403194388221769,34.75056589605102
pOoah,-1.436685688809778,-2.272746092246874,0.2678442441809459,105.44532184524805
65fHU,0.5776394303819211,-2.160742907790095,3.2814266795193934,114.80674210358008
jjy2U,-1.097268900662328,-0.7215964866319323,3.67053490245109,68.85531675900263
SrAcH,0.3573343389633416,0.5829255427142881,5.15476117971188,84.83077980372079
XxvYa,-0.6132056097343909,-1.916771462041049,4.248217979063607,125.01196934463282
1v9fU,2.4102048213788816,-0.0849630028035776,-3.3292236970492013,60.30023022305389
QUmgM,1.0456422458374557,-1.3053060084917285,-0.0883925665043933,38.51414386166276
Y7b91,-1.5755411601123632,2.809160365019157,6.375433446503401,106.71979330798438
pCFZC,-0.7480817775448974,-2.6443837401818207,4.251910436698382,120.48562631330584
68pD5,1.5694374522159102,0.4077922596187301,8.027090270161656,106.79166989047334
ADonl,2.4603688634034317,-0.5860207637307163,4.872987646710147,80.45391714898842
0LYBa,0.2563846346312505,1.1918443726532926,1.1227176013121092,23.778062252695825
tp8BH,-0.5262090813665982,-0.3307686094410692,0.919246489967728,147.98056686465935
ww1sj,-1.0153889843752293,-2.7618051822386205,0.8594501637592774,56.309611986207344
lcnNI,0.3667277946163068,-1.5438151576365422,-1.8875874612278176,110.2702816393317
7UFqi,-2.932565621962212,2.4318044888204,1.662154766435738,53.99051948353952
vrxsF,-1.0872812165195491,0.1152529008713878,3.785403457218594,153.62150467412405
urAzV,-3.904211661406213,1.938856746130751,3.760913121472922,161.0669605193477
PFc7w,-2.382114893313452,-1.4569087595187098,2.1603426333985087,151.73769581163384
gBqsp,-1.7265357036183826,0.7411609673248448,-3.863930971689829,1.8652435417318705
W0bLv,-0.6691935719739742,0.6371870991190076,0.1575924895591463,27.149353461716476
X2Ri6,1.2931491130401245,-0.417021154057158,3.3307710291773462,133.50523383038475
pasEY,3.0248186679983102,-1.6866640148572094,3.020932087860204,141.25200506697325
efdtS,0.8940910260384746,0.1595239610173545,5.369481982995817,118.91441177765884
MGmch,-1.1691099674802323,-0.8843510654225452,-2.739879271275865,88.74749042775443
0Xab6,2.1693708480962632,3.6015376618706,0.8875266558263183,34.78218988791909
IQBYn,1.5617082801259807,-0.3799301767776081,1.174514981439856,45.496621127726975
49KZ1,-1.647193577997213,-0.4611044000337268,9.025811945145444,138.69617199554665
MEPvf,-4.731634983647635,1.0721933750523205,-0.0472564636699504,135.4561789916282
92dXv,-2.9658819869144315,-1.7271166462402392,0.0184852768081897,31.253728351671057
Ivel1,-0.5788384689335672,-2.879739740673916,0.0257636982153242,58.93614902396381
Bpq1N,-2.930440941561521,-0.1491100203948037,-0.5700851204402547,39.97946462303691
xZaSZ,0.5063652995840967,0.7809207108625765,0.5555613400194885,125.30478454146892
JETKN,-2.8507332749643366,-2.017499077285174,-1.4640300684916414,47.03741240004866
hErvT,1.4091845099891198,0.0109150304891575,0.1352201778326508,49.54022052032116
3vOdc,0.3620915405570059,-0.776014492033038,8.713561076622755,109.41096108740784
p9MOZ,0.1760413699605137,-0.2275249080098917,4.551175890504985,75.32894099060712
doT2O,0.5509482041691411,-1.1267698084234816,5.897116796537193,76.98790388432252
lGRMT,-0.6640147357008772,-2.707370371637328,3.3055048807124985,159.1495581576309
e4ZYN,2.330555092415038,1.0328908669566763,2.181332297131416,113.9390955669632
OWxz3,1.9452640295803527,1.7941094584645028,-0.2580829488444229,77.18713697736854
HzsuU,-1.7413432807074625,-0.069357118937971,1.6961638373641694,101.51185095164624
k7YR7,-0.1268674712548501,-0.072119390684962,1.6235869294145522,72.47970987643745
nMY0X,0.9778487125083258,-0.3299223624069575,1.5808374280363728,60.512598623179294
7Thso,1.7554048494968992,2.2904748563283297,-0.2599367055831188,100.19674916646233
TBLAy,1.1718868218044387,-0.2848462445077953,2.8622383584670548,32.2976821077819
wnb2H,-2.2504133840119938,-1.3183368123996233,5.571169678068286,131.39520704886326
CUm0S,0.1458280680799441,-2.7284093466621018,3.676648585582916,157.51817185310193
HNQhV,-0.8758480948445104,3.1991880620226296,2.640053527629129,156.6181678793657
yTflk,2.7505688660026197,-1.2214317129111627,6.82101968334863,171.6294599497901
ioSvp,-0.9943175012842378,-2.267525927492166,3.649245400704293,155.49300364593824
cI9WN,-0.4215240284888015,-1.6723274232245329,2.6182990963767585,15.86492698912678
YK8Ot,0.1482768313069885,-1.1160450129087278,4.121364351902924,73.79761443235361
uo5xa,1.961363960590216,0.4344464170304871,5.7447352468520805,105.6591144732286
pXqYN,1.4827529972807068,-0.2102923317916673,2.8179092461223645,124.01385806690864
rIfnR,0.4535681201722173,-1.8004235071357466,-1.3939848714383176,23.77402318473441
uo3QH,-1.1709859079829232,-0.9701385040186428,7.692747977901278,155.2420073394854
BASa5,-1.1169539090689655,0.2082514918593922,2.623818944015913,28.877793427252875
5T3lm,-0.3603122710302573,-0.4182709159169975,2.745040481359492,80.88684430781574
BDGy3,-1.89940010328948,1.092674830692111,6.1957221590123615,180.945651294773
ypdQO,1.5991468340284931,-1.863115133472692,3.472248836250808,159.31850185834503
KOxod,-0.2511276802166746,-2.0385561157641323,1.6459945699312546,36.8790375111468
m4oRE,0.3960566396836751,0.0413010849312314,0.5447348848673927,142.9917484862284
Dxknw,-0.2590761228585105,1.34951417866137,2.203695980931797,126.85818944394764
92Qrr,-0.7271048818444477,-0.0574869268438235,6.777578541221828,128.20693126710046
PeZ46,1.3880337716267706,-0.4470113904536712,-0.352494495031106,39.40773784945324
hXKVe,0.394375381361028,-1.1819776145317489,5.027963598256934,84.03340141745429
1hQA9,-0.3151404003586324,-0.4660332459332881,-2.0398757209335803,137.0254273332278
p6VMm,0.2377430265855115,-0.1011548325434713,-3.2024850316459825,8.752193565197796
7IotX,1.658369542016542,0.5606362067561739,1.5861808782480815,8.667317297657089
uiiOW,-0.7409396887335411,0.0261004981642818,5.014690816782466,144.98080222653624
KzqlH,-0.067272648977742,-0.9296105302679526,6.838446360816642,103.3697167548463
dI0Dt,-0.203671599695784,0.4900000031628432,1.7959313722803576,18.208570193093895
RbfoJ,1.3816922644158225,-0.8495042866074543,10.006381389571564,78.54082925308349
6YRJc,-1.520485198553592,-1.7792241995799938,2.0333117370607288,83.42063099337798
IbzBs,-0.7941905354404709,-0.1291733063684278,3.177431865072664,78.71796932642434
b53rV,-1.191804009554396,-1.8535153951557304,4.317570588742024,87.35530149447858
ebOuM,0.6181052171227002,0.0152514608402318,4.2031551825711135,94.85962609383564
xEaN0,0.6974929246010774,1.270494752706182,4.137919891044874,134.20572193743246
JoaWd,0.7485940243336773,-1.4121073519108756,0.4776677670442946,96.10670076222048
aYZ0M,-1.0368314357226636,-2.1618142416151254,-2.1904041176352056,122.3214618907604
dQ2st,-0.4067340859559381,-0.6461837451183754,0.270360852258374,59.70289303435704
3dMNH,-1.8540767757008871,-1.4188664615453797,2.205628743146536,144.31353964567245
ov39F,-1.5971894939017772,2.482910986437966,0.5486911485752659,37.56278426119201
z1fxu,-3.7684555946498497,-2.865937971669847,10.238058873697504,156.12717992323104
9L8UW,-2.624274996307544,-0.3201960884655999,0.2436299269315798,105.15721643253066
eOoHM,-0.1765847319315549,0.2777767455032173,2.731191436804449,60.98303739306308
1qsGI,1.1057982591816056,-0.8255721167774158,-1.861140665199516,40.628445334564645
NXVa3,-1.6061389789117777,-0.3759729157239881,0.3553083077259287,26.225343243805767
hcInT,-1.3525579150151068,-1.232191632992242,4.216622914001952,97.65979267538265
Ue6ut,-1.1499100237212116,-1.3874564543812598,4.0461389710732645,102.45448509756898
pVarF,-1.24174299835186,-0.937099963076649,-0.062704391173996,27.951942890242726
9ATj5,-3.4754495088051383,-0.2280607135077161,6.938452528126718,68.71091796001127
qTPut,0.4386589126629781,0.4331585357595871,0.4189792737295108,85.4354671552352
8mJ3K,1.1336586955068453,-0.0832148182950364,3.5875282974361173,124.28269932600686
GqEKh,-2.284446482557778,-0.2820368879883019,-2.438920007812976,31.525429896417968
9wVMl,-0.0218904466311908,1.9925759649974928,-1.081225694708948,100.14229327426376
70ScK,-0.2572918695374957,3.0235379249046828,4.282988732434289,150.0089982918934
M2CPM,-1.4965947597253997,-0.6206713244258463,7.39745159632627,141.3161447787729
5Rfoy,2.8961515245659686,-0.5167317447115897,4.455062756867148,137.67683953374524
JPoDl,-1.288020926450148,-2.236860419118735,5.381368589849019,184.4659049795996
TmHcO,-0.0593513130237587,0.9180854693881608,0.8054280868365216,58.75223295502323
oHDrY,0.3526593104983928,-1.5323923802256114,4.225450655177177,47.673770853331774
L893X,0.3186320563549981,0.5408456332547547,6.839242562137638,100.98646566946326
mvmoZ,0.4197902315876969,0.3396194002413925,-3.0386451560199017,6.874266838725437
FS4Pv,-2.147700305800277,-2.681516223674539,2.840915496132722,105.39063199816898
TzAUf,0.6461693972080305,0.4960443228329847,4.455096022616961,75.355123208936
borf9,0.6122666701315435,-0.6918212834314057,-2.935113532359172,64.29841091240598
LtI1M,2.280336177351352,-0.2908349740973954,0.0254607306338847,108.40643184589725
aCfrn,3.0193640804664734,0.1260385878688938,-3.1553439560725565,62.1670747648146
41VLU,2.3021447609060237,1.514792347721915,0.1755333865818031,156.5118125925167
JhGYg,-0.7076470827797765,0.6182452312059824,3.7003691984210794,89.83251250459394
U2Rle,-1.64675318603148,-0.6657801385034153,-1.2545693682971608,109.4734506074068
lHGyl,0.1398122985670106,0.7441011232428743,6.190159448282494,149.04865831913924
6IswZ,-0.7454542855535748,0.5885617563834767,4.892006942515238,160.17544139485557
5fJAi,-1.952904157559861,0.9324952394124686,-1.4432970446982885,73.17989566218695
MxA1d,0.3531223427383952,2.159415839781361,11.158577223023446,148.00675147981943
oaOqX,-0.3621421550956636,1.7639938397398085,1.2222372541770858,34.486975898983005
PalpI,-3.10826149957236,1.9322215813701824,0.256631510447286,69.96096296480513
CG3u1,2.4064979240362554,-0.2099847693773068,2.8055961849398816,56.05957743808685
kKrhM,1.3367483338875263,1.989374986422349,0.985928383406658,115.97492240634077
ps4Eb,-1.0337582674002186,0.3126699679173099,1.5828093122110876,24.02914586910951
n3d3J,-2.1351950576510963,1.0469744544349022,-3.4671264726114006,41.85394576609835
XzNrU,-2.115944733558877,0.1717113100720274,-4.497172275249718,42.704458389162525
m4FXR,2.00392278676882,1.64883265813143,6.2857928844637145,86.54672122850346
QR2r5,-0.204193351312292,0.3015480060577808,5.720756838987995,25.02332406030813
jM4G4,1.062952400201859,2.006166598077449,8.302481021621528,160.519138051524
sjgHL,1.5294923733471473,1.3622683053618616,-1.2205354809892488,100.83313097451546
SrL4x,0.7091040871277847,-2.1717459915256354,4.686000932609214,128.25148118603428
l161x,0.985004931227862,0.5877127120802245,3.391628304969732,56.79515141405295
1fFas,-1.8044394661608345,1.853703578445966,6.565103614416867,94.94751909338731
rR5DZ,0.5162928548411215,-1.578692960598962,-0.6723883686414087,84.0729435923517
MGwjA,2.6702951590473103,-1.416912211278598,7.920816021572229,128.90610947070022
KuR78,0.2069057307778748,0.8042827055797444,-0.3493240311295036,39.47491060249084
63Q8C,-0.1405488740702607,0.2934480929715905,2.8002290060965,110.3622798241449
cJmo6,-0.1842840678438103,-0.4619253310967254,2.6219346890479764,0.1155828300892197
SNfNF,-1.7928961324358166,1.566669717732752,-0.0366499362558245,106.21705951754588
2rRbJ,-0.6289004281338987,1.1624365137705792,-2.245405255527224,89.11105348414276
vLIj1,-2.4008189843943413,-1.374120763207164,3.1108494270964937,147.70681918848635
mTVjM,-0.5494819769327944,-0.7279123221754326,1.9048634897161836,132.4216747835486
C8zYD,-0.1507297845146577,1.038088316173282,8.97484982125001,78.11234052821338
0qGaQ,-0.2438280219460669,1.9128745424814912,1.615640876802511,49.05729978501028
KzrFz,1.4520226859670609,-0.4648608504537765,5.800539178807318,23.79276948531498
1hfWN,0.6166378757400292,-1.0247398180846132,8.421552762421719,117.22158920713564
dYrGF,-2.6365861978201344,-2.646475324842581,3.5301979709304736,58.70598834084431
LCAKL,-0.7386297031727262,1.9102352624803955,7.9833689490796225,136.101293966188
2t78m,0.967692833765172,-0.5625023384814279,0.58742233423585,16.732687093489083
2RXDW,0.3811021684527913,-1.3861990629050942,7.195849223191169,109.61629028625777
Huhiu,0.5755405252695864,3.7608890207181846,-0.3844490383083742,35.17282110335277
4xgLg,-3.065552770407673,-3.791796013157748,2.7347454589731632,98.20143886451616
Tjhea,3.3916799889505027,1.130521280687257,4.10569469069731,163.84012997368131
XrVX7,0.8040538834221403,0.0215158452797409,8.132351407097039,66.07101240073848
FvTTW,0.2789368867809043,-1.0551326334614426,1.6059424135695255,122.83612682890292
AZGlW,-1.687414470401162,3.1872621305627917,4.604895545158712,188.3604625545612
j0fNi,0.1662746758405783,-1.278412129352711,-0.2662059484228312,17.288554945089913
IJZqS,1.278368488519232,0.8765702480508102,2.8228846694384617,123.3424109217843
WSsdb,1.6178440962472254,0.3054075711047459,4.431213415129776,94.27460743060963
x0kZA,0.4049740980745373,2.329881664873143,5.945515866563598,156.55824845149095
S8pV6,1.7417097088912132,-0.7550771000940635,5.189433054671047,144.17967886185195
71uMU,2.676963321668546,2.0272797236236597,5.8842627651025925,97.10501409677003
tPgdh,-1.929517660263277,-2.668766489418989,-0.365285211508802,45.98432939467972
R7Qaw,0.9935442912083836,-1.5584280474177803,-0.1536532934899066,34.34825634220866
698CQ,0.4832557838768254,-4.430008244365458,4.31767737446748,81.18876503587428
YEbq0,-0.9170115285269868,-1.6698541947655583,3.5668322977699067,92.33019294584447
otGDZ,-1.423466409899424,-2.157349876327968,1.2956894715676373,162.9134042159628
1A0Po,1.3248116415588034,0.5050528915960913,3.4298085529788924,87.1590324337935
UU8m0,-1.2615238321740485,0.7128630621944461,-1.6395346829957935,35.36491570722634
gQn0W,-1.81107034855024,-2.3743675037873224,-3.479394363588847,73.0981892698668
3OtL0,-1.0343333719989427,2.5713674371968773,6.393482238865617,179.564632484333
bvrsX,-0.0951072749630448,1.2157062090254087,-7.2257901493860865,26.917470179985635
x4W24,-1.7938449728888322,-0.2241830767977397,2.6091114214485485,80.71383805364614
lqwlh,-1.7569803931184178,2.6248584233788983,0.8725454845616172,157.97529101047706
NIMF4,-4.232213842666439,1.5170016153347,-1.7608521726853068,100.42452253048876
tWqvV,4.388660631836798,-2.582175917629759,6.571554562891388,89.91271589871194
aR9vl,3.2746475285311893,0.1388636918495317,5.9589378706402245,159.861493031465
dOcD0,0.8795467099353271,-0.8847436387143905,5.457733697800193,117.9445894926578
5yssN,0.3110590051457602,-0.5433445754762716,8.250693318632084,73.15415946424352
fUmjP,0.8681055622228013,1.612883020793088,4.2845898670629765,82.94876853940684
7lKnM,-3.7317374131317296,-1.0542419060076234,4.8000705377843085,145.03215139764953
OY6RB,-3.585016324521408,1.1205536027025829,-5.404882146192478,89.80573050274505
icarU,0.002309938151685,-1.9450395252544743,-3.266973826704616,92.248419683174
GtUtE,-0.8648852105378909,0.8353319598035137,5.3207784334222765,132.17539987792858
pRLTg,-2.0232004326167816,-1.2123788154890107,1.601269563215775,141.8666748509867
OQZiZ,1.113738288359978,1.4105829317966927,1.677678857707455,25.456072504034644
ScYNq,0.1315578710584081,1.3187962362898824,4.782548358579284,120.70127112566328
iLozC,0.6230598928738547,-1.2777825930668325,3.607636237548437,93.12162659071988
T6Ond,-0.2751932456607749,-2.390548931404602,-0.9048531627068072,168.7935820255319
kM0Dq,-2.863574679074236,-0.4663902096574378,4.196393405958196,117.3611461399155
G0VQm,-2.857989707108856,-0.5957137228703467,3.0277141066362385,84.27257448462757
pYfWg,0.0319904192882505,0.5286128134024418,2.729484566456609,12.512879168258536
sPTjz,-1.7298856851044064,1.1633653278541396,-6.197173939315972,52.473926766582025
2DS3O,0.1539631508680915,1.612869098942619,2.303430765084608,48.708809910548965
EKEji,0.2741086794094536,-1.884887034492404,1.5624017975922764,7.268712858103934
nkiXi,-1.3583564088523332,1.951011091788088,4.011448689014207,116.02967004176622
uZBt8,1.3437925762539282,-0.0457470797816315,8.62109578384112,93.0037284877131
m6RP7,2.1168105459202358,2.4642086050250627,2.5435551767711844,136.84705143893885
KD63x,1.1328175291339402,0.2439809794950282,6.778604942872372,38.20254298073597
A6OMx,-1.2893913265933117,1.5781878086225705,2.5175111369394867,31.62328228817895
Pcl37,-3.0038529280675923,0.1189729167523326,1.4244444144070478,82.49452093762913
ScMZO,0.1171483561480517,-1.509867005531024,5.320359083000857,160.03229003426384
uqwz3,-2.382108163670226,-1.5268622096268016,7.980492102201722,141.5463075098168
8oQ0D,0.128100394043204,-2.32127833397802,4.313965652694657,57.0048944093674
iXRQE,-0.1080742975781226,0.5373072775948229,5.930333079762678,111.24753420433171
7XGXo,0.8435513483858704,-2.357183832525352,-1.5364997251937615,98.15448925582874
FQcXG,-0.2452208259958067,0.6978088321456176,4.969108518648097,96.49560807488932
rsSRd,-0.6712826511253154,1.2961311515658025,2.3747624876655733,33.328911901682254
x2Vq3,1.0578082150004555,1.3298303506667122,-0.3857409158382525,40.70091159998699
Gm7ud,-0.8109563566518628,-3.6917727333739263,2.8398536999868145,66.67514834083039
3ew24,1.897100308267396,0.8333331316262667,6.636755458479812,155.2175761687457
kHBuO,-2.7329139597636747,1.5475877678442171,3.659538550402728,64.70837889078736
8dU0R,-3.4689896460489846,-1.9812177598953584,0.257201413075117,151.5699452725986
Ex1MX,0.0741745028968861,-1.477863472284341,5.930420932493391,124.99671211067896
358T1,-1.2954813680878972,-1.7722602410362844,3.126985493119564,65.52761042183515
RVeKc,-0.6266114480974727,1.269875362784585,2.0101651235165274,8.573390520836972
pFEfN,-0.1810928305450162,-2.1166964671740343,6.3277584966959655,161.8159042868884
hdmoq,-0.8514268977751334,-1.4417116647323778,1.048340586450919,104.09186988402055
sd8Im,0.3847570541507839,-0.3415570297988033,-0.8534408223391736,146.72089581482643
jcvSW,0.7172817461601496,-1.6184080110227743,2.8097878730533155,160.5669016784915
r5Cjq,2.1831013818129645,-0.4759610270176652,2.1995482914529885,113.85552580715692
kERDU,-1.3679750644828883,-0.0631148339078451,0.8019454570926421,63.43941121319455
A9MeJ,-1.337061588225147,0.8763568821316656,1.2367033136072432,131.6308237027285
zi4f7,0.4939533875015947,0.8136719919752654,7.199929283273767,98.602245073507
WVg2h,0.0739532073360861,0.3891421652021849,3.3280533723152432,28.526283022248787
IoD7S,-1.3626972116131966,0.6529410634931619,5.490161334770519,140.77796041897355
K1Xa2,0.4362402101766379,0.562220119420241,-1.1988000972024089,37.21719019151456
UAUGv,1.4703960603568724,2.5466839466344884,3.6939061203239225,180.7855383486936
kjdE2,1.0923269592582303,1.8042425005511296,6.254339313767287,158.27631848819308
lWp0C,1.5801092539161092,-1.1436537235776454,7.4952892266852125,33.138877621976164
DQHAX,1.4490026334445134,0.7688019246209525,-1.951961089821988,112.19855654608016
lEgyH,-1.538981850969278,-1.6232334663132484,4.48971215958216,114.88884699396765
MNJ7q,-1.37533137301545,0.5633919807621631,-0.3849841310269386,34.21887934932383
rHmcs,0.3149112223162622,-0.2584424909396437,-8.831853456688856,5.032556916156401
djBJv,0.0818473609014482,-3.349590213874035,6.6711642807949545,124.13721585062594
jOMW1,-0.9884375577689202,0.6244375349526496,-1.9899056630666407,121.4525448731399
fB4jl,2.0086189096145213,0.8268715629797841,9.099296094290802,174.86497415333918
Ev2US,-0.6811912706485659,-1.1636597528741393,3.0134350076005187,160.57400436745635
KJymJ,1.1671097327336608,-2.005858794376838,2.439550793728208,90.8241839175086
uWgYv,1.998772439762148,1.957325359341552,3.310605546178369,149.62294567362727
UlxnF,-1.064394156839482,-1.838577406031345,2.6397921409572205,126.5630117479849
aAvNn,-0.2704188399109376,-0.8602834948839082,-1.98781119390206,37.80942632615544
SH0On,1.1107732168609386,0.5547538635195808,2.8510193091496574,33.479798239114515
qstjq,-0.1280755397166033,-1.9679250935239767,6.447722978087082,26.990496458158947
B9IL1,1.6118165353068687,2.257996476927957,-0.9964238635627354,29.71193127362593
Klgsi,0.9261462788836016,-0.6572470434063068,6.5283907339172575,144.81749128083433
R13XH,-0.1596636006767627,-0.7416949670994858,1.4893665584737927,80.84299338328516
dku9r,3.3505163854038407,3.97149838813374,-3.7550348405105463,75.87141618276598
oiTRG,1.076046925403641,-2.7377479504265483,4.093064641744219,109.11829083102585
lVc94,-0.0519881017061529,2.1643973352582324,5.490049052591506,29.24909318805604
iKfuM,0.80112537645899,-1.751801026510439,5.270934392780617,94.12509675392882
o6HBt,-0.9085124318008472,-1.2270412141544964,-4.886440963593698,17.48012563336275
xDbYu,0.1302867165871379,-1.9927463926644269,3.8452579146140033,38.39376120512249
R1fOk,0.261325395182137,-0.1181635619772842,-1.1692350740398196,84.99960764262849
QxBT0,-0.9894090024844072,2.144284891916544,2.7189131485128764,80.7775849106644
2HJt7,1.0373226012016594,-0.2626748916949708,-0.9939777918160702,92.7567800336912
fTWEM,-1.6981214260330275,-2.9991579641344024,2.270668225568906,132.7356732883294
xqeyE,0.3942524406099545,0.7288009294866264,0.6345392738309351,69.16545328182528
1qBF0,-0.4662602018586424,1.28042036897429,1.880058296941565,31.163015531165712
i2Hlw,0.2167727884840064,-1.2917419015775229,9.02750728126268,121.34758025232182
a8kXR,0.8655518980915909,0.809411598546413,2.002202904620121,80.81284955032788
o1lH8,-0.7015759546041301,-1.8353360510284893,5.825523785418192,134.40653126436723
A8hwo,0.7915895092175504,0.939463815130156,3.5812930020421865,28.14230740525833
EKnq7,-0.7302441165773071,-1.3336477901176254,4.8323556864993416,36.50842061809051
dlom9,-0.655550346737339,-2.0221218853796734,-4.315621847879238,79.42476981208421
6hzMt,0.1873373137563528,2.21389828055038,6.885001645879648,178.80870471059887
lMjp3,-1.1578777767096329,-0.9920552513979964,3.5118604241221463,60.01850283675728
QFJzd,1.202853672089198,0.008200205906423,3.0176308413052366,120.23220972859188
gqjTO,0.6183854361914921,-3.636247875828941,-0.8360141298026313,110.26221202734584
CXyBg,1.182257541720212,-0.75175013900583,9.089319426747346,131.6374770489412
h1S0e,-2.2075097695624253,0.289047231827553,-2.471471782123472,77.52952105254438
YiBXF,-0.8806929132684429,-1.5438473502130257,0.2878061869096999,146.52750612044318
goihe,-1.0055956701279976,1.1310390509080832,5.8075081967501285,128.8116800627525
TVQxs,0.1652327397060451,-0.1528662856986851,-2.5680592317595776,75.87782236082789
qTIg5,0.8033496814868787,4.113705309954452,3.66715288829933,85.9616858315572
7TixJ,-2.8590330755283797,1.4695659513656485,1.9255166198888087,162.96207961609244
hOeJ6,2.0157595668062167,0.4733150473113805,3.8453632638130952,162.12689884950882
FduuU,0.6472284449477451,-0.7128372888222891,4.342055302156699,137.96278192928335
a0lu5,-0.4196853817142016,-1.4869170000501883,4.606937668786697,117.25840029327416
evy5A,2.8829715223616827,4.377520302390376,6.075304110498906,70.20429518440831
OMZPs,3.569720579877621,1.5677456778246337,1.9016708350617089,101.07130339828451
xNxtj,-2.471340000201048,0.3194560143852507,7.905468222573395,136.411267980707
KoyP3,1.6323867986947098,-1.2487484535451456,6.035108738525322,138.2460118528001
75cCv,0.2826780594820385,-2.0273582952731912,-1.9813284731777188,131.55154991116348
EY7tm,-0.1207968677389969,0.8574017410363174,6.867578510749277,75.86770762345245
SbCf2,0.9837585007376533,-0.5223626556802644,4.4073038156683255,92.96872546185658
orzau,-0.1719676118054401,-0.8258192998721772,6.142496485378582,110.49960425415956
vYt7G,4.216628889310221,0.3358884708356735,-2.7061400914440683,59.00055283932246
O5RHL,-0.3274217873836753,-0.396446582914848,4.738841667887739,52.2700423179829
mL78D,-2.060487396555098,2.050119530091393,6.998382655806732,79.37906646767631
pUVxq,-0.0186457312478782,-0.326058383496381,0.2369206731831905,158.42049098849884
COOPA,-1.8487758264243024,1.5775423993368125,1.2944306772371483,31.199879917031243
WBdet,-1.9077805222155573,0.8646627913267758,7.251465537140282,146.95054986432288
Y5iCS,-1.7659095629759645,0.2770388793346816,1.348418337887988,24.199278395753264
Thc9J,1.1573918565068402,2.39007730482675,3.1353361239419573,174.36780037449714
dN5m0,-0.0610893912248377,-2.172717629125548,3.375481894409412,116.19069491332009
P9oOQ,-0.5125681275416731,-0.2371874960872948,5.722508084493858,128.2262508751219
Q7vNu,-3.364733084592042,-0.4351741818268073,5.787389945482232,167.38070507470331
VzziI,-0.5923861748747019,0.7255388045757807,0.003112322702286,116.25177496110352
6ENaZ,1.5185586886769684,2.42516955402834,-2.3185348324086994,63.93156800525296
0tbLd,0.6383751800150652,2.9931895274304665,1.3205913446159738,90.59179576215008
i7yMR,-1.1573152551982857,0.3284017504486976,-0.8642532459934069,32.36884733827855
tp1SH,-1.5248443471068804,1.5680881739160086,2.0214971288234462,70.22122399009247
biRqk,0.0845625413778253,1.1902013650492516,-4.5921198311265,34.22066302153093
dihfA,-0.7320183098267672,2.407860297254788,7.807440978585883,189.77417440399796
F7063,-1.0960570156361715,-3.5432313025019977,2.0931177932391005,144.94863213129173
uFgV1,0.0830104365873188,1.7922030865585583,4.184932327957887,111.61285625956364
NJBAm,0.3416791220425341,0.4009554774650553,3.4942513870098515,48.5662543825278
kcjP7,0.4278061744937369,0.5660188807235149,4.582312635337992,26.867916436961824
CmCHB,-1.1011777916388157,0.5776088192886563,9.779314177567333,121.33444337259174
ymD6a,2.065208228484461,0.6620442193923305,-1.185479003252544,97.99175281550512
CcGKd,-0.2183834616120081,2.6389165378615784,-1.850216743789756,107.73259811547638
bD9xm,-0.8952593584829993,-0.1656458354920943,1.51709319162579,73.66700275130536
MT9Jw,-0.9237561750408216,-1.8249847369962755,5.159630848214378,155.55759945296285
4Yt3A,1.1587382105442123,2.607678416777924,-0.1514136809063488,102.84175182810452
a6MAy,0.9525781061210216,-0.114255867836999,5.833866371756407,39.63178498991354
kXfOF,-1.8058222926513896,-0.7808829191356755,6.150168856315907,111.68596852962744
G4ew3,-0.1945413910450706,-1.7084815289605366,1.9863326962289387,75.67328731019643
IvBAu,-0.7157172679134404,0.7156835028932736,8.078164018836407,144.4493454615914
GVddp,-0.563246549796313,-1.039773743944421,5.601107133227943,51.420190473135975
URugc,-2.804209254179326,1.2302306702065804,1.6392223571155062,76.64272787485622
HHDC0,0.6851637347342361,-1.418199643588148,-0.5635215632179637,15.90628254941142
Wi0LD,0.198290851894831,-4.292067983928464,-1.5008521174187432,114.00505353509315
DSBfc,0.3225805100646346,1.7210026579080842,6.778199149677733,139.48846574381906
o5fcO,-0.913360999753642,4.043636134001568,0.0280130894452901,63.07597861696274
MMwDx,-1.6187457714486908,3.3331837245805733,1.4185240568928368,123.882189424994
KMV4c,0.4440094201585973,0.4769431254438121,-1.0949052563390556,85.06471841269023
f0NnG,1.1102889114632442,3.3045964893855744,4.385161549562524,111.88551872305572
1V5Di,-1.5602042517972816,-0.6057832918016969,3.2838014061121155,11.960282047026515
ClcOL,0.8958352643970882,-0.6606110543266028,9.129973698253064,147.0591179160277
7c8gI,1.597983556876336,1.5100759873012275,-3.410348336924768,42.643940514932495
z9vl9,-1.3279531220778389,-4.265448093587717,2.7708663503540354,117.4004474414178
0AdLz,-0.9007932087575656,-0.9361211318272302,0.9831227219336728,59.66113625754789
K0g38,-1.9959896476213683,-1.8047803014421029,3.668859891869385,68.36751042673852
0S7w8,3.0054049216152503,-0.6946714693204658,3.708263578712232,182.3613918124694
tk8DR,-2.201293202706751,1.0230170063045432,-1.1880652601559802,85.83601005763856
v3N6P,-0.6072746843470253,1.6851774790492855,4.492433487353017,111.19257846082226
FAekS,-0.9570504774618552,1.9520332129681444,-1.6142724149802326,83.75862234844409
eJbFw,-2.561828785446065,-3.4066505134587173,-2.366781158387328,137.95388741612297
JYvQg,-3.465495707071537,-0.6732226835809743,-0.3448954148806924,64.75246139407986
ODUyB,-0.348273201872128,2.117606683441827,3.4833015077500136,145.36931397833493
9tg3j,-0.5575481866188876,-1.2763035168008203,1.4172518705179242,44.11265678811191
PtSzq,-2.546192796498034,-0.0168948424519665,4.476743953316278,157.93624571459702
HFfcI,0.563268307710963,0.3491388813858798,1.2302760296285042,108.08724246431473
db6OK,-2.219654248825356,0.0140574280120162,0.9023139336985304,74.61052048466162
nW33e,-1.46679147221452,1.044915300538573,1.0193757042074991,145.467323649379
9Gf4Y,-0.2972307961007965,-1.6880195865413377,0.3876303578144571,51.30081675057685
ROlc3,0.3155581358440402,1.5717697790373684,-4.320245385462859,8.700941921668216
IuH2O,-3.006407593574969,-2.187872938276472,-1.0691216941138313,113.63182849681452
bgZze,-0.5246559767992137,-0.7441547782353599,1.6464361703496324,89.96684645501576
D31KS,-2.6269998402431693,2.185399820904458,7.016458973222079,184.24770013111004
01Q52,-0.9771175479088292,-0.0052704281892125,6.424106317211361,87.7399477182781
mZEZ9,4.306212215326916,2.94397267157104,-4.790258769006655,89.70572696006124
iYCVI,1.5859629148979075,1.3653032306468669,-2.069106775062539,131.58403502111085
5OoUo,-1.7045611873318012,1.242424332704274,6.9820359923605295,111.94124652084156
nJ5jJ,-0.1545766319810706,0.2711859456348102,1.9612568205239933,56.65870620751438
WJxEg,1.7206146388823118,1.3672722534417656,4.630269779923507,176.0107724763342
ksPmi,-1.1219450133855526,-0.2569183943815701,2.35464393741961,137.0459617286159
SGHzI,-3.3571065234062587,-1.0860651954889575,0.5446241758680495,103.28469024741662
8m1ZN,2.4727065038327627,2.5121271703640025,2.9735942120530456,44.910669833515335
o6qRj,-1.6015301998795644,-1.1565748338877022,7.94885997533166,139.67431898778787
znCWH,-0.0210249585639473,0.1301605387353358,4.52014082457394,91.66467598016324
EU3gI,0.3894665906348165,1.552240328963099,3.6711786227445566,25.07950037589705
4dljz,-1.4516070265991192,2.3565468647868437,8.072992169862887,164.18758132959633
WAnux,-0.1584822085066919,0.3530873410983079,3.682001896285484,40.087964445037976
IMIQ2,2.82838919408234,-0.9827628382874596,2.4339566308189458,87.30690418468843
zDkVi,1.9106645035586856,-0.7602912777250367,-0.5258091110898215,114.3595305799806
rO4oC,2.959271293303824,-2.4609870573158337,1.542034511748656,78.58196183190536
APZcn,0.3382526174984374,0.0653422312797892,1.5954059492338375,76.23982977506559
2Mabp,0.2114219565693944,2.5879430542092905,4.632022234322606,84.4235529341729
vBCwC,0.6226946172090532,1.6684199857446111,-0.99114362706658,115.6251732352064
0zP16,1.038827228986008,-0.3546558333958159,5.1116215733631805,80.98990656833345
Vli6q,-0.8889638809664075,-0.5649380909092565,1.931740885161992,135.22116916960843
GJ5cC,-1.1807993505260346,-3.1347513458034224,1.1642689132709547,149.28344246220942
PUFy5,-0.9780374877592066,0.8930937457076066,-2.2672133396860272,51.8040319432707
moYVy,-0.2444254068360065,0.481251073141266,-3.2656923008007253,112.95768707333768
SUP1B,-0.7641901246378399,-0.4836865004976785,-0.1917165257186499,29.24856173641005
G99lW,-3.7177668608233545,-1.1125997664511849,8.476527073107146,174.11297944966108
aR0kI,-0.4809711655495711,-2.2442430305091365,0.570102991451561,61.86976175036247
xhkkn,3.7705728057393904,-1.009526151972118,4.405172111196197,135.55448649347812
wKOTe,1.5040391026440412,-0.4597228042991659,4.0019640638769305,155.3343013209312
yn74H,0.6162643958140597,0.3361832451800234,4.406578417210738,106.94177652520833
lHAur,0.8181332998157604,-0.7657879962937741,-0.7907037703971369,58.09167915590152
JH239,0.5725512480651587,1.0261874642994329,7.489388082727546,120.12309763273528
qcmdP,-0.3519659121817677,-0.6109404594423227,-3.41807294425742,48.477627631254215
T6g9h,1.1524493412484649,1.8798824835695327,2.6560486152563643,77.40878161066568
phmiS,-1.999128563580434,-1.2796868279768512,5.256050336915543,108.68758661631676
vijZa,-1.1179267097746202,3.358237609184689,-0.8374716649348237,46.83625304854011
nABZ6,0.7061082133884867,1.9877834557692784,2.307090400554616,82.54105397194616
VhD5x,1.2949810799421158,0.1065903611817341,3.5162851077321715,63.56718783543867
bOYcT,0.1060591524601605,1.3880837119768552,3.4183956070122528,131.06333140406664
Oe6Jp,1.9928510850506544,1.9088248280292448,-3.991799740015842,88.13963169140385
ZSxlp,1.769328826499992,0.6858094145584993,6.573949577744293,143.8620504949115
Veb6Q,0.8291437949384559,-0.3832041151556605,1.9831124925359944,17.951354463433976
eEKec,1.371290604604865,-1.4564428874402435,-0.8340623929246931,63.73387600392832
ZFj28,-1.3350049541387243,0.7935951639310168,5.353841249655962,95.03111548526653
XbxVd,0.2299131419323005,-3.021351039425355,3.0385186145161143,152.89905665310167
YRO0z,-1.7694620749505618,-2.789881943961932,-3.023299151937612,54.60410502137877
kpKGs,0.391594548080277,0.5208901876164634,0.9350813608678497,91.55846395835545
ZRa0Q,0.2030787663957949,1.5008976833254466,-1.0896905167040671,59.06528416661465
WBslX,1.9752280558749395,2.274112122059441,4.827808186487308,162.41807830248604
V64aA,-0.911457524987518,0.1829278176682893,3.0184189436548943,131.4642133700581
zchNW,-0.6947727320885259,1.7918776955697169,8.209623796306843,127.30570409904264
2ImPv,-0.5985855868092163,0.6043192177591817,1.3295408449695894,30.385591703307945
3zdp9,-0.1884710340638941,0.2077965424767421,4.146481842188253,82.83112612356295
hmdR6,0.2492627720710941,-3.3198465512407744,-3.2736555239405454,39.75333910058963
EgxRu,1.0517380649545591,1.2731741300788617,-0.3731781314231189,105.13942700508731
aUIoZ,-0.998283017592222,0.247919478697606,3.1117790823037685,33.3257189370863
UhcVm,-1.2369294007556426,-0.9291062856389032,7.340888789927535,121.066482754722
oWxoj,1.90486988059694,-2.71492739531537,6.746491675487527,104.1426223775728
spqfb,4.1515783465910365,-0.7144466284516673,7.2712477340287425,100.89903847733372
KDfnY,-1.817335249052997,-0.7365942065394251,3.953195188327967,129.03630067152667
qhYS4,0.347739020496483,-3.0685872058578068,3.150318713040924,100.64649546978384
FiuId,-1.723077698876773,2.9333773042770668,-0.6300478381170669,93.15312839799532
nPmTm,-2.244651870574979,0.288948339629501,3.155507101213332,187.7585153754681
XU5qg,-0.92958049292198,-2.206447838119026,-2.3217414004156405,91.99880278304686
GHu9a,0.0536826029589641,-0.0446492063705141,8.080906449328808,152.8662763164508
eDISF,0.5209407993945671,-2.1097015760553943,8.64270864140182,124.61297985874651
3yzvK,-1.9879879043557769,-1.9209469782314792,-0.5733620413589229,142.07009240881956
I9M9e,0.7326444234870302,-2.3221883910908803,-1.9682179424429984,40.51465441013526
ZLP3a,0.8524568298459179,-0.3731123242297288,3.145034409157806,84.37055532423099
bz4Lq,0.1982184565950548,-1.4167644046914127,3.323781531562872,120.6865942199202
jcg3K,-2.3873855768372203,-3.873896212994006,3.7420578949295145,97.30962962334608
7nPue,2.272336098251482,0.8310892894438455,4.894821223554951,62.62309577704772
pKx5V,-2.410555677005959,-1.001619552465754,0.7856156950575732,82.3227062579807
0ACpn,-1.8252290702772755,-0.5830840166460501,-0.108082284245663,103.55313616117066
zbqoL,0.2025681647786957,-1.9544655010870933,-5.151262518579864,7.946497301817186
jxM8m,2.3747331744612614,-0.8808058316568728,2.530516989565418,104.949674164577
B8pfk,-0.8219420857271115,1.0839500545698044,1.1625979752460105,57.80075233656643
sxbp9,0.6402641600572969,4.118908395390919,-2.361960161294509,88.14283995970571
E0B7n,0.4464980426485114,-2.435107596084893,-3.967889139641603,48.97698353413775
dNKll,0.3848309750636871,1.0403714433418172,0.7238913139364782,100.59929941631825
lsqbZ,-4.266503801349743,1.1463372989376348,6.159441860694712,60.91126372010008
XWaBx,0.9723132946915238,-0.8169671463558308,1.0376487833282193,25.455236917613632
jM5lr,2.742919070587297,2.368941502751829,7.495046974354127,152.2250119743888
2avkI,-2.2042499236015587,-1.9645149800341783,2.096655947608259,120.75280163451023
JFLfR,3.704003271731369,3.0267124922752457,1.1927182729285315,57.011667166107806
huDPI,-0.901535237192724,2.386517775332161,0.2566514735407424,165.46225722832725
JLV7z,-3.54691878150414,-0.3805526052183757,-2.8739591599818266,70.957140557374
51PjY,0.9960494847340164,-1.3344363970996442,3.271725399309873,62.8307015151218
1WrdG,-0.5450477195128771,4.0718281157656815,0.9383704406760388,102.40800282156654
Y1rAg,-1.3183715201661137,0.1053484996673509,6.6014024054030775,15.594999073928715
iHHRQ,1.3012285181011554,1.46876531707879,1.5020436929827,80.50146791439222
i6Wvn,0.8783180182425171,-2.0814265236137075,4.173591930470892,168.19353845944326
1A0BZ,-0.2393640806538131,0.8556038381128152,0.6370405653563552,17.817559686639115
OEFHc,2.848875923410032,-0.1471463481318083,-1.735032047876547,77.43374341848454
RmhbX,1.892504322923417,1.5248790769545422,10.368168231462068,153.7209165851336
RtZtH,-1.5490982515050666,0.1150136937050609,-2.168445028170214,40.723825061339504
JRNfs,-1.3425599692622776,2.3166646691573853,3.5344900164590816,168.19081304589537
aLJvM,1.952471497677592,1.7503451605313864,8.742468073285648,188.51086665431012
60vfq,3.224075615651913,1.8019230271557536,4.939849461402844,81.96735155559033
zBjvy,-0.1962478230830976,3.2348753007807622,4.33962568047395,164.93138616853895
vcmJX,-2.031646958382112,-0.0323374954276394,4.4277895912444025,130.43135636065543
zEm9S,-2.4972845786782445,1.7835658410605817,2.03334300738176,135.19743774628694
YwRNx,3.3315343720125847,-0.0672053834117187,1.4403961660602194,67.71499152120984
hg5N9,0.0636172166394108,1.8109995246105703,2.523138311037135,126.85210552513884
tDRr8,0.3701985539983048,-1.8464233261396148,0.3097500760451175,65.94126196950964
UcrSX,0.2407226673424601,0.7177901524890886,9.709120891600822,81.18349685535155
E2HcS,-0.0575661336587269,3.6367653306941095,-5.325122079017144,29.39584880088681
8p0SZ,-2.1924814736977933,0.2358705744319418,2.5321025156461343,140.97459506612634
wrPfd,1.8480811069470708,1.4005682698539068,-1.7524976814456097,63.92269282524432
MC3hk,-0.8457728667624814,0.6217998271685775,2.6327337458974758,78.34978228292519
egMiJ,1.4245789769347297,-0.2627462528210214,-2.4372326579538663,1.995299965528181
EYOCJ,-0.7513547143953806,0.9315450988854148,8.860333867336472,82.59087716361367
enzKZ,3.090156370152483,0.6194285652771018,-3.4256915307944684,74.34942810273594
biDEQ,-1.1559518327642784,-2.212637213540273,6.428161525099917,167.40409904581378
hKHed,-1.450352784847846,3.193402872709738,-3.96854217368856,104.60789075338492
RWCgh,-2.548762772799147,0.2431743661282228,0.7450200341486715,55.587219375612825
BCuTq,4.3431325614971525,-0.5250917556038329,1.091025238221398,84.9868390351104
1WnoH,-0.4923932345404566,1.1508809308545374,6.1244769436458055,125.79377803440366
Jwg0j,1.6308837532597655,3.060755689107659,3.6846887321242257,130.30768715654654
ow4J0,2.555112966501277,2.551885760565776,2.16289451964836,80.28020931686505
UU5d3,-2.9050599485261035,-0.434361677494505,6.407048511065057,153.24200399903847
aJVDx,1.0347950238493564,-2.955764853935915,-3.1122191778491763,47.9333776819429
cIFUb,0.1241895365572454,0.7937564440549212,5.4874163634592446,87.64396639307047
LL1wE,-2.123245578685507,-0.2407012985004732,0.5075199717937218,152.69474597112475
2A5wL,-0.6761857367719564,1.4444871825153982,3.670137176524672,54.61919518365356
KTWvm,0.2256958913592107,-2.5819523662459707,3.428436004622056,31.133049988939103
kHE2U,-0.2067619747902456,1.7400974366044817,5.47636474741438,129.31366157052892
Evj9W,2.199808069320353,-1.0700676224764885,1.4083369838365714,43.7134547223922
45lDp,0.5963882513557701,2.56860473200188,8.087167577224513,143.20206560778712
3Hmv4,-1.9407462106295068,-0.2345204029574645,1.9020732482767388,101.974888413779
CX4p3,-0.727467500108109,-0.5092459125352281,2.490278221499292,107.75035641220884
2BnOw,-1.2108600353250552,5.542497988056777,1.018685090074535,101.75064552605122
2xcCX,-2.0361729582983124,-1.3947889449677606,0.7114211337336493,115.67657726891048
6siWq,0.8084081190685087,0.6060856553192019,-2.5012222272318434,29.173262831114137
NuwlK,0.2170797886529026,2.929317317829247,4.972154131680606,134.67978260100898
9tcAR,1.4785146427624505,1.8689504393529264,-0.3098966853157661,142.82743059402037
QCHTF,0.0410176611079346,-0.4440839545283981,1.3344849619049683,59.04370267316556
6pgp6,-2.4259117739436347,0.5773795943142929,4.279641627284601,148.4163571098818
xfaAB,0.6736713806752493,-0.4215010539576559,7.874474417534794,49.86762246387536
aFMaD,-1.9616739375185344,-0.7627177271730746,0.0786287864702318,80.76694502246056
naCEB,0.1968942445658876,0.8277766669084151,-2.733708149464601,24.32906347210916
U5B9p,2.3978729011689324,-0.3147124337204196,4.832389277358682,150.6977583368346
ELOv7,0.9908092583985536,1.1603152610405274,4.961720047153715,136.4918227267989
TvEiM,-0.238423897692754,2.415495156603082,-0.7537640951104008,86.92326826171859
zIGGC,-1.2619390481424844,0.1150125504146609,4.951660006147844,90.75270161949987
2afJF,0.2468885371459309,0.9817929456036673,2.9182000574147047,149.16802203532347
ypugr,1.3797647896439067,0.0993091051330924,0.4849527701053331,12.640186182206511
o7vnO,0.6641024969358233,1.4483218956821136,-0.8260074900709247,27.763995282518188
oBsFu,1.6974724088901847,-0.6905085819661564,3.9803499444934767,94.22774099456028
YUIVj,1.0688068602183098,-0.4614725150780258,-0.9693459577152048,57.8765664781336
A5Eco,0.3474402011379789,0.6132316314415791,3.4587559288282668,67.9914382178139
ZV3YM,-1.333197391694999,-0.1672726092125495,0.6696011053139128,113.66184871032848
sykUk,2.256911426460627,0.9647849407908664,3.6750459069029127,87.72942652137534
99XHw,1.7726332009709769,-3.206094106309949,7.459757733048281,148.72537300207318
26byA,-2.124699967794434,1.5547243904976606,4.607112200111108,67.69695626344429
zhvR1,-2.4243192103276945,-0.907413623898155,2.1701522273399267,107.69426076430253
yNiWM,-1.0875759803321845,0.6948765291936361,1.485477960094978,156.28952646533406
Cgh1Q,1.8033841484436204,-0.3026640624765585,4.878852926740822,20.18765743896555
TDHoG,3.2657186644652243,0.7676588965460365,1.8671810597789584,98.67964095776888
lblRC,-0.7151896962861296,0.4117458953948617,6.73951986503744,122.99424839422302
G7Gvs,0.4250729890503415,-0.202371365568099,3.4926152072809504,92.42052683780275
a1c2R,1.5322384774552644,-0.1831996579487256,0.1615301556104329,113.47414471802142
kl9Cn,2.2409390218523866,0.2765299769786012,5.237762380047441,151.34360597767304
s2SL2,-1.1923288079522276,0.7802735427383787,2.1238012742276933,71.85602810001454
maMAc,-0.2633694209794412,0.2378773547733407,7.981197960683845,160.05469471903024
kXLmg,1.9362664333037432,1.5840766529701242,6.488218410793746,150.69057386142794
QejZL,-0.7690732977564434,-0.3013153081345619,9.951702864746274,118.43672953626545
YapAQ,1.6845462583289808,-0.4765817392421469,-0.0361187583939526,71.45927291729669
9gvMc,2.680522296818544,-1.198916457802382,-0.1107133017547248,113.1639595857254
2TDkt,-2.3847389857489545,-4.114642967488359,1.6693766304494568,139.83009351673553
qOrxr,0.8311550063476097,0.5725640920100685,4.379616610986956,130.79254750986445
rbQFG,-0.6282062774246979,2.277722124228204,0.075472419834075,136.6026000084726
2eY1p,-0.650981377092589,-1.175716115019096,0.2043272339815847,85.32867741112071
4Y80g,-0.5394765471850013,0.3920155632692137,1.0080917955976052,43.50894909757815
Is9AT,-2.883461405868857,-1.0215015480127625,2.7273919397276574,99.12218323414666
WRD9D,1.5185013637634566,0.4909638885023704,-3.016432542543392,9.219970460050265
FY6HB,-1.8177417130202025,-0.6329391732968853,7.597281920312822,97.46398637096408
ppep6,-2.654490940770619,0.8183832629989839,8.99421095413064,103.2212682380948
XIB6c,-2.4984070791341733,-1.1890703743719098,-1.0872533992423143,74.0587999872391
hRwRH,0.5135492914768108,-0.8317929823075288,0.7017001265452336,131.96525817461725
EYwVZ,-1.3708724102482222,-1.8991417992011883,3.3785190218164742,115.08594458837749
oMscz,0.1203395171579863,-0.9934509877357516,5.072289876035928,100.09846508208024
gp7xY,-1.4428528803019034,-3.5181363786357616,8.677726183210613,178.40839598958436
oKAt0,-0.8896628771914163,-0.0098252328469308,4.547261638130034,69.69013733907902
gdHba,1.0671874471858072,-0.7769363089516801,-0.0878429000696681,55.683229819824
nUEet,-4.324826226278714,-1.4925244891720235,3.966725793130088,113.6492770137964
IUPoN,2.061113475253308,0.427897491798728,8.17583776534622,132.01011067320692
TwwZf,-0.2741063608033801,1.1812179627310615,1.3188097427257466,31.27168345927037
GLJWH,2.745259923454026,2.5612553576928865,-2.2688164192174223,50.7690530161196
P0Ii2,1.943004693873616,1.4860594131797302,-0.6587693871582274,53.26739445512424
MRkIi,1.4507819272238358,0.2372886619157185,6.479410418595946,75.21060897721027
TecQy,-1.7844080503884188,-0.5518154984525199,3.2129710097878346,97.00355831990052
amsMF,3.14551642360007,-0.4566333379254008,1.638506016063962,61.751084648014775
yHBDw,0.1431832906828095,1.0964015058286056,3.3678074216808804,29.43175404843321
muhsG,0.6683990288278724,1.8034118714010567,2.3901002643650733,123.6438859713746
ObR1j,-0.4803436907715011,2.508700075218368,0.5144498557672893,29.34091519725533
cSc9G,-0.0535972596785177,-3.5879937467061915,0.0324428903924002,48.939121491337
kPTvZ,-1.9399629704294523,0.8765368152462799,10.344421494277473,180.426220724256
QnRXA,0.3255171012370532,-0.7802100065306782,1.9347196028020688,121.21665198379866
J6aa5,1.2267580420107291,2.1768786173238994,2.8773217195302503,111.1940801547681
s2bE4,-0.8398140377337272,3.3023373604813657,3.5981771792193777,172.8374585888102
P6ahn,-1.3736493997925467,-0.2957542023053597,2.7880986366462754,51.85472879755544
2tjZf,1.3528938918715951,-1.9467695511108505,7.165129908051194,153.81123595940042
YaHJI,-2.251912799555925,-0.8643553057911978,2.5429647748897564,123.3364647307215
N3LQe,-1.1650020342531142,-0.5377888071116845,0.9416927138849148,113.4909994555735
DThrw,0.7713549304514287,-0.7935455310259466,11.469590943618885,132.4455614895762
TvxFG,1.0520673065269428,-1.5349179584735408,-2.7803796704303485,28.408515874193697
nkyqX,1.8584225999507165,-0.8795809006345322,3.865874023197064,149.4946295112179
LrVyU,-3.862156319916532,1.981118217299164,4.908843915253655,116.3469965517111
0dOjK,1.4528336033109293,0.3451948360360851,2.111965604580435,58.37662400360304
cZsnA,0.5870595542371505,-1.4615347605002462,-2.2948469143174366,85.73675331172637
4PDUt,0.902246729926564,-2.273039105339345,4.85440526059071,134.76607517630575
y9ssP,-1.2611168608866588,-0.2391897192811882,0.8523702506337899,35.46693220945449
IE5eH,-1.0100620395386015,1.0385467154141526,4.112093050073324,57.15580129135085
LEyVJ,0.8962007663644646,-0.1291654408464205,3.48040969259574,41.71732737201342
who4H,-0.4000628370831028,-0.580696284078797,1.907717953731336,4.060059934109873
PHUDB,-0.90249922388967,0.2286456563929345,7.412401627067344,107.81972611639424
bm1Ii,2.4770526047978607,0.077081415473482,4.516462043463815,162.39484891298844
J5VhZ,2.6331785861247567,-1.1323104010837777,-2.8709058695835217,40.93312943873681
7v7Bv,0.1781646177246592,1.1971854172053649,6.876022116778263,55.622670547791685
fg7O1,-1.0634005220074068,1.8541196440393488,2.613573346676548,111.85418297930812
tGtYv,-2.323488705287956,2.255136031256018,-4.395347917992472,40.30469921001165
neRtX,2.9360505292111347,0.5393011050073219,-2.4775341108615048,58.819280196340905
DK7pi,-0.1748259421656964,-0.3401616072238033,5.299522256289137,148.6460177972644
6V9eT,2.4584552424187875,-2.1002763736580534,0.1001870170022958,95.8674395376692
MFQHO,-2.392036105802606,-1.8546312778944625,4.3941482333754935,150.13848188214746
8xgPH,-0.473555185476596,-0.3610455720364308,0.1827777484099999,121.60522317003056
omCEN,-0.0960738235199292,1.1170795125816586,0.3349121087052331,74.039692071916
1gDyu,-0.3477003743452843,1.3400394621871878,7.645707257601438,131.262280764735
5TbqQ,0.1035172452197275,-0.1942916007321626,7.318430817805026,88.7369136162005
Cl5sl,2.733505581054468,-0.2768266524700878,1.5438503783247366,114.24473380516514
Uxh8H,0.9766908164130976,-1.762070498753067,-0.004538823233875,62.48967592245689
fOcap,2.653484106335139,1.5250667824814836,3.241840387182136,60.260043746335015
2E1qQ,-0.2721412481420508,-0.6251644941256684,3.706258607705161,106.08388982395812
BtmHg,-2.243883535281733,-0.2738805768902155,-0.4564936341845733,62.50140177060364
zpaJJ,-2.2572847878932203,0.3797163896201524,-2.2874791305821,69.9747290105712
rwvTJ,2.7999801526152748,0.2137809140584382,4.39859381699345,87.2905469323074
kw8c8,0.2441858933287271,1.984928012411796,2.0311391174157416,117.46025724976138
92dGR,1.6063203323518804,4.649888348889563,4.198075766254624,152.61708927946157
1xK89,0.2264983836253479,1.7891515684120691,2.9149282829424954,142.55182468334624
WyP38,-2.1623067669761844,-0.90489891837675,5.82409631296499,134.13043430466251
4kHrY,1.8081623219951148,0.6550537290978067,1.3399133705987218,45.10700569000178
Bi2ER,0.2252922515816008,0.0154404675673002,4.317593304840699,49.19358708041602
5pH82,1.107815125042353,-0.7628174056563507,4.195180336440924,48.78516490995534
FyuvR,-1.494890586391432,-0.4384840739042891,5.098074903542806,114.88887467618684
s7PJ4,0.3767855416514237,3.4112177861921498,6.136674943261997,114.95003330584736
trw48,0.9011239956802076,-0.7104010636813074,2.20600766971411,126.53769098870733
xOTnH,-0.7809940000747604,1.980259723100109,-2.246447789728334,94.27369912868504
YGljH,-0.3740196106393167,-1.7047991991270703,-2.63939916873042,96.58739728295778
HM8zr,0.907526177072108,-2.4502234917896546,9.065771039185345,154.1110405030839
ScEop,-3.1025552593997565,1.8666922120891671,5.66592919680452,111.673917698447
Xt2uA,-0.8849624336068674,2.4347801566009206,-2.09694260240603,67.84979830272853
9s9oY,1.448089788104706,2.633679601229499,3.2319578902939248,104.4463997643012
9M4Uv,1.7610612484372932,1.4789827345702995,10.654551341811002,151.73485771190704
yuRBU,3.2089135067616064,-1.9634354152727893,12.96970845480628,173.04769766994625
PxCnI,-1.7417289582717084,0.5750291562998798,13.688760761905264,118.7726860649218
cJdlD,-0.3144377329297237,0.6822757678831018,1.7983774381974869,46.85395647410224
cKCn5,3.0816236972473794,0.1604579478366773,1.4656643598484205,62.15542051364592
5bojM,1.62799575124244,-0.9673173894226686,2.87153078321633,49.04016821835108
Fmp5r,-1.912615047889632,-3.0078752091669907,-3.6004836862600564,55.84246345347474
5bImR,-2.14214374352148,-3.026838709517792,-2.7600140130915864,38.66320329327061
iNUyf,1.4569877436493,-0.1354668037482738,-3.8298844325508257,12.388397058192664
bHlyC,1.6469504497017429,-1.3582927655653618,5.37764544242442,149.251530021964
H3zvm,-0.0655042376647318,0.074731370846525,5.276669614749668,9.31300710770558
VDFb4,2.534912571466565,-1.6756514343831952,1.341406680693958,82.3072774816955
jdIKQ,2.7925338436106264,-1.3970972581675671,2.3615107397056168,91.2648980157051
vHWyl,-2.7630536028189234,-1.3653371412358353,4.70516063015014,189.8072549144077
UryZ5,-0.221522361057896,-2.1305077689282226,-2.0199955815449915,148.55815629913357
rapnI,0.1675287203480043,0.4976941535345302,6.279155363303888,88.2500056201103
mHveO,-0.962210199994395,-0.1093584106730636,8.365206086977508,100.88105829158098
v2LlN,1.1543553337007433,-1.0092184431024844,0.4381826591700543,41.77881043772186
Qgze9,-1.110261233450356,-1.5481668632483687,5.733765527224941,128.8171900067065
mPjXw,-1.84015364460819,0.4933473540121411,3.425272508021463,84.21272993679528
jj1Iv,-2.12025959052036,2.944800206653579,-1.6184341062844885,135.80925793101122
CvfPR,1.4315955231319504,-0.4969887944900999,6.0892665978177964,124.6189599379364
7D0jN,0.7466489518021652,-0.3204549251132032,5.998073966850963,129.45968749281843
KH1YO,1.1688728525559755,-1.5893169983430124,5.033858339088941,148.06935820115692
w4Mok,0.5662519692107748,-0.9330159203057702,-1.9996598677044288,108.89310840873546
egzhF,-2.5543408009931308,0.5192423526955895,3.814066118063203,103.5677072824431
i3Ar8,-4.275400821019463,-1.879782737133136,1.564208439785935,66.68702026325202
SbDU8,-0.2541336287836909,-0.360521787203568,-0.7873973584715197,29.79614343938411
PWtFg,0.3556478830927099,0.2223423562772825,4.75557075234082,159.7811174124821
w6nIl,0.9475750956547766,-1.3167305654688233,-0.8537314100991706,24.57876368174957
gWyBU,-0.3024298986899987,-0.7241732565724004,4.318134466109118,79.84372652427682
t9rrz,-2.5685291628245484,0.143808546412406,7.474437215561215,180.8886041142822
b6yUG,-0.2071518871901246,0.2280546679980461,6.623658435934559,34.78835210275992
IMCVl,0.1490943930790672,2.2140489741865648,8.022885972550348,72.83344556198399
01hgY,0.4753748088322767,-1.6796413598039417,4.2175322890505775,39.12783327219455
VcBiW,2.1344478288048663,-1.6849171502167914,3.2811149327832343,181.06670461126663
BXBXK,1.3458188489625107,-0.469225750638977,8.297621070958504,133.03075758317195
kEwSp,1.1846128858219953,-2.172632582665281,-1.7039475785349811,92.4495326828419
fVi2O,-2.138428898351259,-0.4162550474453421,5.264952483105811,189.74007638774395
VPixO,0.4503595765573249,0.5852331442928811,0.09093605975516,136.6465242789722
i9VHA,1.1635567597616985,2.3806722233147584,1.7917430268803878,121.80367295364452
6sFqg,0.6652711425664009,-1.1609207543179312,0.2668131264014078,59.62805079731168
2TSnA,-2.2202956173686887,-3.653987768599847,3.815282886009936,93.25111999984723
gPH0a,-1.932395759579564,0.7064346654244757,0.2278562425395147,117.14553132268108
ox61u,-1.326954243553554,1.4209871766227895,0.963448607944924,22.919322925076084
Uu6eR,-2.1510935422736064,0.2201636242691567,1.7914813779719918,184.8414106886392
uwHMS,-0.411911373755238,1.144420928328168,1.0778846623569571,65.44983745474053
kZ5ZB,2.0232649785994083,-1.9415046069766224,-5.290018782304203,96.98761916172924
Tti89,-0.2237935597268122,4.198586798565101,3.976445842891552,69.09149538203101
msYas,2.2357334945969907,-0.4721714619374189,-1.3491781656404336,66.37664082772
nK3If,1.4942643070711612,-1.1691656535714028,5.506027465094203,138.11304186450178
T5zHe,-2.218462409494696,-1.7108151100948754,0.9770664840716194,78.69125825867944
gpGU5,0.7643896096973599,0.4779073015357122,-1.192514019075951,130.37389065201293
naBZs,-0.6433331127153166,-0.1870136230523768,5.324421983729431,53.11153534000284
Kq9t1,0.2636549585509949,1.1204153865704982,3.2971822750587707,65.2581412081619
XjyuW,2.100254993807209,1.9787700599478808,8.01500157533523,187.23980899325744
Wpvr6,0.7250112473933129,0.0349248878370922,3.123357732240541,50.0898012633253
4DBA6,-0.6837208618996701,-1.3094080178254897,-2.885652141042592,72.22147781570601
20jfp,-1.2218128033648752,0.7510863101831604,0.2667965312364919,77.19100394283545
f2MPs,0.5932463253102269,0.2854547680757846,0.2584409392482294,64.72522591222383
qytdM,1.926273167850008,2.4197661964113744,1.136257587680757,106.04215836043896
GSYGl,-0.3510897315516692,-0.5995896194558535,-2.643632337908678,112.47698246017508
C6okf,0.5970389196174539,-0.6495329734851882,-1.999101353494744,48.24549217731176
mY5rT,1.979400256602764,-3.0387772962042434,5.329413503245516,173.7370866749329
6P6sC,-0.2485855548184569,0.7218297543304654,1.8268899468506792,44.94733924745153
Fh8us,-1.3089862754792223,1.5465030818820475,-0.6311087623469203,33.14438957612938
nMELB,2.333476984923509,2.676064408984474,7.863698381073223,149.88596102611174
Ni9qC,-0.6098901939277864,0.995824086028741,-3.6079378328789433,31.303636061555014
4vME1,-0.7616937798984923,2.688508757057254,2.0220951396007143,85.88011419355665
IfVe7,2.0158925962618834,-0.1683672258735062,1.0869292059701303,82.78868443774259
0Iwjq,2.4428076616366994,2.7205979925760966,0.7054581380442022,99.160686359844
ngM1m,2.144178634665352,0.1018901280587402,-0.4744005126874642,133.19068677470366
gvq94,-0.8890495794176217,-0.0048632660281379,8.06638484370105,145.32000899713734
vOWFj,2.40720352317442,-2.0154139045027195,1.9216741945152256,139.86573290579054
YhB2i,0.8334584874698013,1.849620249094816,6.284536658240112,81.52101559151149
eUAjB,0.285319497568609,2.4228297732093456,1.4220504193256684,60.8712186587135
gWP6N,-3.364783514071935,0.2598494349676618,6.312108980529488,172.56639765716665
c0V1m,4.336075335146044,5.696080556996628,-5.282109250180416,76.65823735640923
ng8F1,0.2974585346791217,1.5768835127377627,8.982184202564094,136.046964092206
bo5Vl,-3.285752303821669,1.4186689929106429,3.310697562634968,159.13202605704734
IpOPc,-2.62403627315307,3.248293082729629,7.604501466432373,180.38545582053223
hbrgE,0.102074823797074,-1.923463659577932,1.362162447688397,125.36082920199772
BeCTw,-2.140788644859325,-1.3761955558610484,3.287785096197913,97.48192804723314
lsWCY,2.121228565247402,-0.0628483597677049,-0.5405911175811081,66.44420532184971
bfySn,-1.2781070910121417,3.721258827517845,0.5998262298195773,127.6851271806788
9qHoV,1.3675385604873087,-1.259730375704449,4.746396428713899,111.58596968308252
Sg7s1,0.6875084019484115,1.5512058752240956,0.884887152632402,49.8179717402336
1Iz4e,-0.2431071457445155,-0.2529015934560308,-3.0481374982221148,31.307432296074296
5edWC,0.6156892920056334,4.289077163953206,6.911337605698897,156.8848757223511
Ximov,-2.2068896148874875,0.6655239842324665,5.302288643649286,121.2133054011227
qwnDt,0.4853000708471633,3.0952819724495573,1.4772047438413265,53.32855103786083
XSGRF,-1.388130758125366,-0.3637438119512036,0.887741067170519,121.45437716178824
k231b,-0.6680561392922498,-1.722820331423374,5.020172830791294,24.93214830477041
3olb0,0.8881777109549828,-0.3156314263978527,0.4858432282648342,96.6474792554002
Iw1DX,1.3502988966024014,0.2264289652990046,3.800432126703289,20.61220521369827
4KGcH,-2.8102318111526903,0.2781114567287609,-1.9310586534217296,92.61901457453683
ztkLW,-0.6685605573583175,0.812854214251135,1.5269694336361068,24.152671930598107
65dLi,1.0890638942909334,-2.444078533205338,-1.2786552611324111,122.22497489076962
B1kWW,-1.5518506773514138,-2.307174885831224,2.8992511534552343,84.41153068593715
Hr2ow,0.4263288922663906,1.3986917650329695,-1.653781132225128,40.9154531833235
Q26AZ,0.9551733042786535,-2.865682443278942,3.433596114288416,130.2820619005005
GKScK,-1.6911479025523923,-1.7724907996888315,3.964429586467812,137.84378066542723
p8I9n,0.898132077820441,-1.1062467407944032,1.8011832290601164,44.57006997092808
ysWeG,-1.4483090036634163,-0.2043570446515028,5.045977311225409,144.68366064368894
CLAOV,1.8300434839592965,-0.1536916315268558,-1.7990737085628346,15.52194525240888
ulbM6,0.6145611639965879,1.9355178903402832,2.1126735875388056,152.82215829878086
zaCts,0.7669125843572296,-5.2547487913243405,4.3149729198087385,128.55432704227337
IcjSo,0.001594504491192,-1.5888361758042755,-3.6855790501429153,33.72856785946165
u0RhN,0.2289138465866887,-3.693150229860039,1.8223460386010832,88.03916905423269
MzsuD,0.6324961392831057,-2.7285605510386346,-0.8765923361754853,84.87118847817752
NYSqP,-2.138140606401057,0.5448113129771589,0.1185549202317353,151.20173359941626
BUZBr,-1.9128202203587965,2.406021447832813,7.214089522982622,184.88290911239383
UrHcc,0.0876765349362698,1.9544813691190484,2.266653846082073,25.481729402388176
9IlkL,1.276830522412307,-3.3844370491675804,5.49457097979016,161.5234343513169
jjGuI,0.4673675970633162,1.8536693093250187,7.691933549618019,129.0444005054926
7khiR,-0.9851747744183336,0.2722282756795476,1.4221138443829742,108.57509977025973
E9aDB,-0.1505317651170404,3.0608570086930555,4.3299463887608285,155.77544732093125
qmgo6,-0.7050761318661578,0.6625768609409634,2.880584168965861,129.61598595474584
rl19a,-1.8981164836872235,-0.9565803925958772,1.607552963672792,50.07118460490823
No2fY,-0.7373547686905023,-0.2575021271490485,5.863848792858479,82.02121611279598
aWq3g,-3.644758930302205,0.9707959003792748,-2.3071673100237327,35.41194181142349
gGVxR,1.9838663866312067,-4.202715536160846,3.5820038569663684,69.09219780624993
9YQMZ,0.0798102942044028,-0.4067632784156793,1.3356691879210885,83.22821319339701
O4LQz,-2.580892788352936,-0.8967481907227981,6.9183608633545175,77.62433776984182
Havd8,-3.300865481381684,3.932564863424359,9.272409086601868,139.7637254393627
ZWgjF,-2.9049291065457283,0.420252199716496,6.520306874448402,88.40749826803311
JAhCY,-0.6049407111492646,0.8066638145783604,6.13469129959952,73.80125977667622
ycbhN,-0.1679570251738381,-1.6148355798515686,1.992952793728536,19.23591632560436
S6xRL,0.9501979210132586,-1.8278761043243483,-1.8610538346869792,55.95600524218668
PDKMU,-2.360389555605765,0.2724016215562042,1.4214339092728383,65.78378527020602
pvrRz,-4.636127380510113,-1.663854636768494,1.7469488785101452,146.32148264372518
X5Fux,1.5867398450579546,-1.433991061846129,2.02525859964932,171.17065566473536
TiOtj,-1.0635070237400894,0.2311465425463365,-2.144237907651524,9.00213030299314
DRmol,2.7679061867599457,-0.5121277919474354,3.710114492475471,130.32792369855983
bl3qp,-0.8481805137234434,-0.0369439996949574,-1.981562973281192,112.93671147268527
QQjEi,-1.7023848830786248,0.8636089930053222,2.8935821137741837,137.0441412914534
7WJNv,-1.1913748293774051,2.4598022802191046,-1.1574430482234372,57.71407506846895
GMlAv,-1.1960783353922118,-2.424051074316365,8.418118008355457,186.18419628356196
IccmR,-1.913374772187748,-1.815383049096558,3.7025129621817614,131.7479191446208
Xeyaw,1.9577377433386216,0.8993310028208791,4.752405571246887,121.12931679763072
8XO6V,0.3488976288383962,-0.6564868316305346,1.5609786728639798,135.3236014729318
W7HnW,0.351371359922617,1.927669508300588,-1.6077114759799835,100.30605951261752
TaH01,-0.5682774949509967,2.083473320527104,3.939940715654908,155.82473036181298
wRkJ6,-0.2843413755880646,-1.3008483607315702,1.87220571855735,37.59111393906424
lP6qX,-0.2942963720881473,-0.8586144712693463,3.66385444529133,125.39562883046314
XJrEX,-0.8621389948957425,-0.2935334929903852,-9.588981954133936e-05,45.27831549421682
tcKYb,0.4436994074733354,-1.4202689046185124,-1.3922739242818527,38.30414251684242
zgHqA,0.7998276949139582,-1.5723088436899555,0.6564124922449541,18.38667527578274
m2vTH,-1.8318217812680084,-1.7466237368409951,-2.7511286967008504,38.01259001144085
3OeP8,-2.568831946041123,2.591169251955144,-6.581251492675232,58.1654615489288
H2bdz,-0.2028019707500319,-2.5665704128167235,0.2853570693112253,59.799514809957074
O62Ds,1.2735065509145662,-1.2498576157031016,4.754054074435514,126.93393241220386
4rKj1,1.8886110503814533,1.556657465261479,-3.012922260874184,144.60294382841056
JfbeB,-1.8890436289714587,-0.0947702514981884,3.888971818712343,37.43643679097072
45WH9,-3.021260019393817,-2.7124166543877983,1.7378843292688426,156.0326019931884
E6bly,0.4859940257348426,3.859848624075669,6.489443874372902,148.07909559008348
pRpIe,0.0332985271352236,1.0237320999847717,0.5765311297766624,96.62145438469624
VzacJ,-1.131414258335333,-1.1225605826217986,7.413775304542388,158.90665471301162
yIJVU,0.9209419967039392,1.0254644974758158,-0.0543736718077063,72.2025644049457
wGZkz,1.8735021894500787,-1.2285700055574351,5.568949784056222,139.10047326413925
wEpum,-1.5555614080915048,0.3970875265317033,4.888261499133983,89.13868885413824
e8sc7,2.083774940164364,-0.4331971837648262,6.542437913617159,186.58431562640737
CHmtj,-1.4464815771059645,2.341275450450256,4.206362331247893,64.78075601246171
pf9he,-1.8749323235724584,2.29092362577926,7.465738552291454,129.81056455857058
zTNWZ,0.3595836262248346,-1.0100127316037533,2.424691983797201,91.3808545991128
iqdQZ,-0.6799643081095164,0.645133507026378,4.201840081565984,130.48165144743095
rBief,-1.883961378822016,-0.7414990110288151,-0.9687717051035828,110.42107603853906
e1KQe,1.730624169058905,3.413984016843392,-1.0422736307639708,88.5220019498666
J4UGX,0.0981559487283936,1.9475400377183687,2.000816072399433,33.63582708737752
JD07c,0.5945625043739998,-0.5171911196879967,-2.0851377738873724,2.0255733778345952
FeiZn,1.79974499257494,3.0136327707137363,5.622256642109144,82.40902343392384
SAqM8,1.2427234094404476,-0.6692055888960067,4.381659344767963,61.41287889101783
7Q1Ut,1.2431498677575248,-2.3417322618783203,4.67530252983899,115.9541537118458
6Wkc4,-1.3368951368019937,-1.6506003713552853,1.2866782664336136,130.8208730144418
h8e4v,2.0986118620572705,-2.9702027395451407,1.167326103363644,79.45014696168833
7TFSi,1.6448457692580372,0.2617729555456733,-1.4632241234106242,101.2024036153902
l489t,0.2528471075424918,1.7732393022507065,10.801390447972896,144.91502803326915
Ghqu3,1.091901205403316,0.2474458060662364,5.884438944958668,118.81840926047332
DoBsK,1.6742265860062957,2.1440415966679063,7.164616963295082,133.30792692695135
UYYQ5,1.160089079554527,0.9884007011749222,3.12725422684833,57.9061783775424
lNFXV,2.4501203162661613,-1.315066422215209,-1.668616604822895,99.7324875750362
3iiqh,-2.169754990918999,1.0215630897596717,5.404251486801522,94.905199564846
sEdhR,1.8161489764255303,2.63810091745661,4.3760385946144265,185.4751293921477
Vi0rC,3.730774486482996,-0.3263058264315981,2.877652807056911,71.5697094245977
eBHsu,-2.535627645391749,-2.447742009663082,-0.1276604156687948,57.13095757167379
dvGrD,0.4220331280435491,0.3137922213044958,-2.1212248012024646,1.0124019744233843
D0pN6,3.47018986751526,-2.15020846881802,-2.434082553858617,118.68554181044333
Sl5wQ,1.5475541548417968,2.348524062334069,-5.352023578560094,50.60408457526544
AO10U,-0.0647237154543568,0.9729900055740438,-4.533507441216223,27.403056322961355
Vi8Mp,3.2757813291207696,-1.2795827956061747,1.5759134073020058,89.42752553662649
gTvYj,0.9027387336535648,0.2105729848059235,5.012249732111783,32.77146532832528
Nfnqs,-1.0225931506767745,1.37140766710995,1.2478315233613235,64.77526971221785
MnGZa,1.1929183713009612,-0.2783282849163729,2.3898739788264103,115.8596702645373
FTD68,2.921348470523592,2.6780679988943734,2.9051582406152328,55.92341996064854
C5gy9,1.1379632313845287,-1.980821993140104,2.340233888671732,109.93513383819996
uaxkA,-0.8951249756729153,-2.367714240241688,0.4166029646505373,110.00717012414736
kcA7U,-2.2950646060657984,0.2054836513338122,-2.7855338138092423,45.32044886476851
Ax3p2,2.284155281687037,-0.037379264363638,8.477450600059662,121.5482567687973
1zm4X,-1.2392759654958536,1.5446707407506826,4.971063735596615,108.10825386980584
F7KEb,-3.77148516226092,-2.164309975098207,0.6540366653110938,72.64891016214274
14lbv,1.1746234875484671,0.7416413668198152,4.633095975515813,127.26109285242326
HrfZr,-0.5127532434998672,0.5157833815822136,1.1280753580702614,76.7902365239502
nQkSn,0.5485444065955988,-1.889896927539105,7.829994348368277,77.1107215374827
mijDw,0.312633320733871,-0.4848490597643654,5.968171665622599,73.86791792210168
PAYNo,0.548221821144519,0.6398020095043478,8.640491626720312,146.7634472049868
nhcql,1.3935471228818137,-1.3942205963384502,-6.101359995401621,36.27713489625403
JCLxh,1.998785876654937,1.7647296468229168,3.936313223382508,139.12799355615002
eD7w3,1.5883169078660777,-1.9111963225870248,2.1579691619050867,106.39381370681558
HKvRF,1.373795285200547,3.4009916636802013,-1.5172196999778524,142.11932618764476
i6ntU,-1.1355490604673693,0.5643380100874548,1.6717270893553438,120.02661208669556
uwMxJ,-0.7387797279276704,0.5141352617407181,5.186989499884902,113.34909001371418
ccdiL,1.330786819969729,-1.4256362272590737,-4.728447016368428,19.07963910563496
sTck5,-1.3011218617541522,0.3155001703046251,8.096526417688729,143.210272376024
glIDp,-0.7597611462117804,-0.1136967187388703,1.7886342774106636,21.072033717738076
QB5nQ,-0.7736621570303728,-1.1212396493507386,0.7986117772084104,60.99032913697471
OEukg,1.0114257520793946,2.026322869684084,2.4515892287162004,86.65807792616337
ZoQer,1.7562287083506247,-0.6376750538770266,3.075629062546227,127.56738819038584
NtXHt,-0.8010088322045937,1.088644603104597,4.139000209119587,97.74258054368934
JeEeF,-2.35844667837523,0.3844051566054202,1.2485993986859003,116.05485372121971
8veuA,3.4350066015772365,-0.9490555467160232,3.053493430631545,89.92224300969934
I9P3N,-0.4632832305636551,0.5938660099336872,-0.9458183445581224,104.66483378450778
72yX6,0.950077778874232,0.8647641267240463,4.731985311712372,72.570842059777
VN2pe,0.7203233019544091,-3.4553565557249466,5.742510912395868,95.17111137286824
Okojo,0.0695822722157923,2.3105221607793425,1.6775180731122366,117.1417308766096
fylvC,-0.9618474682247324,2.208741566641224,8.482530185333077,153.492908396369
Evusy,-0.26092730893156,-2.312527849663991,5.767754826378296,137.1696263018545
oQb66,-0.0018200836419805,-1.084778181448378,-0.5526676069124807,93.41069948871323
KUhBE,-0.6551908285130429,1.6320380326815682,2.08902211034494,80.70806168323169
gnxoq,-1.204460922823095,-2.087807186887397,-1.1690237494653282,104.32502173670044
Lm9sk,4.271716633299183,-1.1949420326277402,2.04648223618856,128.1742401316282
gOCqi,0.9476020494408316,3.2413126985020995,-0.728398474767797,95.00153966813822
LZmgR,-1.82632057174966,-3.909613194228265,-2.9161395402466,40.4446571963817
n8VGB,0.6295220588191301,-1.122639376790869,7.681952777619856,102.961880125516
06qQv,1.8261165956244407,0.0344597173273404,3.6757676831846977,97.19926162381626
L6wzS,-0.2404286824439703,-0.8344074225586551,11.204258816652038,144.0812497494873
ko2GY,0.6267997695799917,1.1889080729921373,4.424664375211561,131.73101209087
0lrDF,1.122563402769822,1.9954725754352136,6.10502387137984,166.8780424531217
i24d0,-0.587535754178359,0.3811706203528057,-1.4118093255940671,109.1169241551227
9ecCn,-0.0060001943057275,-0.1873832969665512,7.844935328164405,84.10206746413019
Y9FUG,1.9979417407893127,-2.3624048197784937,-2.2430425138552144,69.32605633257546
pUQFf,1.4611275750391048,2.5936709130900746,-1.5214131396581307,84.28300143368249
dldb0,2.4214728173477984,0.5366448504476351,7.473947918659768,116.5589835400314
ra7v5,-4.521573230760327,0.1348664090008831,3.5555604243681738,142.4325400015943
1LL2f,1.5860571417912317,-2.2327264704441325,-1.686109250513454,65.09222098826238
3eL5n,1.2737132302977503,-0.7027999281735041,0.9062310477788228,12.489789154596846
7ctHy,-3.0431597864232183,-1.7590628245932889,6.196641956494599,122.36899409058483
JsTvq,-3.247534472089625,-2.2484149610093938,7.26884064592234,158.88307165906377
Yc6TA,-2.6320080526004266,1.0040821528477983,1.4667512241216991,102.90363136446403
jKvm4,-2.029750529101213,-0.5102106445557768,5.6139468388449645,53.04886399484682
oDtQw,-1.3077998809746605,1.0074504264177342,-1.4775012486786387,53.83379826608107
xxOHE,0.5610710843508652,0.2335758663631108,0.8817452328361672,52.80042305603232
IcVyi,-1.9599431102382023,1.83050785597732,7.892335978051125,158.3074125780394
I5Rlf,0.3341212735266939,-0.6520783357517471,10.727758760800262,106.67512713633194
l0j6T,3.041987753767411,1.9260665152604368,4.360855183575123,113.61532977641926
qx6YF,-2.3217583638080286,-0.9603785674321812,3.0831051542680283,105.3239306449536
EDciu,-1.2487697291168018,-0.5874309358233268,0.970457833442508,113.9893180864102
ElFlv,-0.0784392199951512,1.6897550673633934,6.012524132463237,65.03659118728685
VWfGz,-1.0734992704547603,0.4992729467170469,6.862948976949025,160.35384279559986
CNmZT,0.8374249878945088,-0.9278186417962296,1.9213116374222348,104.38993708245488
p4NP1,-0.4474081773612832,-3.158397301990272,5.573595461958464,115.51667212083908
LOEME,1.955270826625844,-2.7368527359214974,5.408527173078697,148.79485590635815
itoeZ,-0.3736572474125281,3.177537216793984,-3.3706576748872514,116.4936079805016
Pjuc8,-1.5494465575507832,-2.6720544485515254,-2.238090820068673,80.82907334931355
PUp1N,1.9908333160515148,-1.9439808255764768,7.797578843568886,165.40266149876152
TkGVc,-0.234719839176015,-1.0756416885688145,4.399073609947639,110.82991848802604
PiS64,-1.4215980358933662,1.9977448419720487,5.708318067486752,128.6573354657687
2NEMO,-3.2830072665762287,0.7287885088977921,-3.2564082561261163,91.83202469208878
azdAo,-1.4531611853918482,-1.975059418789816,-3.1348534318648977,58.52022470174565
ih9pQ,2.8828295707512788,1.255709407489014,-0.2692781753372881,140.99910842979452
HaWrQ,0.7785786906615262,-0.3930323743637033,3.5093832783095382,130.1918934592328
g6WUY,-1.860404788994576,-0.6380448816071851,2.8308906293292764,88.7068649241853
PWy8z,0.5071972572829203,-0.6691549515044096,-1.4689501784668575,53.54861400245857
etn95,1.8833568426089216,0.6525037152746098,11.084752222399723,109.29479425369266
lIDNV,-1.3071629433811034,-0.5172500044453562,-1.6605892490462708,26.08058067401911
tQYBd,-1.81020970168346,0.1155564477476454,4.2330041480576845,34.360479359041626
AStja,-0.605509035466152,-0.2822132890969096,5.6013391895292575,75.80118366815202
bfFUT,-1.852634942253533,0.0252982028402319,4.02282335040579,80.40967762964144
MeED1,-1.3049435191876229,0.0507163240233948,0.2803648117168209,68.64781082246978
Zhjaq,0.2568746147094248,-0.988425324539466,8.107954402115425,126.68476070078265
jH0D3,0.8798124537658351,1.6019732642113895,-0.7428032864545457,109.04256039790296
tCc9n,0.3077679831168519,1.0730005078391407,-0.17976248766351,58.2914636175729
Mz0qf,-1.1808972879781707,1.0838846401341662,-0.122041116626805,38.315942428403474
AvYBo,-2.1931094523245496,-0.5306453690577408,0.0378045579484961,31.013072937087845
fA9rt,2.9852385308734477,-0.7239101914031556,1.5419292982995123,82.32361826238123
9f3p4,-0.2810612597074043,2.120145485323258,3.427797083985759,183.0588891378868
6ceOy,-0.15312081610747,0.2868827584738709,4.0502859268380185,95.33996121538746
NOXH0,0.3705556849284768,-0.3012769132364255,3.076463725041084,22.13208474681398
0jiOA,-1.2977084016271128,1.6109278225168002,0.107142373912079,36.87839283583237
knMXN,-1.4865912552454366,0.547283304437391,1.0039085266741918,44.86734319685792
0CZRP,2.0193252361070453,1.1877798989999322,2.2920630444887484,168.21212457871584
0lqdR,1.0403283089472035,2.3132591404763345,-1.5589362118715149,102.1811395615456
DgZtQ,-0.1545639609861887,-1.0888280490479525,-2.7460636125857567,91.83162925298032
dBEGp,0.8847070847532719,0.3609729729505006,2.9189595418619816,133.2875390902637
3wV8U,-0.8362138242025661,0.5458961899812149,6.916948428863636,100.3155442189354
8x9Aq,-3.324687577766027,2.01796950480262,2.310472889026042,101.27911780317686
ZhE5n,-1.0217832372411533,-1.0778227406399066,-2.362568846925955,64.59905144384706
yznLg,1.1789021681466805,-3.2104061938395567,-2.822730074762516,61.414467692949714
ZnyHN,1.8328995501873169,2.185963550880043,1.4461571001556717,46.30262675243099
gh4Xo,0.3942682717620648,1.0346524291115748,5.7021525425591175,81.65116879121528
eQ0Pz,-0.2245174035300165,-1.0628125205307972,2.0096796415982774,119.64791897221122
X03Hn,-0.121047650871413,-2.415576375861608,2.810155869373415,99.02551704813348
Xgwzz,0.0008498579962192,-1.4226311312962157,0.1492735318210096,6.364476102943282
Nb5fd,0.0111175808598097,-0.8655301501856476,2.153876750643458,19.869421348531898
AYb3J,-0.7470413377832729,-0.2356183794487888,-1.4807386074473146,12.94621511661248
S5M5I,0.1077639165385705,3.5347954593764506,5.622829810431003,65.97274419310727
dnl9I,-3.875950738849263,-1.4540546808760904,5.954785614682993,104.72220763110268
Wijjk,1.6904142635041393,-1.0055667064690992,3.87144661038926,72.24588320367727
RMZkf,0.2101551588241647,0.0425581312131297,-0.5935861977212901,2.2965549804286707
JFvoE,1.9731252926835288,-3.0884473482003054,-0.0631321242722009,169.16663113357936
76ZBP,-2.5199268888844872,3.5949431138852743,5.5466952279453965,182.33014451117788
98mUC,1.5457353340294573,0.2518045087360736,-2.485051329343924,54.45607582751878
xqS56,3.9132934166238655,0.9912993675524182,3.698989226578624,105.548877086824
rVdaz,-3.5052705931248047,2.0645317756185504,-2.586802257840983,136.48248569242932
0oK3c,-2.443730414962624,3.3744180005960827,2.553772926040767,46.867515082764086
218cL,-0.7902147370884437,2.2529884231829835,9.023815754421737,160.09009570660814
iKZfe,-1.142455192979689,0.8623542919643077,3.221569001833911,23.273417716662266
AVRFw,1.2211590542805313,0.0902891900089855,6.101077063534793,99.6348040736169
Z5iGE,4.113626783097478,-1.331738812554394,-0.6899937749766076,162.39781451422746
0divZ,-1.0605501605893457,0.6002901198284912,0.7625580053001721,103.76626372191969
z1EUO,-1.0938629657355667,-2.6610377173202324,9.844678429439636,112.11212977304072
fHUkS,-0.1406963504616637,1.2460061029844345,2.614955045797557,99.98323221426344
s5rK9,2.170551009291268,-2.5823706972586207,-1.06029216381791,110.11019610311006
Oo8d8,-0.4459031543939272,-0.8123749066140571,2.976109877777396,99.42143873249154
GNPiR,1.0347212597656332,-3.57975844070775,-0.6729966978704427,107.98552270056943
hcU7d,2.025583501741696,-0.777467712642014,4.3177660175208805,138.2618167866225
zwPn6,-0.3299547463764953,0.4122426350321854,2.180152179116565,66.85209088465596
Sw1kU,-0.015167333478354,-0.7763831754148469,5.115936249028187,19.81952417646181
XIKao,0.1031816084666473,-1.431022949981107,-0.0176467750806904,26.138865291893552
pn5wQ,1.6693690785313502,-1.5576858385788792,3.1750950327389185,92.11454378751218
5SW7w,-0.5107060954404871,1.8719166114872687,0.8198330357499458,28.71807165937042
vifTs,-2.0455149048067267,-0.3427547572236231,-0.6523660776557006,41.33821651569127
EAODQ,-5.491106478438825,-1.7616225882206136,1.683830877726025,38.0810033290352
nxEF6,2.9351711471129867,-0.4065743287396477,2.309662888787684,52.07697978324261
TdfYi,0.9061476219493813,-0.9853709155082718,-0.7940859136171845,126.59978887877774
T8H8I,-2.501404445992994,-0.6800469168245539,1.0979455146987662,79.83909409341246
GmuYz,-1.1449559807183538,0.1807330615749616,-0.1670187165219108,42.76236399036917
5Z86M,-0.929912287653067,-1.0999162666986408,-1.0518206472429767,72.61374107703531
2gOWh,-0.4796170260303232,0.3079402966798,5.639228760204491,60.45806348142976
WiPsE,-1.1747742108997008,-0.3837716706955381,3.5877738943462427,107.19386102830974
V5oqD,1.044761032420521,2.7909866476201786,2.6107044485745354,166.9223888114937
lf6lJ,1.1475188686938511,-2.348028426780161,-3.531890719353348,33.31030240038274
pnkTr,-4.205946186208175,3.233518323648513,6.953379099592947,135.33128816173573
5hfTD,0.050515445150588,-1.8399441846545328,5.379578246652311,132.01616343391112
m3Mss,-3.8470580953896287,-0.7523317549443949,4.565691187242813,152.508697813602
yNHwL,2.238755108075112,2.713893260724681,4.227582350074993,81.67693197654494
I73N8,1.4818651466967392,-0.2635413832570475,3.840895328816293,110.56455239567914
BSP5F,2.245808793050124,1.452910565529714,5.381665165274748,149.8198656947397
kYdOM,-0.211258307522425,1.9513608533627147,0.14157146469293,2.595235369327665
cD4Mk,0.1127476876376035,-0.1150881531518834,-5.543704039929663,58.46215523476966
gXiUm,-0.9442831966825634,-1.1183422087689694,-2.624854321047424,94.51363545749427
G0n2j,2.676729523672692,-3.459333852349078,1.0807785830406822,56.33770710423731
xTWXO,0.8534829547516056,-1.1919343621021268,1.6046278996012695,27.633169905505767
huuXZ,2.814829266481693,1.8000537210839431,1.8143619099216584,31.747819719367172
M5H2e,2.162706912412784,1.6486378182882508,1.817550955192316,77.65772326608128
cN8EA,-5.0595713457763845,1.979054318237207,4.212678195825588,140.5063196844005
UMzxb,0.5773031574752698,-0.3339643917444087,3.106691433605347,99.09466499776303
uCWGt,0.5174348453082019,-0.259222808288141,-3.8598272943741865,51.87436772807175
OOQNU,1.4972582883383394,0.549118930256009,0.6826215050500968,22.38880038455241
rXgRk,-0.8590647636369669,-0.9424951182157888,0.7344170612763801,28.415363272770875
yXS3l,1.2957535230278387,-1.8238182968031664,4.9749352601517005,66.40713113722498
OpQX2,1.6715619218866706,-0.2622928120631683,5.4921959460919885,28.2752329466074
QeJOV,-0.5812683878940739,-0.6165688398291267,-0.0595540426608824,2.092572618870612
4Fu0n,-0.3646736028323157,1.817762085695304,-0.2189346556989758,24.270685664728568
ogmrc,0.8400468908522192,-0.8398612503329458,-0.5437585928517716,55.079427451582966
hYCXG,-1.942552047807476,-0.3599203565301188,-0.5939121141531638,44.83444361801888
WfT89,-0.2955962727408212,1.67487216927358,1.9564486317604632,77.56598246656986
aYNrJ,-0.4279223080589998,-1.1778113937618235,3.4790635538019754,99.29193037362064
sj4VK,2.2705039384247265,0.367550609038911,8.353831822331799,43.285992509496616
jyWdz,-0.1389973051668258,-2.0265974321318687,5.842718685788982,99.41716799714683
fTq37,1.4923077393033173,-1.378599774270393,3.874479896751138,100.82669431860596
nF01I,-4.235514695762069,1.9130674415654825,11.217137907689596,158.80685321872184
C5oGS,0.4184905039457554,0.2111410213430465,1.6310819211796046,114.79106923929166
F9hz3,0.6817436249899771,2.0057414592486005,2.2751889409872903,107.78450903097034
HwrvN,2.338438247845773,-1.9217141465395224,-1.134777645333234,55.61435492632965
34S3C,-0.1811455103819467,-0.2445616904203421,2.1487691652794148,13.17614504062798
OSQnP,-0.2094695669617382,-0.9653339367855506,4.409410676332254,149.8199080113245
5SG00,1.8608428827040688,-2.5849990165264045,-2.1347493807308253,89.74729369862115
b16Ly,0.6032621516702046,-1.873335205217364,4.915391125584458,106.08083154105358
womGh,1.2112985698492138,2.4239822509875446,5.6521801079133445,183.0282089062572
5nNsM,1.3507380846041634,0.9349223037258708,1.6525541158504675,128.78938512585557
hemnH,0.6087938189718268,0.9102622197318684,-3.0873920025690533,86.06824294304289
oJdRx,-0.1369113920706239,-1.3215938065167343,1.6014268985558886,61.28992960908543
WdUzL,-0.7898459964493029,-1.2932526436232652,-2.0997060036331403,90.4586025809057
8Ehyq,-0.3105280211087512,1.1717397682500903,7.5571496548542205,132.04958479796903
PGw0e,-2.667357976348113,1.7877481676749232,2.9658812780316515,52.74960588754622
lzxsO,0.3057483665703196,-0.5559896149272758,3.5258834338726763,65.7270149932698
4zpfh,0.0618626647705923,1.7872956647811054,-1.340000544919869,12.823298590860356
AkTmq,2.2011922430100954,3.59864413031644,6.207207334072142,167.20390836910286
FQGy3,-4.796422575084804,0.3960635374420036,0.4935786609969357,118.5544402058766
Z6O16,2.8728149896918107,2.1534909038378385,-2.2244017947182333,71.25419920199192
tczBG,-0.7562480565525505,-0.0612495865168532,3.8374059706335353,23.79062631135337
la7DD,2.2978175161777235,0.065630064943689,-6.111788448119991,40.31264292918405
gFDOL,0.5561058978878771,-2.7421846574959954,3.1357948143960885,60.49923115577308
lsTU7,0.0305352606703717,1.5281409825530627,5.653218071850795,130.54042276928232
QuVXH,0.2664927791190865,-1.5120230816588125,-0.7456549583830037,27.32039764592173
YLZLv,-2.555936660096408,-0.6243726461411666,-2.642414794008844,133.201769942179
NNLhc,-0.4952192519501625,-0.5531317552421967,2.1505040773529376,61.3028439778494
dcCGy,0.8367559266913496,1.21105321039616,2.2280583388564525,160.21805240256543
m1dNB,1.100619983782486,1.7754817749507703,3.439125094154781,189.70269328721173
peFe6,0.8565683651026059,-2.390762151391944,1.2140151582440215,111.6405019397496
eitmi,0.4156720047489471,0.6006029414333669,-2.784181961069236,129.20542716717804
FDfu1,-1.5134647414889328,-1.2085693168739584,5.842443612795185,106.35845689203856
jngV5,0.8534595573800204,2.64872663689896,-3.48331185052228,50.30634685447728
g3gTK,2.085676996348208,-0.6706992334260526,7.342244413890349,111.49065664726484
rNGFu,-0.259295328203028,0.0030674456860059,-0.6697289772874815,14.748843670090396
QmZw4,2.610808884439413,-0.7922405759249916,2.5858864058296382,132.78994553149985
DcH6w,0.3696897492317143,1.6161657990077891,-2.5161137907840896,154.13235926996182
yShnb,0.7706934354501892,0.7887716859263479,-7.414167954865649,54.42483427096489
pIHA1,-0.6678177807228035,1.4379460501291683,0.1148691977162338,46.233941027915385
PFmrR,1.5548325050488223,-0.4356582383172561,6.656765867793029,96.97290589552334
NPUTY,-0.2225644712199808,3.527556226333828,2.613036700128525,156.86143383263618
cuoaw,0.6365556213698703,1.3257164726812014,1.858714730496258,129.47103816136695
Zg6zT,-0.9775010229327524,-0.276475750017251,5.272934597860991,135.4190125611656
17x6Q,0.6138481046995319,-1.7739250028412452,-0.5165616273290201,41.17646079793295
5BIen,1.5350888168366057,2.8102787232381536,4.885930394086972,149.8741486999496
kFJ2B,-0.976172519249196,-0.7124802971927369,2.6594123200968167,157.9252206069783
BO2Ow,1.2531774040952772,-0.8515337523596215,-1.3135338093432818,60.71473325501403
CS856,-0.9791257552767932,-2.884599303670956,7.104869872385301,158.19679375582646
yAdzh,-0.8643916112792105,2.6675023114178456,0.0526166352178913,101.38605497605846
yCBKk,1.76473125698282,-2.439622731066942,3.842571068738122,143.37934552424417
uJVFn,0.1178502453658453,0.3701069025725928,3.4188014726555944,27.42676064878865
n5TIM,0.7664882588405492,-0.087617487282864,-2.8938995516858133,7.860753467756072
my8JX,1.3391397579196138,0.4321296383374015,1.5862874616625486,85.2644508489781
OsoxW,-2.3481143020974096,0.7363950728874716,1.3434218083982858,188.45811986620856
x96Un,1.3135988180762246,-3.3528498452869964,7.896703019060568,116.89193801415148
BdKBd,-0.3111313311679589,0.8337548026292629,-2.3812006622139745,33.703695410093566
2inkD,-0.0591791284753383,-0.4618973023272288,0.4424237168444733,40.25674388554671
hBU0i,-1.5935814190762758,-2.610720743210332,3.703677743910589,87.19158754246648
gVKIW,-1.8604908331150145,-1.234174097385694,3.63799240311649,188.80914880135924
MQW7M,-1.9499255443030263,-2.6705094229362194,-3.173819462011644,112.85611767867547
SRd2o,-1.396501980316142,1.8556663681584329,5.864924143381122,66.5131840409583
mwtEq,0.406851892491275,-1.300387610750426,6.375154564985953,86.7418284969424
cKHz5,-0.0424026180318438,-1.0321880547237323,4.821087000376616,96.2482032140376
zq3fd,-2.229026851486424,0.5898191308026444,3.082873846741742,156.87825780239615
9IXEi,-1.5897825733841235,0.4044315620472677,-1.4608446533223254,28.1508771767866
nkqhJ,2.1925451898435413,0.6184419053824889,8.653138854373825,117.57995613545104
3zsAz,-1.8967801028044475,0.452269239283632,4.481610124517054,99.48639636554871
cMsny,3.679476766589456,-0.6571063376464392,1.7168062194404146,78.82776580120661
oMDpH,-1.9308672922229653,-0.3802119390143641,0.2798608508709566,135.01169470921246
qj3nL,0.438332593924829,1.041134132810298,2.0896340566544063,112.63211292762188
yCJdA,0.8563745419460279,-3.0086865650902817,-0.2212323995652989,36.68975867577265
7pxTb,-1.2299749929920727,-1.8626770243937352,4.390553953524222,95.4540569625615
QWOwh,-1.174082642949751,0.0782675181852526,0.2224772949658309,129.98340277548613
1u2xm,1.5940393226833445,-0.1493304725950945,3.4573456155802718,61.055948795368295
uGisS,-1.2059654140157328,-1.9219209421862733,-2.034606177901566,85.85283709829893
2rzN2,1.0354356940256373,-1.4405982851983687,-1.5131324830368849,136.43232851541416
YydNy,-1.3201446718227834,2.0073792786872824,1.5188855230510174,54.69363938504268
Rpgfo,0.0869995023946157,1.5618975837785367,-3.2429268837777983,35.37624583332353
mdC1r,1.0891981611068642,2.478680360692634,7.741105315114213,140.94456957500566
GR8YU,-0.6053040820297648,1.5002155363988363,7.509823225014137,95.2975979332799
tkjKQ,-0.0160784764615465,0.6996119128772975,4.8657959469778405,90.9911655288046
6shgq,-1.3330882832602493,-3.9949517656139073,7.362283033209734,83.87217552605351
XG5db,-2.5113193389621937,1.1695772271845382,4.209348082755639,126.15817535596564
3eZ7Z,0.2367703674079688,1.447207588205664,0.9316599105242857,74.63990841150479
bhHjf,0.5601371916264877,-2.453000474635397,2.3292619560934105,55.24086336900932
CD0bm,2.1360784155196906,0.6216973211463406,10.114905648398532,159.07823000163023
gGFS9,-5.774254142011388,-2.1489291566746265,-3.4718690236614664,36.91249505391398
TYivC,-1.3494471952442724,-0.6113495353791359,3.2375854997981364,117.3329450678524
5OHEK,1.7088960249116043,0.1978818849987672,3.381236442472295,42.26483692380685
3DLOC,-1.4683214472905468,-0.2957690048259997,-0.7317880993757271,135.8558989700768
d9Xx3,-4.233597469123975,1.2948843861039343,2.030197835273748,147.04926344606102
q7hrh,3.1699399550169267,0.6655056813877559,-0.929741889162392,49.73950636010637
HlTCZ,0.4740448612723275,0.0709177222530286,3.7967567074769937,54.74352869475724
5QgdW,0.0469528405663858,-0.3845051602774223,7.244973973796723,93.82487083732134
9SLQT,1.1614010791011466,-1.0405693902814015,3.7694720800915698,3.4132026120885715
tc3JR,1.4469733746937974,-0.3037196931240437,3.3878458359343964,63.17629111511845
QK5ba,-2.0091994310654,1.9929036322234264,-1.4408923950722978,90.21035371018542
pwJbs,-0.8288015419584752,-0.0184691691197746,-1.5811655207431907,35.798323438447824
UxQOv,-1.831620955614407,-0.6877552871882671,0.5759961674553686,143.19584762935372
zuhkb,-0.5946945301952187,0.3250028361390563,0.2103401384074027,45.67794649225394
W7D4g,0.0059611838224835,0.1224499581046932,6.947135364281785,83.48149918003466
IN19U,-0.5485665393285801,0.5058545753801368,-4.313990472223779,18.509973488668003
NGWqq,1.1792001706726216,-3.349750604562288,-0.221558360061243,46.169512238214615
XTH79,-1.2700311289613666,2.087345691658633,1.4073502855740387,160.52763435390366
RJy8Q,-0.7547327284874966,1.199304808498613,3.8079333705373526,136.49223266020263
9jS2G,-1.2270642965926468,-2.091575623951061,4.452036491081992,49.98224511031642
s8i3X,-0.8227037257104615,0.9855639007339236,11.288712015442036,154.53093356194387
gCxkW,-2.939071158565325,-0.0262400141918296,10.567459469683248,117.13215359476466
yYNxa,1.037366671849857,2.782429013538972,1.1989486895314236,63.505014746584735
MApho,0.0558544971003401,-1.3871832265251909,1.5126090827930043,41.36509082089367
kR51p,-1.932555783819505,2.246892857335919,5.370548221208979,124.705069312092
V7g8y,-2.0674222867719254,0.3087693726918661,3.3841610460612785,99.66990759385462
Tey2R,2.978700400407104,0.5915449962471357,4.281861244820612,125.5414610988555
fYpw4,-1.983352792462565,1.1163267504231509,5.79017613050593,77.93682294414809
jbR5y,0.7924735723759292,-1.8837635133165425,3.8235003535075487,181.210346514122
WMP5a,0.2162574290852209,3.385761422050832,2.417774814449709,141.235955914673
QQ3hy,-2.2848237081093794,-2.9324393856449644,5.207892206733068,76.20853825235285
SDJ0k,2.129783321070067,-0.7029866886346077,6.7160333427975365,163.42118246394045
p9AWl,-3.1875756234601025,0.2970296575663369,7.2940192908858625,125.8624374548048
0aLHH,-1.3002140923945802,0.8727262722638247,1.3695606421930546,25.07988311227799
m8PlR,1.4194284117106848,1.1586478167116163,1.1344297045101377,52.695218147555615
fieC9,1.2995991640382678,0.638650236543186,8.847669422507618,59.76482900688179
Kt8zw,1.7245179464048084,4.451980598535398,3.936308450568821,90.31969891670772
DxvIc,0.0203705496348638,-0.6022823370777639,0.7472228168760848,27.863603842273093
PQLjM,-0.5627541864653202,-2.804432653638749,4.106430584834716,131.34780048727683
4J5w7,-1.0289967603147556,-1.9120576725307263,1.842599484350844,108.0324336214191
OGPOi,-2.731160785168917,2.237229276664209,2.1079521836234214,178.11880573212102
GZrMp,0.6713692005105848,-0.2241177052808573,2.9368052254278703,102.33699460053307
QHgSG,0.5295164511195352,0.1856866278170618,6.006237473411264,135.8519570762768
LgyFL,0.7677955880548935,0.170644422540808,3.10807827627162,99.80935626161964
0rTvp,0.7460179767380306,-4.460736087648676,4.042819574284218,93.46091432911489
dvueM,-0.2529429108549757,1.7407206894663656,4.142356092880521,105.8419270519084
Fv60p,-1.4478651132246718,1.2447892202939754,-1.3502265267728193,13.025966241979262
UPNKR,-0.76305313835973,-0.2662791650845446,-1.0394545986737451,130.64736990070946
Mnsmu,-1.15583908797844,0.6028474291183721,1.1139756787590112,24.94259510389114
j6SdZ,1.6915194573512875,4.2205942197472766,2.813670471681418,118.5848410203438
2QtpW,2.0342745248563268,0.9816891398211188,-2.3714577003818063,67.35627909124557
KtJCe,-1.0698682903421035,-1.2238223196491145,0.6712644626835109,148.48664822096268
DexA1,-0.2236116423026172,-1.8019846511181088,5.131593084032092,111.22043308758624
e0Z1G,-0.8770032012777251,-1.636794913188668,2.4534231185923057,33.22593052949099
Ex32j,0.6956731022586103,-1.3562338533546852,-2.076139773601832,89.59787882847449
d232p,1.0794650952073837,-2.106375629788096,-0.0842456415470205,128.10567967782652
LLbXy,-4.5443218570934905,1.5508638237177033,1.5871130101327935,58.70563563412343
0orLe,0.5744329936036826,-0.0336691733371418,6.7629733856288405,109.08546033206198
hwzxF,-1.3752088502522148,-0.5699241836197024,3.1586976586806266,34.35409565560078
D18Mc,-1.5068875931772645,-1.68414577636828,1.2682075908235684,85.40451723387253
Euo9K,0.6884351678415748,0.1552787125442173,8.469547731315396,120.96979664640044
5MRzy,1.2733791079712566,1.8691104708234367,-3.137688450689893,74.5534924488323
LvJp3,-1.3886817460491503,3.3391345751607484,3.874314593227965,134.06114968971352
R1YRx,1.249515803252999,-1.2360149340601572,4.687098782451051,22.09013437734024
90Awc,0.0756818047748686,1.4329892573796117,5.359999029699103,39.63881806506204
UoZjd,-1.6282909245554609,0.1096533034608881,6.987152525339197,62.08949808258011
a1fxK,1.6840323221447475,3.491324350751825,3.2525115285215227,165.57481615210386
wk9Ic,-1.926627710162499,1.7093449293853222,3.129365088670339,130.3578227024094
9zGmA,-1.615927228083998,0.1771953980070934,3.6294009253404376,29.35214311812848
r4uTx,-1.5619310193625828,0.1272542852798359,1.0213421026978375,77.8254328422977
N4jfT,1.4603886184324186,3.170613369143988,-0.1223746716517111,61.1122266351225
xczVc,2.7390172595117366,-0.5907546916723434,-3.1653090875436254,64.25242200750564
LQEQP,-1.145226105072884,0.6682376071868077,3.0267989779550217,81.75726363131346
MwPfB,2.260063877337456,1.6307524500016144,5.12838851776163,101.29888674696466
6TAJy,1.7047981016326317,0.6901429290426823,7.534338579422402,142.86106372550148
WTHON,-1.2301762727214884,-1.9786041274480688,0.8231135506482796,130.41625707373706
W8MdX,1.985713821351465,-0.5618493363615512,3.9395299593923694,60.35882534399812
TOCj3,-1.8710421399610864,-0.1606080031898952,5.464556391191684,143.88719450293647
zieih,2.113006024694063,-1.7155819111737614,2.3177980623032,102.09538322516912
rckkD,0.4428260664785869,-0.7939153455963495,5.568802366838797,92.41530228451164
dydwo,1.4567056631567912,1.7945654683477112,4.0438468257927225,154.04288732656727
14FLQ,0.9704802212111427,-2.476428742670949,-0.0331705666835558,48.5693087555419
cZI09,1.1127375186057535,2.416947312445516,1.6400481713879471,172.3654319453821
9fCiU,-0.8701887170989095,1.4956122598806951,0.5312922111746712,110.48525587338185
CVj3U,-0.2779854849337118,-0.2334078605650305,8.036114100851703,159.8063150107224
UGe8o,3.354124539832287,0.9399607293970774,3.0054575171950986,159.02521836388922
USyI0,0.1645114209455179,-2.3600581315754057,-0.8352446572544165,92.08211611253368
7jVHW,0.6602144667905161,1.1587777476952352,7.682148735656384,110.3229463909907
JywkD,2.0720008689826366,-1.0405673469207175,4.854044004886507,162.94137856524688
Pwezj,3.295011366512884,0.993932532778966,1.1763382639993205,78.15520235094672
O9egX,0.4013345187888785,-2.0197483171716617,-0.5342027863589696,69.9349524009153
hVeFr,-0.3841387795994252,-0.2242839246249143,-0.0496854444266139,116.98814774650958
cVkqG,-2.5885164439878703,-0.7881406542440833,2.957447290421975,68.35890446006849
0KFkk,1.9304430032006608,1.7782687440021514,5.696779353662848,166.3912864016797
GA80j,-0.1253157282255534,-3.1609634025541595,8.70814277611041,89.76846484546954
eAjKz,0.3528652096264326,1.6808076199075144,2.0844873035217235,74.64369214002727
5N8qp,0.8985728055113995,-0.3247388343094211,4.832068875917103,24.08738712917154
H6yl6,3.0017517251518435,-0.1622199326023956,0.2685709984808113,127.15484759997705
CgscZ,-0.8488593759991898,1.1693763299474471,-3.3591964406020605,43.85904140869816
zMjV1,-1.2835203328282936,-2.4187650667498826,3.1659816574870945,86.58125642012706
m8tW2,-3.090903204526253,0.9335283956288182,-1.702488880989145,52.87787802739958
gOPw3,-0.9318624135620744,1.9448766099361563,8.847057719921851,141.46850129262432
Wbst9,-0.5347031841154396,1.2941667279509177,1.3929989190984156,66.71373864300698
nrzDK,3.586835869325541,0.6337485341366362,4.4552481903063885,137.00009159107472
AegET,-2.636248637434252,-0.3094975738047577,3.4594367736555647,47.10244790039994
MjirY,0.2641521863415376,-0.3728811219098912,0.8574659905402435,113.0499044958163
qlsNW,-2.4098675377391707,0.4032857151779344,9.575378442069193,44.7570240292656
SebRN,1.8891025181217955,0.4906219002924131,4.295915268324438,97.56881018903204
4BCcJ,-2.735937596501526,2.1179483301644435,6.4111278326083765,169.43670928222767
I1VDS,0.0782391382024976,2.9749733990927947,1.9229987691136416,105.43525344417031
uFUv7,-1.3582190297840575,-1.001591825570763,0.1633498179933351,48.62309537036445
ZyZYq,2.498491144164356,-4.486068879079725,10.642710090107776,165.3935346509217
x8X6w,2.114925869298602,0.4565517204059505,-3.095447484512391,62.35972120798856
WA1wO,-0.6935658759906776,3.084167464227372,3.5443352240198505,94.34771214454864
la2pi,2.0357322338532464,1.0684273489641616,-0.4652911191627405,94.04281930911716
Ac0W5,-0.0338016873139368,1.8894357197595384,3.8574128913554775,107.54623262360798
Vd42W,0.0544964336481868,-3.603580428759329,6.485948103126413,126.40431247476228
L2dLn,-0.7218114333618026,1.0812379512483263,6.402717432143715,153.28674718445987
OFpcq,1.0826601522633028,-0.5084092791535288,0.1625605570185305,39.83000996068051
bf1bR,0.2531098174718125,-2.383238911082362,-1.9514080715536184,75.57192966260519
XYGrt,-3.264676859470381,-1.2675089163305806,2.850049249461915,66.88792370511585
vLTa3,-0.2590830724824892,3.56999512421011,4.9647861562061975,124.61660406181444
8xRcK,-0.5000893282380826,0.9666937725870725,3.6046552235929887,129.7227102378211
OLHjs,-0.3976708600727759,-0.6787193522776249,3.999024588220357,37.45345591777342
dAIEf,1.043469893555791,1.6567812951044223,-1.6305647106529022,0.86045256271435
E4Kiy,0.1442875992642382,-1.3376063479037594,10.514037363105915,126.81916191000995
6B9Hk,-1.5013073097254952,1.1314974706525986,4.99843186481562,86.79544529924581
g37VT,-1.181902684407834,0.1270309246111984,6.242352548288113,117.57589275357437
WRzXT,-1.1911688364411293,2.137693863119913,5.554601085621304,150.34483631479586
JIYlA,2.4502466103690863,0.8092269594076363,1.9860039218606504,113.0586105986663
b39uW,-1.7582675764022793,1.4496892333248816,5.591279905723223,109.87706782550548
ORJHP,-2.2612743005699385,0.8102993081228872,1.4431922445351495,127.59989298917256
GDzVa,-2.5444476572063657,3.056171724349754,0.5012586182278171,88.24667084166968
7k7tk,1.6199788034171525,-4.083262156942824,3.643116610746576,134.12222099458577
YZTEu,-2.171983351561699,-1.1889119920312383,3.9527885184501774,131.15448730735
bDTCK,-3.7643722596090288,-0.782836290797403,1.7518143067531815,113.96974156918324
BxxRj,-0.481907892227541,-2.007205389032144,0.1228811191215988,104.9977079210568
IQ4eZ,-0.30334630326876,-0.5570929696355408,4.343664058562308,95.70310533341542
p64qN,0.4566434559797877,0.1441249742415213,2.2088372181911256,29.090731137363324
JEZkM,1.3616417282744715,2.4687365922754045,7.283472912952343,147.87186437311362
FzN8o,-3.80737935831425,0.4310771218041132,-0.6038520204938669,108.6434084132506
Bvkhf,0.6766851344281049,-0.4530913602326127,-1.942347231644024,132.11403003479288
Se6eR,3.2185082570162247,1.1172397475301414,5.911575034972008,68.92157504494457
axVNb,-0.4059055356579557,1.0244990212286391,5.425415636866199,99.66722649695812
nVCFl,1.6966122977726636,1.7181567750780942,1.6639315230734146,84.05002646522169
GoorS,1.3461482246714125,2.9255247901866297,8.340458852569153,175.58835592940082
sm2TG,-1.0615311165864536,2.356656560331224,-3.6962243328745856,61.12039183362772
yBjZR,-0.7497099601565621,-0.7702327363420912,0.7541769481827156,11.271690209806245
4QQxH,-0.5880314571623919,-1.1611365894745744,3.1245272863529885,113.11850389986792
vMnrw,-2.0378041369243034,1.0952247951557117,-3.0636332032764253,69.281004068721
bVm8P,2.4753212778877653,-1.9035475950449008,3.170540175218634,128.25029301571905
3FKAN,2.3459065761536126,-3.439530057607887,-0.3535030321798982,126.41872393772356
GOIiK,0.1641750168294317,-0.6407331028311308,1.7365928799032735,42.009875449082095
hBXsM,-0.3870043103983931,-0.6979761036931826,5.653035705378602,104.98241863857992
cUyN7,0.9993427928417716,-0.7129947034090841,2.3737902928859844,40.22980409847754
PE7WD,0.5308051768612562,-1.4398409282330686,-0.1123472867563555,3.6726550094570034
7UagO,-0.7796646439576874,-0.4719593024631575,4.885195394017617,130.75354116532364
dcozf,-1.9528326382187564,0.2241180297137616,2.691453193935141,88.3276732630523
gtMt1,0.8200502467736304,-0.1327502841922159,10.925167741139472,99.08819140354494
sQA6H,1.73472412838668,-0.8713729224834047,-2.722182204104953,28.49769894550854
oW9te,-0.0162059626074533,2.5503271101608576,5.377398223957352,96.18378494126247
w14Cz,-1.6704562320617042,-0.9667805061929712,3.6520232889933086,84.1495174487271
0kyPf,1.7856749861753556,-0.5506084399861579,4.703919336443271,111.80135282413912
3b7oR,2.9276648756328263,-0.6890605632722909,-0.181407063336874,102.29201053996712
2W3c4,-1.3759304567191402,0.2302427294185304,0.509793638424644,126.323611843278
847rx,-2.7922897397197635,-0.2823731737087914,4.814676554718435,161.33746421638588
s5Fjk,0.2879521847259749,1.2448522363367598,9.855852188927894,130.61664541023225
X7Q4U,1.7688414397311736,-3.3618987133172045,2.8561648253416263,83.06253798209025
8Ku77,0.8050766665997532,3.0661233294565826,2.8390138588841034,111.9360404999941
edESy,-1.5868279880925569,-2.4531983269692934,-1.277743676098063,146.99980798660982
bv69r,-0.6449924997021704,0.5410608005757698,-1.688237237550354,59.27095097646292
z0vUB,-2.843603199913761,0.3942862853838301,-1.7808690185033624,140.340296614992
qAsS7,0.0663301907098234,-0.0283479915408515,0.4436578572261207,41.96305591997307
1OQja,1.8312878847003853,1.973781112890041,3.5419034757728927,34.397661671259954
dDd9J,0.2432602001914179,0.1925025839248781,3.044448940137828,109.60842705250936
S17MH,-1.5948197037569534,1.5725318103278776,0.4046361839058379,111.88377525233292
kf3zm,-0.9420878418401394,-2.2701698253862417,2.619786255258524,107.74213787303393
YPVYI,-1.50760210108541,1.0730154423422982,3.0735758191475497,105.886782090425
y9zJ7,2.5893299791732214,-0.2224296175093698,-2.327736771750697,79.68742357814371
6lv4U,-2.2220268552695046,0.2242732653156244,3.04156156980954,59.354443015786096
yJ3UM,3.018938144443851,1.4171332928777054,4.485391095280996,80.39790487508904
cpk7q,0.0874265313223334,2.2211385899014657,9.380990967796292,164.5615641992387
PpjNe,-0.0513625310782295,2.7306978606404604,9.195950732446668,64.57028999113828
PgfVn,0.4747325289076632,1.3406203685790987,0.4752319505103124,10.19392242259471
FAYLd,-1.648536528548063,-1.3503927422551578,1.416156366646787,153.36290908044853
7knWD,1.7397807513998216,-2.015108426429498,0.2759425606866477,88.9677883033485
DztEL,-0.8749553699955722,-0.5965836372208373,7.631353108193204,152.47328914369382
1uYT5,-0.0308466139830286,2.4421135507080285,2.120312368199773,135.70620521829426
hMzGz,1.358663836988116,-0.414302168186029,1.6343756850844895,104.853888218458
aYJNz,3.4231040644944057,2.2878714089751924,-1.5413001495320418,77.19209328701645
fDCT8,1.5700910000714112,-0.756814974996968,0.4755971540889279,120.4877240532222
NYuko,-0.2259920231420901,-0.1411874123832278,2.522991414208797,140.30888692891023
fZYc5,-0.3522248310603618,-0.2765042406611274,-3.609411950667024,15.21523520850068
TgFKp,-3.191496693447855,-0.3297731296387629,0.0011448426709239,102.71588759581824
hrRxS,-1.6324177453093682,-1.4289807264056713,0.7467094676015966,173.5450778898624
elhxb,0.659851524438299,-0.3654605768807007,3.5890624217927414,126.77364210992113
04QCJ,-1.2973667254400514,-1.0747457064522508,8.989338045073689,143.24512753005348
Nfsu0,0.7617021376457791,-1.2486700879011636,1.5130938129388525,58.37268253811484
7gJeF,2.0821455640065647,-1.7128612380764656,4.790719924013223,64.16493011481563
Ubmfr,-0.9922152790917872,0.9890251869951272,1.6363526487725983,96.91929513470592
gPcm2,2.17105031256278,0.904499692201462,4.874553118157014,110.11019842440628
wCh1y,-0.5782562197752998,1.953540265901436,4.206441777717895,154.8572543791455
071Pf,1.8510275727587069,0.5390756680921758,3.2613662671051262,136.09528881397247
RNzrW,0.6505560189688435,-2.7862469558781524,2.84455826878772,113.5348244423062
xs9nI,-1.190715929105692,-1.0708424770103724,-0.2223365780892789,102.71169552648732
4lIo4,3.973309218638107,-2.5739128207449413,5.72837001963825,147.21329203405693
QxfFc,0.7624868901284759,-1.0421869187888266,-4.923935419372211,37.39149942364126
pYuk5,-1.331787983777771,-1.7473713035541327,3.892057043628624,71.26103485183216
EtTxP,-2.77745918117329,1.8635282590243831,-0.6286310410123748,102.04658810037212
0twcs,0.4834893600753882,-1.48253985792052,-3.699800765123376,3.914406332421191
yKL9L,1.0611583490947154,0.025465750316087,2.4520968810082784,67.89667342192878
CcQsZ,1.3112591766020627,0.3918611447306708,-2.7656278800164227,56.437724860314034
5kAL2,3.4782598066210664,1.84225730110107,12.855746059309396,163.2585169355322
5GB4O,3.0720519875474888,-1.8783709501124068,5.675367100213046,131.13320964560327
mMB9s,-1.8287040843053248,-3.5349653714300846,1.859635061679718,107.74746311515835
Nozuh,-0.3358937219211063,-2.6699158536355623,3.1385239374872524,63.380146223023495
TTIn9,0.0789491117723408,1.0664762059552308,3.859501691093514,110.94573624123952
zYPx3,1.2462899459044088,3.2798501620860154,1.811732741300584,143.24036568278825
32Imd,-1.0242623630747048,-1.455427378051953,7.41259865867249,108.860240775187
GiN88,-1.4346785312633252,0.9605698491294784,1.8801166011019028,48.19877418495706
dNUwx,1.0010141829810708,2.5813205169770064,-6.552447085997155,48.37778073666247
el9QO,-0.5845553756602092,-1.9663680952247264,2.1745255842739946,117.16893464670028
U7ddP,-0.5596020229534209,0.2250738593270931,-1.2376821678746794,85.97276476362742
rZ5M7,0.6400963580927648,-1.8382485674382407,-3.6073095094849967,24.86126724825522
f2uHs,3.8180329845757135,4.096567047198018,4.892854299322878,157.42481997921752
6YDnC,2.986555375262053,-4.676076781025351,-2.5296455180322788,130.31337722858916
k6DBW,0.3625707043499851,-1.6965278004967852,6.121483537032869,109.74541439558872
dSevv,5.003680137089403,-0.3095198840944392,-2.4542622984181315,46.50801794269013
ssnsp,0.8797462821352451,-0.2508404126059671,-1.3073669154376035,50.43818000855245
Pyd0L,-2.8199196633411745,1.8801504894310384,-1.373480455189955,88.97190977723112
2b9CS,2.1654701617436087,-0.6835852732766796,1.3997894940162774,64.85744860801984
I62Xh,0.8801510087855113,2.698611774183876,4.036004787974633,99.88732076356082
aR2Zf,1.605853381641586,2.8360831940129603,0.2812111425145889,51.53522563024258
UyeDa,0.500828283382695,-0.2154907415318544,3.521144163514518,134.14018229199763
CMMvn,3.833156547465367,1.5837124068027484,-1.9480438785026224,67.18839694921374
yHz60,-1.5175327907592902,1.3601265534043805,7.147983284123915,105.16028780098851
d7ERa,1.399700520985978,-0.0735464940883773,1.9891922084778584,123.93860634023896
bzzXC,-0.9522280396077234,0.7516358878475669,3.612950149363311,99.02145437158366
Uh2Pg,-0.1193483286662265,2.6944133735377083,-0.1597214475128958,80.66685528498442
56yqt,-0.1186894032218746,-2.6785995950450765,3.321880992404946,172.27101967038186
SaXBe,3.379303437230418,0.5017260486748957,5.383875198672562,84.11387995204535
Y9oIz,2.6628831967698843,0.5365672302757439,1.976060626732394,118.8778638602209
oAi7z,0.7408979966179704,-0.7903872110011853,2.1352881694288635,78.03314582470757
MfCJV,-1.945374995249941,0.3991287373807483,7.404341424198055,103.65513300015334
lkFrR,-0.2840810437012673,0.8098762676928879,3.0104633008623347,29.583604667225792
yk8lT,-0.3987504150402004,2.0875423669408013,5.781155382151346,100.75227228466824
xu4Bl,-0.5951813818063312,1.6613275870804605,1.0337705341397814,13.435248706270269
rKtnM,-0.3884867047593944,0.7088806929661489,0.6365132629791408,49.29220060744437
GzsEF,2.8228635413304137,-0.0574053957268957,2.048624875814088,81.8976071851348
YMLxw,0.3453452965942657,-0.4314035347822683,7.7642567247390355,132.62013231436922
Rh52t,-1.5491710914680026,0.0399663524253015,0.8492785963179577,152.9240227921249
aBTDc,-2.280558737586034,1.2936202092634113,1.5613035187571531,105.83237073076872
SD6l6,-0.5809760850751288,-0.9516967551456196,7.461741642891285,132.86929512728054
LgsA9,0.7456468304300671,-0.6308057764298808,5.001102439043662,57.633373912261945
kyno8,-1.8353365055585755,2.5684904531375112,7.3620602214134525,184.83501403896025
2j8bx,-1.379654196510432,-0.0080232007969269,6.099010869975415,158.44948667044494
wDq7m,-1.00457773990332,0.9190268564753824,-2.2600047636095315,79.66320188762866
7lhEk,-2.26411556966486,-0.7779098221044468,2.3730139258893246,62.64841971030105
ss39q,1.7217432092707072,0.6465270699214477,5.9420227207982,65.74346251715885
dNtbY,0.2613370375239291,2.7716216275299432,5.312667926000357,133.39957797734485
fFjr0,-0.7048986104822318,1.7377537438704247,-5.429408526974519,38.07839493341321
I2lCD,-1.1739861198248278,2.153975367001052,0.0634198178169772,73.2304405141307
wS0f5,-0.5197997557562286,-0.5521901762150888,-0.8678815525963509,113.19280132641268
KeAjU,-1.033268682112106,2.2683521803980646,-3.0465043498409443,105.9200460483985
Vwgu4,-1.1689162030153954,-0.3419272125256174,5.534488463303798,121.0937092439034
Jh7ln,1.6575124913840371,-3.0634311704019312,4.744716602216611,86.496441338181
6XNtb,-0.9956553054449724,-0.4389457104398712,9.146835538110588,127.27854297531508
NyDIj,-0.4247365472631971,1.0761966568235632,-1.4141312685376417,55.47824921467487
oj9zc,1.7911966881572028,-0.6254969074696337,5.6531260541113975,63.56983946038
rCzDl,3.985718829105248,-2.025673861815828,8.719226703806367,152.85630118892433
xk9Zu,0.7512446904269272,1.0465354165009282,2.8873734663658426,105.19032032194264
SDYUd,-0.0066144545551639,-0.7467938715216003,1.979038284466468,106.0638873866492
VCtG1,0.7914169707296024,1.3148299521805331,0.9217446296702732,106.70403996525086
Jy5Z8,-0.3352117751436245,-0.2267729527388727,6.761911459809807,85.71516604494786
RPoKi,-0.6705543192726844,-0.2720376776666858,4.8782142475034025,125.481105204306
PVOcB,0.2619992549610137,0.2652822850586074,1.5243683338058769,25.70694849251789
2VGMU,-1.018869648114973,-0.8250926352594137,3.6130339741408046,112.91829913694176
OgChr,2.8794839615972605,-1.7337328824898095,-1.6452168588213154,53.94842593071274
E776x,1.296762199342974,-0.98258866514216,4.16486662332736,73.14248501335862
OOSG9,-2.887933114435996,1.51183488028718,6.445614257236213,180.7810442999757
iKBxc,0.0582572331957812,-0.7648749588640447,9.121689646315042,125.02310281998388
ch8i4,0.3021822820704207,1.58535009137721,-0.3321165872670168,2.178386058546325
iqEVs,-0.4886682071532601,1.6993156610312994,3.956537914715903,111.03471618330718
0qPpG,-1.4529352977157364,-1.7571113603028568,3.903028171411692,76.75899265473493
CXvxR,-1.0712473915848348,-0.4473559500888139,-3.211826576035352,32.542440279133864
5JcxB,2.077342753440056,-0.0776395465687621,5.548007292706653,128.61761979496225
KORNK,-2.6829684208348104,0.7906703296044965,5.735425851720287,156.40027338623926
d09yl,-1.0629859913221145,-1.2701693114700672,4.490761804080542,131.9206381545929
JlX5g,-2.389909665913569,0.1797240636008665,6.328683994578272,175.77792406460887
JTj0F,0.0154867039322995,1.9496068568075973,9.800150612411596,129.9928784502598
2GKte,1.1743142989826256,-0.9638793883589344,1.5265680190278934,43.99563107871579
15jZy,-0.7684943335639661,-3.0296081002706905,0.8303665677441074,81.45379253183339
QbNrV,1.0968700185843627,0.3892279456113911,3.99668054223965,63.06191853504344
7SKGo,1.1600552182465906,-2.3449715496239416,2.7316872308987863,63.502225474645904
MeIAz,1.4969084699700757,-0.3162503527604586,2.071104043149012,35.11643065376716
wZZQl,-0.7185824841899717,-2.0263334035541494,8.463806763953206,129.81147036219645
th3bl,0.2279243207592139,1.0724527248495004,0.4498312116458605,100.7728432931892
YhW0K,1.7664777960267848,2.333392308877544,2.057712239029072,80.92003613156925
X2Pq0,2.251102672812541,-2.023412501791042,-2.744050201901429,77.68767190696148
kTBmX,-0.3634637398757943,1.197346086610032,0.5990015976764069,57.15097533869661
0Fruz,1.3749598503951594,-1.84879117207422,4.847733759098109,179.4454248710225
g0xWB,-1.7650733427512482,-1.8977827476547136,5.545462253845612,105.09999745104172
MpMwt,0.5260028643334946,1.723619839085624,7.179100574427433,96.12888453026608
52A9X,-1.8545021969479096,1.0400119118713254,6.420591996899012,139.19524204201792
EeUjb,-1.5476084214007355,0.330350901459319,6.108151292349572,59.62919848374154
S4AJM,-0.6080278316985049,1.723747555937445,-3.1318232747547383,38.00559165197138
25SXg,-2.8702328924727123,0.3316099178948355,5.574426218209162,177.00662688903896
AbjFl,-1.083339405600871,-0.9010941361943668,7.112656589284148,143.2050117659462
x2CyY,-0.4219227641546572,3.398877463652123,7.864304454888424,148.5818899934442
ZA1HW,-2.343517779071515,1.2826255633386272,11.122354056450437,185.13202575166255
f7Cq3,-0.2216668941561329,5.014986201470651,9.749488558504655,165.83720681334216
niTdB,0.2685422853783385,0.935969678031534,1.260211246330664,84.01954660380055
GZZRz,-3.8180575154298735,1.3849051230927305,-1.4987819179620687,76.22258680164894
pvEqU,-1.2173801568012237,0.1662599311397161,0.8658574382522692,122.12414373647368
9F4T1,-0.0175278356645062,-1.2744501784063853,4.760088503155575,26.7145422358942
Y99Hj,-1.4934211909002624,1.5511930204281164,-1.3753659604644604,100.35045008361374
g1k8Z,1.2214836966598484,-0.124242742019401,3.7416554725416313,160.70892031637604
aBCIq,-2.4969087507500194,-1.5071460612786396,-0.3371495603341292,53.24205245856197
WiYB0,2.3724082039490617,-0.5267092671663709,-1.8836012098969384,120.3006329267614
ZFXhc,-1.1748938212876103,-0.9105794662236028,-1.5509362482098323,41.00559421357352
zst1I,0.8843453810764275,-2.121950428587384,0.2853008063230129,110.84407048588784
cHSHN,-1.9780683860980768,-0.5163603906152993,-2.092087605897074,62.01610461587864
WZlYY,3.349668796760516,-1.9544202594550928,6.602614715532943,125.47213492245226
ZiDde,1.4080916877105474,0.4647011925596539,2.699345128513408,146.81443961472525
DzYba,0.5673310536461866,-1.6564944232568528,-0.8925606140605526,101.3537338674329
0BeRq,1.642568144502262,1.8979651301655087,7.413242888036123,164.01907209034505
Ouvga,0.2065012463490916,-2.053604947340664,0.2804010472632218,55.00767665698555
NH0Jm,1.2001327178334324,-0.623592496761323,-0.1898236442972216,35.338713773058764
0KcP2,0.4866723832787852,0.5085599684837143,5.485184392072184,135.2212216975778
nmwPV,-2.6900402342912613,0.9072616156999423,-2.151581398272099,113.2779778402358
7n5O1,-1.1697058799977085,-1.576592912640365,-3.0723328047113143,29.781002984557983
InvFG,-0.1875513209812169,-0.2250078058558898,11.391445790145337,118.58638919476384
VJKRE,0.3889645446811554,0.2835652171667602,2.8391529115772705,10.877301320165056
hcrXu,-1.4795099873906816,-1.2799212886904767,-3.792172667075101,25.076892625297408
j3m7f,-0.2957835564811036,-1.4664520563245689,1.5664214148220297,88.07422271547925
AJ7gn,2.3634227261285687,-2.816744226085432,-2.4923369980947263,53.79221838164303
6JAh9,2.2592782933353845,1.106889487288242,0.1333284453374317,116.42564653099689
fXtKr,0.9141585499247424,-1.6946774012259007,2.470388682262856,85.95025451679213
b7G7Z,-2.35610856305422,1.2827578998418718,3.689712643093496,187.69914546648064
FVc0Q,2.070278730723577,-0.4090261817339469,7.016265616221303,86.42507462701595
7oZB7,-0.9006783029346019,2.1923710435374177,-0.2682538279298932,156.63513607763346
Tcgpl,-1.6542387011620583,-1.4984681775943802,6.267841850116531,186.2517871138164
cI0nM,0.2687109205954335,2.5369147009580435,1.284318261604581,81.00256219867423
LRlzh,0.7080253219178445,-2.093507255865161,1.711402556254534,45.59775385762972
Eql33,1.6624255688920155,-0.7557345051570343,1.83738290742718,142.4396395664604
4aqCt,-0.6899804537670251,-2.3503635643959626,4.793789579865639,62.24335744442995
7gBnX,0.2217495400996526,1.05367464951845,0.0144035305298495,78.27622393532445
SaHzW,0.4379742894281297,-2.413850000931681,1.500681939234057,161.65867255949917
8WSlS,1.0826652287395635,1.4447266007236208,-2.600776526368973,110.80534300339107
gneey,-0.6248216509836279,0.8839891700210728,5.068433652505559,103.9987598849756
mU8vS,0.6737923320733159,-1.128063342343948,3.587210542009028,34.6176437601696
Xi4F3,-1.0843048259660206,0.4579707825206946,3.689184154945781,152.73662772888125
LVN7M,1.5848791843265058,0.9181583343286618,-1.1299381113521916,74.29575089396614
zwfwe,-0.0840630441678754,-1.8911387282128973,1.912695659581462,109.84941383228772
Rla5X,-3.1846304199471382,0.8682235706743577,2.0664917203616326,101.7117016306464
lHoye,2.341472459257468,2.330056225216908,0.5039010694882335,69.13188359392295
X4C8T,2.420037270907271,-2.561839781936865,3.355256179507661,63.06272251562497
kjfaV,-2.066885108439871,0.2309784537128459,3.324774478379016,66.79624073737155
59Sjl,2.7193889285504587,0.9398113323298656,-2.547301098477869,150.71357754555223
lIZwP,0.8682192872675687,-1.9651033719697992,1.5789190690432842,109.15862494300058
M3a1c,-1.1769527730913691,1.874805638766852,0.7085909131446829,111.81014753219708
nQWbm,-1.0232654405857435,0.426534040317079,2.8286144695673188,101.45529267850732
AjTtQ,1.1919281389721044,-2.1543371847540222,0.6497112958229638,133.80599111362628
FxskJ,1.5196635058149952,0.658557758277624,-1.4917664087600886,74.00997381233199
ueJ5c,-0.1555140907317405,-1.6440050631453502,3.933322379269072,132.55110830586003
rIIZl,0.9212011303443702,0.2223754858443119,-0.4957943973005441,90.02880550552086
ktA6J,-2.2597796044959657,1.371128908462243,-2.148841956479674,115.74388681822666
hQynk,0.3362300402863799,-0.9946216531078454,5.578554575325999,128.92565579728765
rTtNt,-1.4206205656776405,2.125438474948239,6.467243182308389,58.64757571248897
Te7Mn,-0.2189167863361433,-1.3908128880062351,-3.2053293760275383,109.79348178003916
Lx5El,0.0867783477708469,-0.5716006957218875,2.784872547227444,32.41189269495052
6Gljt,0.4310384017679234,-1.7639392477139673,3.903632324020789,104.33469610657625
k0pkX,-0.6528667765109644,-0.9561250401659546,-3.7717855559226656,38.98162883918869
WVMbF,-2.501256257479713,-0.2913563668380505,3.3142977282753447,106.14757756984244
ikReP,-4.419230251766377,-1.5164434387085817,2.3510789692996106,148.75738358385985
U3Y2p,-0.6495029114797761,0.7851232853025591,-0.6153677393557075,65.61685917707344
QIVHg,-1.832200395899897,0.2498643185437387,0.3778714195531527,58.27019259490359
zKgCi,1.2283542928455826,0.5757471048270825,3.7617295036745744,69.05554444538724
tfrkg,2.523931347474676,-0.0184480953445911,3.2089967728717017,89.1830528882428
9Hioc,-1.2887659979864827,-0.1020491656721204,-3.151850316317629,47.27707467478384
lzk6C,-0.0225746831895139,-1.0071807009915532,5.026720798564842,41.88959846871171
V0hYX,1.212727478985457,-1.0757082811334409,6.714002508495796,141.62021475691745
FWzVm,0.5992414397884483,-3.440156061363276,5.614337584567175,176.30687149801946
2DXjn,5.28619954518039,1.963473531096452,7.265907114696218,189.89965648047905
Uxh7Q,-1.709445869318892,0.9940748250192026,-1.001447273757993,41.938423283765886
zPQSQ,0.6717428655089783,-1.000880921421718,5.54941442069479,55.81262076268172
2gjh7,-0.6464784504104117,3.569633879048028,1.836131994845942,151.52744955750012
6X4oY,-1.6398428098895883,1.1836012458891407,4.804533865521566,64.59018419174282
WppGV,2.1438505170023303,-1.8060837042443791,-3.480046018331561,112.590599633294
yZFml,0.3509611017829035,1.706144771662755,4.614829863222139,120.64428484823137
R1poQ,-2.6460693401848703,-3.0011806487263337,6.042887159386913,164.40002542751589
rySTm,1.4747891567581155,-1.199955628918564,4.766930280821202,84.28453004707826
OwKxf,-2.168673380258876,0.8886978322027728,4.250891067965054,185.2650472289383
kATuk,-2.7614289176030566,3.07844303429164,3.966128045985364,89.57372906390448
92PHs,-1.3587900820616434,-0.2977590139027337,5.059368833531754,127.0402294034968
9MosT,1.0408511656187216,5.382943344980979,-1.2592246930762214,80.67068009347398
OB7bL,2.896109707935022,1.2462740784175266,6.2730017975294565,55.22370055243548
GbL29,-0.3923617570419131,1.2008963924122291,3.9339802380784574,80.8959499692133
1yjj3,0.5526780010459416,-3.2332847619733096,-0.2686554392932301,187.1753379829192
nDVFc,-1.6786599172224677,1.393871220016276,5.6569612286845725,182.8224850356334
W3VtI,1.9468831295998712,-0.5889423767697803,-3.741963583103364,124.67302758900624
4Gf91,0.479995321745597,1.3881622686916235,6.898613023584143,118.96390038904146
WUtME,-0.3310866926116558,0.7220250514457325,5.0703858012444085,87.09071450639742
ybDDY,-0.4237929574794494,-0.3952356960525242,-3.1220528919317068,19.741818019267058
L7OOc,-0.8404507981996423,3.20510713145426,7.553651342880227,159.0499943455638
6lRKn,1.7605168276556131,1.0244224127659112,7.323659513602531,99.18004268444408
jEji0,-1.5392206681818077,1.613633407654797,6.198878164980701,157.88135396867895
ieD9q,0.0230649380750758,-1.3103220179579873,4.493296137513255,79.28584613995119
S1RQY,0.8986698488206223,-2.4882664803922148,-2.568941265270879,55.58023987530052
ChAoa,0.0041497867098529,1.0409454746085824,1.460902739638046,50.65616076549758
7g2nk,0.4595354705919337,-0.3734307774639846,0.0045872970714354,4.707013115286466
XP4jl,-2.932244580449349,2.7602478339831698,1.1021826588991157,125.16524423033924
Kn30D,-0.8328583304385648,-2.328175619100055,7.137346033134332,168.2562519656344
WE9e8,0.4378106357782041,-2.1915115220208694,6.474261663970246,142.31528798741664
Sjukf,0.9078527213190772,1.1545222753041462,0.6154811489166021,32.428323939969246
TkzYN,-3.25674340493682,2.8421428115201604,-4.002493210962276,71.12408611765011
qBhLH,0.0929318710314823,0.0191668743745236,2.5690643902781654,102.29673525026072
mSBrn,1.5767679909595909,-1.0394098326849674,3.5765629364545752,13.496334144077911
6zOFO,2.3086479059404788,1.0579711740468831,-5.595216918117119,50.55616215529109
2TCeL,1.3703522277309022,1.55809981210233,-0.24217320279892,59.74923541389704
8yQ7Z,1.032877129900183,0.5632717784716034,2.9953120548758,44.964478385288245
uFpRW,1.331305422232126,2.3589391315941097,0.455522042152117,51.7929576590626
8eEj8,1.4451696348950958,1.5819261078432492,3.1005155859406237,138.70301865955395
m0iAP,0.617016112574056,0.0641593444098079,3.022309982884773,129.187226126889
ENI5D,0.3279789308325326,0.679907409136005,-4.200747300033145,22.646437329023488
1jYfx,1.044093438305639,0.3062088505568012,1.9923513804737545,30.276091796211645
W5omU,0.1686255254566764,1.9981149957757804,3.4015676111342628,3.175900828907966
HdBhD,0.0482325662280721,-1.4365921348303723,0.1616606253781587,37.197350459845296
yzrlA,-0.6296958029839215,1.1406621873427738,5.985945126707407,103.06865985846
W2nri,-0.1792522439386427,2.144459349279636,3.397465467345963,180.62386496386185
VCkgt,-1.3391304361589953,2.2471466170565044,4.509800911741691,90.60752548133554
57hvu,3.6636113788716393,-0.4171404077118128,6.176289607294023,153.40733456242518
T4J2C,-0.0176344318021248,1.5980172261433574,0.5284672408303149,27.649804099614837
dzMLT,1.6232508829886003,-0.7302469559300937,3.9367088988166494,76.74320990599675
m6Whj,-0.0724537022426232,3.9000955021554886,-0.1184445076139533,134.46872768161478
SbQGH,1.148587834794344,1.09833344016986,6.881348979251684,96.70749539058563
XSQ3j,-0.1945964298882721,-1.0200862226609475,1.9023236631810785,157.55305596699563
HDjSy,1.8919651107891031,1.274129068316605,1.1477664559231158,112.91882346021396
ayVuj,0.5175679591217134,-1.1572953304034708,4.517833556412382,93.17385177737224
48k0X,-0.2403316179891039,-1.855022414972568,0.6705343196931848,73.59303074461096
da4dh,0.7396350087917009,1.3391754041310924,0.6285497361228296,62.83215247268246
CD8tI,1.3002427947398536,-1.6730034356768608,4.814412327324357,180.3072716062685
swS64,0.6163444775394017,-1.547582674092228,6.0173886827691785,73.0868625080142
ECUU3,0.1586161144467467,2.795446552895481,3.214879823089261,158.45476339832106
OwhzE,-2.637420347706789,2.6876829714341235,3.1145286488717003,130.93626286283356
Px93w,3.724833209603352,-1.6874353950711316,-0.3307787238214752,139.31407899833113
7iiI6,-0.5466718548290332,-0.8722267386443359,-2.3760896200797594,64.15790575373804
veb3j,0.8633302404947204,-3.695462918745061,0.5288963893008125,112.20539240603546
pWsFs,-0.6872294893752996,2.9874215824590933,2.0190226949640744,101.66869296816144
D4NBp,-0.9301229141547868,2.4824436541265227,2.5625319410017275,150.9887820989816
yZNko,1.0996250938740366,-2.2239411502960915,4.966305223257773,94.19757384358564
a6hrj,-0.9697756725781196,1.1538962523951088,5.481951721202259,78.73715024163965
cssxE,2.439500254101953,-2.05170155301422,1.0863453515951949,50.5079580586314
o5ON9,-1.8523293891991413,0.0758971037208924,2.018873042943264,46.70225678213439
BuoeP,-1.6221149863127315,-0.7071115684599646,-2.1497085386064856,46.19319261564894
vEn3Z,-0.4992554027079787,-3.994731176977584,1.1853244290407936,111.6214759187885
NrTeW,2.1956722167853657,-0.5708961759058518,5.433082529770875,108.1031242505664
FCFPQ,-2.8305934241872346,0.1314264945101252,5.772441658899028,187.2470019888836
Vwu1u,1.9425127695441933,-2.233859789284648,4.704365199341621,117.97400921690657
f9bq9,-0.7726573463464198,-2.7486969724261647,-2.1092271996308862,91.44246342319391
38878,-2.577113142329186,-0.0191498757562946,8.3597056551522,164.5066021272291
TIm6g,1.7865638217239732,0.1354603781946742,-0.1118969783773624,67.07472141161307
3T2pd,0.1073761285501115,0.2321380620082193,-1.1480306277413912,43.39139318026609
crZ66,-1.4750557297714235,1.080597985929507,8.995330885150134,100.07692020778924
p0dSJ,-0.4306471885681584,-2.0301827937389034,3.194705442228844,82.56463003880282
GpDMk,1.007969369151306,-0.1735042639410645,2.1249054264652765,39.39286811394297
Xlaj1,0.3098554070059404,4.49835650422755,-1.314188154977136,56.71451098277993
JtDDO,0.9759934751889928,-1.7006732710285928,2.410827999088592,60.43010626201165
JYUVa,-2.041140274719236,-0.4131203007434748,1.7333322043250894,49.85345094834642
3f5O0,3.0588585809920827,3.154304804115432,1.6522558544965562,102.81675712625822
9leaW,1.1006471231989234,0.9516642189007164,2.75367010110749,102.76170263951784
LO29q,-2.163544336883127,2.6249379260165484,3.9812328198922895,125.42401493799744
r4MD3,-0.3179533894328136,-2.8044604297133966,10.133178026838891,45.91448760051448
ZD9lf,-1.7046928923369105,1.4770934839466614,4.047432182696054,111.3622989332924
cj3Ne,0.9872131151450124,-0.0751860399064052,-0.026588154012222,29.56763832370705
9vwcm,1.805632489365072,-0.7541391462578718,4.361147584513315,8.37662348886182
gqacR,-2.698318266512429,-1.0481362028621144,3.9322421595439874,152.60080519657987
PtgSG,0.2789838375477457,-1.3143864153726268,7.6094086057573405,88.08114718652784
T8bR0,-0.3108978122421996,-1.7043685752578508,0.5619471999561738,105.11202964748992
ddM5V,1.8072397569655367,0.0324499181704653,-0.3797574431127787,17.014355625056986
od1PQ,-0.9257860968017588,1.471513683034021,-0.2564402682292326,41.24874836417464
nAvIU,-2.398051428838661,-1.275906299568336,5.528718408405268,126.8209146754686
Z8DuR,4.393842904039043,-1.0835235467697788,1.8232192841572807,103.59490363615072
wyiZX,0.9040585096217552,-1.1758575388789705,-0.903846102925592,7.189173842703822
6IpVC,0.0778187057235229,2.702876930140346,-0.1425278516817045,49.396224515380105
BOtbY,-0.6005838736503574,-3.786302685602221,3.821915065280204,177.14595771532703
yglQy,-0.93977075080836,3.5673933140682834,4.75654537154983,166.19258133743404
q6VgD,0.0944567906486631,0.9109896879312992,3.0499248213901384,102.30675123951391
lFGNR,-2.808608496884892,-0.7002045273918501,6.451612545618852,181.51809426014268
YVyyV,0.3573104003485651,-2.228859201404968,1.6470526301102135,146.10107623918154
XIBbX,2.8913242721348333,2.201253501875496,0.5454593463112071,75.467286853555
mN2pb,0.3330902301827113,0.0103981286439186,-1.0213708616394488,57.79038784182647
Dq1sD,-0.803602275490486,1.1603597463940811,-6.981104688159967,34.64846490982348
ec1Wn,-1.6507378572977036,-1.0856324410276417,9.68800048036132,151.65714821554727
Jcdcj,0.3335101285743682,2.0965175866387664,1.8824983813410003,112.41255812092884
GgLdf,0.7559973062395583,-0.4662605687297586,-2.205334449180504,8.7512420971596
EPQMP,1.5026869119433508,0.3272201791412465,6.198765809109679,103.128594530032
p0PBo,-0.2827864278941412,-2.7480043709407247,3.7891816888484966,110.72542708838476
U2enz,-1.7155948603239664,0.2083615928125024,2.2917198704419306,73.92607306637112
c6hvs,-0.0050316733033738,-1.5442133795655868,7.419300518503213,135.92249842911292
QIdoG,3.0028622217957355,-2.8674315166430744,2.7608509413015008,131.49536463995736
esW28,1.6016281534674637,-1.8773153615132352,-0.0396270189345537,91.030819480107
73oYK,3.421345625585841,0.6834507142868419,-0.0842228744536046,89.17309017635124
K9nZb,3.0492148593214083,0.7231920923552605,7.401977471518105,160.159983111532
GzbaH,1.220896751041502,-1.0280100074651104,7.09363491565135,155.26559219621535
qqpS4,0.9360825079541204,-0.2331370451404267,-2.8666939343438,43.16420148167028
pZQf4,0.704839047937155,1.5953786335462152,-2.621863873121762,3.3271255240980198
GR2vP,1.5178212880216495,1.5151386046373372,-0.8143737201426564,151.30639981774831
F12Ef,1.7099901772433734,-0.7154265950129609,0.7195479785987282,71.78780445437044
em3Xa,4.673382454115966,-0.6669024983801121,2.3487393075766887,138.47570639614196
FeIYZ,1.963537883879481,0.8365145900338106,2.7448690192544527,55.37188652196622
hlxii,-1.1430499293233298,-1.4536133577084684,3.746348937514744,28.559124178431414
65oAq,-1.64534978432573,1.1113153908276567,5.229438621827004,147.2192274109644
2JS2D,0.8887877581998449,-0.5720568392314671,-0.8556094914076477,36.6415872126749
ORSs6,-1.1034942770091023,-0.3590880312363373,5.152607774545233,35.6409841830048
lGdWM,0.1315276725305414,-1.1048740112451685,2.9413177967944963,54.1743620078618
dvEXm,-0.4685318432418184,-0.0529553433275064,3.426828654338438,126.18063358645782
VB2pv,1.0901742070589326,0.4664047364562128,3.297807339509032,101.6266661895748
YUplw,0.976575413012526,0.8806745820301014,1.986587717438968,37.290551047772055
zfDhg,-0.9321573967764432,-1.6242717408519538,0.4221821224280936,29.720961611435857
HLLw6,0.4228030033450044,2.5952759150745446,0.5746108853110029,164.83184799943166
ekS7Y,-0.4044668283432258,1.1089485507397734,8.796353617624552,103.28550227948988
7MSQz,1.398376139208214,-1.949174600296228,1.2388424086636742,42.44780129070477
kZJea,1.664247037296345,-2.5429180385506185,2.3032673469781253,170.93011282260744
VSMQC,-0.4258593188980838,2.0901154775937907,2.790824651938149,68.9481724520564
8PUCo,0.5198901106057051,3.135193624236189,0.2805038563728115,62.11802415097421
P5mpW,2.049728356805516,0.0569875194136455,0.6115913747217556,106.21348246828356
Mhiot,0.7383859075603733,-0.4098931084469771,6.80635921009314,123.43421339111748
