id,f0,f1,f2,product
7Z2gx,0.9489703126822664,-0.0575468844407038,2.0957267062329183,10.038644639599935
b2HU8,0.9929741327304484,0.2066708998187297,-0.1422782908605557,114.55148851872669
Y0dXD,1.1998539918161804,-0.5633558253443619,-1.8529914193719,132.60363525776256
Mje59,0.6914223707567075,-0.4333471307800612,0.5649737188518813,169.07212548978427
yqXxU,0.420771665641122,0.972638461642098,0.7361897839838258,122.32518003597777
AUUYz,-0.5026867871833499,0.7296467615426541,0.5100634579160934,37.73533149859372
cVWy3,1.3589980189482185,-0.5698365793850787,5.207498017550353,139.2271906075694
RUKIy,0.9497834149872536,0.187695410152554,1.3682140706993149,72.49198684378362
oYaQz,0.7425099647565004,0.733056379796687,2.4034045839127764,11.465993485743404
etBTd,1.9113871966327585,0.0238123935566775,2.1639155524582527,110.56203052224912
vz0VA,2.118216222394214,0.1259065575312309,1.717804864866536,84.47643904816661
BM8ij,-0.4327227405227023,0.7978413578683523,1.32488441090613,42.3174348905272
Zys6B,0.9633810406940826,0.3883935403258924,-2.4425940503027936,17.518542969114705
RNUKE,-0.6656929346949872,0.8589361052155388,5.78144762931737,134.2876337597642
PZUAw,1.1361146494945062,-0.5148474749613733,-2.853445733745533,27.337955302797912
g2H0a,-0.1329635092810714,1.1088532367851829,-0.3398095455260195,50.22418286212166
Hxhep,1.6827971582404238,0.0077857219485437,4.932285074940046,83.15477056099004
ra0X2,0.0173862294867218,0.0593351636823832,-2.5399699036057006,57.833131118288286
gH3yX,-0.3905109986385149,0.9022313831409232,0.3657125203891583,94.74134049905284
zJD8r,-0.4172217681648552,1.000428526470334,-1.7906550012220697,106.12556950679802
WE3VO,0.6368152193759581,-0.5602387683869393,1.582598859906352,66.08452254576898
ZQXbD,-0.6937560034906729,0.666311133575302,2.9201377141594604,29.629669306970545
HB97h,-0.7111599273843431,0.3570924306884633,4.113128192500676,140.1812618846068
gYsSX,1.4079839128050051,-0.4090110645736753,-2.6090654591794964,74.57814119701098
ZsX2h,-1.0241275622071415,0.3309358856290534,-0.2346405913093137,113.64595478918362
67M4D,0.1554658783857229,0.0381591731680386,5.740599472918676,79.07203204120032
aqqbR,0.0168799738061634,1.0438730378788013,8.860029405979368,148.79588643576528
ytng5,-0.3032304339530635,0.8132444814469253,-1.0535586585819594,106.4093790152431
LIlhm,0.3857090294052028,-0.1598895004363114,-0.6557993905262083,30.93267535403586
Nk6gD,0.457533720266761,0.8743242069450501,3.1704741959247458,86.33898802073004
II0Id,1.2054243435154954,-0.4230094039786324,7.937413773637044,127.94843609369732
zHdt1,0.9815828787809338,-0.5032263135632644,3.8637596661785087,113.3877616813027
WaBov,1.0730309846479822,0.1930882618348604,2.4982448767027883,30.86006127342675
QV6iM,0.2435831941176244,0.0533695384699436,6.627417344858955,123.67429290278665
DiJuh,-0.5276130291437547,0.7842041498182191,4.010808495478474,88.0532681252633
s0mvK,0.0115837276545546,0.9920894686589392,1.718292176722558,103.86868332618866
veuV6,0.5882946260168608,0.8163692698323584,-0.3736520077829524,59.385904884034005
8dpY8,1.960507458855452,0.3732607388298956,-0.1993367806422994,101.71045609263253
Nsbwc,-0.7446109752901877,0.4423970945950217,6.7494129096059785,108.23946369330282
hscHq,1.1536929147266195,-0.4798199239492246,2.0579773079475903,134.94276450354772
lCDbW,0.3418813890840797,-0.4430809468661955,0.8750854075840406,103.44211315841136
0IWTC,0.7352691986855352,0.264507576581715,-3.419378175655229,30.1721591107844
VfRME,-0.453927670317762,0.9339659200361302,8.15276821810955,105.02994058587308
wpoY6,0.0839645245178068,1.0220047447352194,4.264177262697347,113.46416016255208
luxxX,-1.0046653846218936,0.5146121060047867,3.6944796519659504,48.95345838760663
x5Hr0,1.7361303107921706,-0.0096774752720977,-1.6438167229081022,59.984803105444776
gmoGQ,2.0837444672332204,0.2366526722371597,3.1012771222637467,119.62987549579722
K1wOd,-0.4214560826821957,0.6663046479330277,7.029463444501076,92.70649057957766
TlNrl,1.9110796675973776,0.2511316287592922,-0.3295070676778198,85.39904749878696
gLCmV,-1.1900617718433066,-0.1114530922712715,5.14662387713542,102.5016045040502
AvcjJ,1.0137866766713133,0.4009978529056354,3.739111785449732,90.23904867549084
4QiCJ,-0.8103553281679249,0.4877628762610325,9.482845845817485,139.7100505586792
B1y5y,0.0176364488946564,0.0855098950893335,-0.4740644395683995,71.40556103378299
dTY98,0.1459350318550626,0.1813286149910705,-2.5682108149145653,100.89827552577506
W7C0p,-0.9826659264223128,0.1872505682663978,0.221397238093106,31.65897430651564
N2acf,-0.3015549716773207,0.805686747875759,2.9456656720077143,127.9683515486052
k8sr2,0.743949454753688,0.6297503779639968,1.9967047242840752,48.73455030661679
oAMr3,0.8116857195882371,-0.5774495351460246,-0.1007828126460297,63.83228162893421
yzjIH,-0.1951892850640481,1.1119446202825172,2.223137759718296,132.763832473425
sVT5D,1.200967358693207,-0.3891320103006238,7.177781623981937,162.55825636249807
LvYin,1.7973078089723982,-0.0961387083929508,-1.5515397319764768,102.0575739489574
Iz4rM,1.0545343705227452,-0.4763581147735916,6.910076323890647,64.30391197678526
tXLlx,-0.8608651296250203,0.2791358947442061,-0.5580079033400334,66.27590466823392
HmBhc,1.6186885724281483,-0.1344773720055655,1.4928744609784077,163.14290546712172
5LJNt,2.00967529670366,0.6236703510200611,3.2144967280400607,105.48470662641984
swBnJ,-0.1591174311474165,0.5458729264421189,-0.2632406532873306,100.17846774204004
PmWZ1,-0.9409015473337206,0.2908455316624374,6.004434586382947,77.31911219143794
rxWdP,-0.9917920508933472,0.0729581432025952,-0.2593975253493843,142.11642439443628
wrurZ,-0.6837426411874991,0.6007985947320476,1.5639924924577435,120.41429037399726
zi61c,0.4444778565698888,-0.0826086183690235,3.4034914301881454,101.37438181838785
fN3ff,1.053190831233562,0.2885852620746318,0.8736806060574247,39.2156543643922
a5e6e,-0.9486510269396896,0.4191194097277941,1.4249757629241446,121.36891015452666
VTWOE,-1.051281364821613,-0.1322185390380666,2.5165387348789228,9.684718443994669
ksfM6,0.0423111763694304,0.3010956856475288,-3.3581438653218205,72.34785739065684
RVua9,0.5622760280337933,0.6790436161729646,5.753560452509691,46.25185266987074
kSQ8i,1.1045660043922796,0.0050596079624037,4.1236341231603095,149.25190593758563
QQmd2,0.5795555494817908,0.7332632037167501,3.002038609371347,33.92149630504655
caBgi,0.930949061975808,0.1035172250289971,0.1591740313894421,28.75308098717818
CEKKB,-0.0822152507522357,0.3616139041819949,3.3320991037720544,95.33093786760897
uUh6Z,-1.197696796035541,0.217882657710046,5.286769526182598,106.38637028962344
Wd6KN,0.2406598534189383,1.0116212887257814,3.8905396463242488,77.07043751022171
hcVac,1.7392909245160575,-0.4552460177862893,3.727327045146469,157.0081398163861
BYdvi,1.8157137150914653,-0.1829674197385745,-0.7437889456335851,109.02924076333224
6rfmt,-0.697576527993559,0.6409516121037592,-2.1717615908470687,46.58199116283164
yOBh3,-1.0617554937806093,0.3122254212656402,7.168308179379468,137.7740531311294
SFoAK,1.7533538201618908,-0.0332126353651384,3.097960776647377,119.11481530671732
ebyoW,1.8371884319438965,0.4362267938066878,3.823941078304116,86.57145003163863
1LwB7,1.067215476640269,0.3579591087757103,3.1667037939212834,86.65824577358353
vtgce,1.1568824200198942,-0.5120542795033739,-0.8407172867191339,48.87960433739883
2uUSQ,1.3937175754576514,-0.2436426300113005,3.3345248673862904,64.49236116699328
lJ2u2,-0.6576861052824687,0.6575072643905877,2.0735058200289087,49.908370566518784
zc4aW,0.4630814937644217,-0.2765953076028905,7.449807465459912,142.70760865290293
a1Ndq,0.0288237212324631,0.0955631209623522,4.5077599001995,152.02404312236442
xsCgF,1.4877863310430777,-0.2782501895578863,3.0717087385418416,125.887339592924
dzz5A,1.445514405084137,-0.4222242986147671,4.307464516129103,29.69469150187639
BrD5u,-0.8877453977720602,0.4112930919679685,2.271665751243542,87.50467167220938
RIUBQ,0.4205321495838175,0.8235081564405516,0.962186365369194,79.71036392264531
gZcxB,-0.2345137082739841,1.0494099284174194,3.640376449809963,35.27332623043952
Sh9p4,0.9637936742851604,0.2335940183474077,4.2435549279044125,17.579752321052688
qGorG,0.2618174151664554,0.9197071242265802,4.971264690221691,86.99115286452106
MJzOU,0.3940879537092753,-0.5214972159028513,6.467344224574906,156.81871136048983
b3YoF,0.1456083473657405,0.1008684702343443,-3.862453561762063,61.7601957784085
W9MDh,-0.7162948845242479,0.7956197736915541,-1.7534015119520854,44.92586409242912
yJAK8,0.8015569850812446,0.6000568588914839,-1.3522637461583642,80.66650012088486
FzAfI,1.2674160994384231,0.1132252112945505,2.8174058378656466,159.26173516108094
i7Xip,0.1473550396733158,0.0154121731904342,7.875495253670085,112.11807295375402
jl6du,-0.8155992773950372,0.7058137666526088,4.098710424757152,110.08867832138142
VAUm5,1.9868416832453013,0.006769058003083,-0.4287250650779084,80.5431754476143
TLgGq,0.952743569509416,0.0776800154686094,1.3287617938323688,139.1633185574361
L0YPW,1.5297502876558793,-0.3798304093853413,-0.7392749199915061,100.17554163840111
WUTnL,0.0001740763534358,1.0554149859737405,2.9246440614477693,152.83585868293073
HZBdF,-0.7772294109696923,0.5417430461590313,-0.566657533481172,18.73244645982493
JfY2w,0.1094197059138464,1.0296569409432257,1.875069170162152,8.736103078304861
5e4Ce,0.0617948289793672,0.2417635045090766,0.8433347087590066,100.8484415889164
eZI6Q,1.0286383491322746,0.2313968534925894,1.9310402314686208,77.96306631845677
2JbJI,-1.0996892339339588,0.2838840166135085,1.7655916589388527,56.49524087745574
L9chG,1.3412068423057888,-0.5727570831397137,6.865014579603892,86.63282680525684
VwkDq,0.7552428537140506,0.7580478874684886,1.7548847160716303,108.31257764666842
g2avr,-0.7878207158987071,0.5820275431426764,6.138833848803072,162.06367993389603
Ih4wY,0.5518665135908379,1.0751983634935127,-0.4510634699483305,63.67845291626074
XK0SL,1.6681182158096368,-0.0277104619536071,3.2867822248212017,109.87367809750312
NDxtB,0.3368658475797621,-0.2671154871754157,0.6103758933688953,50.55144327477225
PCiYh,0.2173270157694667,0.2855726177370712,-1.11157156616692,92.74362906150544
g9n1Y,0.8980535116343422,0.2175680182173264,1.5716108886466502,105.07244855036907
dsDW4,-0.8865148987298106,0.2925197329690715,1.864428573129064,77.33708727418689
I2VrA,0.8625033753666456,0.6076118605133403,3.270026712565084,10.73992897674202
nkGJG,0.3888010061507623,-0.0052095156783057,1.5542722435257754,130.1947784770761
4zPuM,0.7210749838602326,-0.5876818406115969,3.8378258298501686,180.90262747087408
5MCU9,0.6257787512867238,-0.5964807762717059,-0.8593947082111508,55.86960730040552
ZOeyl,-0.3364349213066806,0.9453354136366916,3.9741130558799775,58.54499454473897
e6smL,2.0775408556540453,0.4315610255537361,-1.6929060067784858,135.4396065548136
qhtyw,1.7657798464323151,0.182259023928427,2.6389778781300683,48.94974988292945
jOIrV,1.3219453386156956,-0.7494594126863292,5.849946796901671,166.4589314185121
0tesA,1.2619017504933698,-0.4247385811703034,-2.5967983403236152,87.2220417659102
eoFnp,0.3685245323399001,0.9695064886025436,-1.1865263863909223,17.68119082649155
GLTsV,-0.3513795170079253,0.7391000304911103,7.084157129100215,143.75075773470124
knHdN,1.074130358052802,-0.3597257169223757,9.196529971367218,102.61851255160744
a5TLy,0.943767624185126,0.1805993365502741,1.3607962608580997,61.6719168462585
CP1lN,0.576385664683932,0.8643001685045566,-0.7723164359578694,34.00465670413468
dwNTA,0.1769447221326467,-0.1057932829456563,5.765354424258983,85.63411952048158
qwRSN,-0.6812345322067496,0.5357734395106134,5.131735284139348,109.856515152837
n4yBa,1.985609162389809,0.0180785587567537,-1.330941123481435,90.244645267818
NqIPO,0.3131913498652681,-0.4451174077136945,6.004958382773364,110.04533043609992
LgcOE,1.9297253778941847,0.1300160079172231,-2.449780784375593,78.29738169959944
E1v28,-0.0192526529863046,0.2934124730223547,5.977400591419934,135.07675740215487
MqS6A,1.8683870825316125,-0.2871546634388783,5.722172730549248,158.60834575656463
lUmv9,1.7700426406320369,-0.25297402748436,4.181771760050904,112.23275050219696
MpIxl,1.8944524716562456,0.1247219527835959,2.31624282262519,26.82124751314611
MeKRF,0.1647584012229744,0.8759571261318847,1.9268854786851524,115.5559640692519
OwRlV,0.5115568111064621,-0.3681304591927478,2.116187760267334,86.22844085529756
VypdY,-0.2006892459974732,0.8390523427491376,0.4544931259960434,80.94014289061563
H1ZWK,0.3899596070570087,-0.4330112289075179,1.4282194060369735,124.88567404676658
KM9mQ,1.2824074418772635,-0.5104206983631762,2.24762989656514,49.6090576297555
hcftM,0.7160135629397338,-0.4810218379149858,0.0692980687329762,99.8096979120302
mAwvR,-0.3306451427297253,0.7730069871794162,6.712488581292964,88.56664269692574
fMNDi,0.501844198368024,0.7617553710487946,-0.5593275420036381,65.78217078139009
s9kld,1.0108310605212127,0.2433202887800507,5.750152734665064,106.90510722956674
NDkI5,1.1803122137429265,-0.4497283699521677,7.655304349357189,159.6553321415663
DkUMO,-0.0335843732942466,0.5845942262600269,-3.936007631269829,72.40098318901904
rViHB,0.6341899840644131,0.5999715861072148,3.3944956849355283,65.1255492072471
BqR4D,-0.6144257423751338,0.6948267980362725,3.868960328872008,129.79585220605253
jyIWq,0.4646108705051914,0.888437409963935,1.0400838162834318,104.3380259354592
vmAMX,-0.2958214193462141,0.7706179458905877,1.4638480852184994,159.5201740929197
ssFL9,0.1563942585865523,0.2065546143158629,4.200660717021736,179.1404154618409
HYUQp,0.4951511310247858,-0.5056384268142735,-4.055353721884259,78.76373118884992
TNe2c,1.9129792026073555,0.3188761042738091,4.868459975225711,123.1768875212252
nMpy8,1.1928266702615764,-0.4400258918535724,1.7097195999146615,153.42563801303737
6XcBU,-0.3285738756762642,0.8941240526691141,2.973157590758898,106.8265962755204
6VRmF,-0.7501280402419047,0.6974842286970407,6.934168097191647,162.27050041108433
So9sY,1.221438462107885,-0.5553593333644247,3.7950771233115295,87.41070157476682
KWPhZ,1.964597549477436,0.3712702427816637,1.5781168506472911,125.92594173975245
q1bv4,1.6732372797838022,-0.1752983168476055,3.5681715120744544,49.671660278357
M6m1y,0.9248423531639904,0.0548743584886775,4.747671867805394,131.24429362839652
wneDH,1.7482424482262502,-0.0302789904401779,1.7521851977924934,50.90639271167352
QAvHg,-0.7279622235895105,0.8868428959666629,6.915850973409878,73.00049839486937
nypfQ,1.0307584234978673,0.2947082488526273,1.7310683034524048,57.50093697895453
Eew10,-1.0158614020187375,-0.0906514240341541,7.709642272353445,128.18405266564062
pVJpW,1.3400568154959842,-0.561406852993575,1.8773587730020944,57.3951660408727
M3qBL,1.971972727545516,-0.0291342362726304,-4.306375485692603,60.30326823004676
VZaYl,-0.9189668334305132,0.2913718576585219,3.6935851631406447,26.65556845238701
bLo4U,1.6770990501334522,-0.506090233012985,3.4375414397696344,124.01274368902575
XuOco,1.5482487666313478,-0.5202346714946998,3.1367160721217973,78.66348265998626
LEJDK,0.046771334057949,-0.108068986769137,2.7886674773055917,150.90930635553542
Gu58r,-0.6688722129083481,0.8696853694532217,1.0312641099320086,106.88834249752234
f9nDE,0.3154696579256217,-0.3764491156867661,-2.025756056591224,101.34304612834342
FmXDo,1.6463993851850494,-0.3162610099701912,-0.2956246982427785,32.08190459144065
Xx8pa,-0.3596065726172779,0.6743788960306789,3.423157319211916,79.32193880912045
2ElEk,0.2381233125647337,-0.025267477115372,4.691466661499692,148.66676784538754
PqgjH,-0.3189761410035309,0.7609811477540259,-0.2517764397556024,27.85351744883769
hsHSy,0.8037541128135007,0.2842140384434755,2.1958000565951843,59.49907337953925
I5rjx,0.7941600429874673,-0.473103614253177,-1.836216445501225,127.62098475345782
yXHRW,0.5720768627093543,0.929928513209874,4.759919979064877,98.64361558922003
LxRyT,0.7971727111745203,0.6023146916054496,5.284250299493072,69.4058261894548
L0cga,1.5803472888613057,-0.3144295719695077,3.6078402898856026,98.34706269094995
XbUKH,-0.0966118052054568,0.8787014759787425,0.8502728496702414,40.935846441836254
W9elM,0.929464460668072,0.6079733562357634,-1.2389728610981594,82.95555567315826
lLcEM,-0.3830452874345634,1.0813477061254626,2.7423177858681447,60.84247806276741
8NiyN,0.6321162149740939,0.9143500754956876,6.720626366576183,160.5842611895008
Yo9Bb,1.112169133555331,0.1170048719168411,0.2504867118360072,40.97054057524465
dyrQR,0.934750931843292,0.2934336410857392,-4.069585036176574,72.38039293686255
o0Qjd,1.716468980411371,-0.1076914102211526,9.26153044986502,135.0620919252939
wsR4F,1.0904245866408446,-0.3609258929563745,-0.30429049446698,22.72078778338008
oe9tF,-0.4061019932506374,1.030639377886898,-1.2491614775639106,56.45810916066242
EiTba,-0.8892424230431506,0.3802215998016674,0.4006008656628024,59.02981197529701
E1dTc,0.9340801014800828,-0.6164779743478108,2.6365747870772545,154.67652984916324
6hvMJ,0.7890921449708845,-0.5385257952339944,0.5969151050486771,32.605311850418246
KooQg,0.8233246789356747,0.6786029683049313,6.931840882645783,105.61916548545452
reo71,0.118050887761367,0.9711219301635106,-1.5960747968314588,12.569998288879669
NEIJF,0.4186457203605083,0.9089823601322456,0.9719537359692154,48.56909257979871
t5dEt,-0.680939841870252,0.8674320895221955,-1.664985576871124,16.09605318290471
SGTMH,2.007394786463017,0.0146455279099557,-3.513216283326248,44.55801973953791
5wXVW,-0.49512439587532,0.8496871013757998,0.8465074777529278,21.21943145305298
PQB15,1.2344187917613916,-0.4237059200559595,2.773107170554121,145.66894253876012
qO65b,-0.011831583521652,0.93653136612266,3.8008462862327774,31.123651995860968
WALSI,-0.0116092370516316,0.4786229664556987,4.21677319389463,25.88105702812997
3Zyu1,0.0049282208398802,0.0791777826844498,3.761566257455289,56.0366748787546
Eorp0,0.4773605030490341,0.8942199379780603,-0.6047615983279641,134.1158044786518
HqQpz,0.5590630434617082,0.8112860248994198,-0.6960125341278399,21.650852512737668
kxHML,-0.6178457762172131,0.3315778608564087,0.5604974298855603,61.50968729930638
lfgbR,1.8537838756560856,-0.1535030576627387,13.585450323467237,153.63983708843298
M4uU1,0.4505608275550342,0.9680954905518768,-1.382955854135404,13.284360567446374
SP9vz,1.245121790609464,-0.4271298969641203,7.639435939100045,181.0276151016117
PCqIn,0.9939746805853956,-0.5315979859507985,-2.3798761000886115,56.51194138742069
2Uojt,0.3023038872390247,-0.0773301166323853,-3.76886956730236,53.51339904963821
JJatA,0.7732593345283065,-0.5488241101348293,7.764121616741015,155.42338835036483
Wnv0Q,0.2765355971318558,0.9959394489204204,-5.420361103627036,19.468227682609545
2kagR,-0.7592358986130034,0.6753320723973844,3.451086420777693,32.37024784116957
NhGOK,0.9273591489383014,0.525565787363075,1.4161363762170518,58.605837887566345
tRy8x,1.8371008727144684,-0.1262152873218796,-3.813226354301973,80.0215672329195
jxQ7y,1.2507817804728452,-0.5283907508491839,0.6791276559931911,51.74628866911175
bBcgK,1.9349542306816647,-0.3272160603880485,2.548777961924018,68.70723295520756
zTAZR,1.9507449111417257,0.203606309363018,-1.121476690700875,58.25266209365019
Od8MP,1.93953492512075,-0.203830323383662,2.7038115618864405,95.28591136898758
aICNA,-0.6795193772625024,0.8503819224543362,-0.3638206798139021,17.468168262903987
QR7vh,-0.812202971979096,0.5384895904592244,7.292552899550624,55.59879951069111
vP37n,0.9722056297376396,0.2103811935403738,7.7412529452206975,53.1747155405162
lHTsQ,1.076549168580071,0.5734461755178076,-1.4218056263878476,24.05626439340161
yNcfn,0.1926878415715487,0.9706258003115708,0.559961825653883,82.8156052156625
V7kAB,-0.3390996393185158,0.8936501820288003,-0.5857811977301275,57.65479899812072
5EdyB,0.9477756238823758,0.4961062532909866,1.3643850874334509,24.31201303844233
hfevN,0.7474264046710901,-0.432194267288816,-1.449203553956024,110.30101455099852
z5HtK,1.6569429706562642,-0.2244116481864338,-2.5929739409709103,78.2838707605677
9Eyht,0.7369330289078737,-0.359976608134225,1.151607379488888,99.02366347601216
fqAOe,0.3854629787647412,0.95140754831755,3.867265397957116,2.3258044649042806
DNUxC,0.4686219629780759,-0.3657375347724497,1.3089166132212409,111.4622782888335
9LkV6,0.3966136976292516,0.9914284620996524,-1.3133526225325154,59.85945242361864
xa9I9,0.4270476721217046,0.8797190344261461,-2.428886565270924,61.09970201801682
392mb,0.112905982055287,0.1463504822788005,-0.7281248119339133,24.299276070512523
7MRoU,-1.0554747982724666,0.0462367515999393,4.064038824506606,109.351854277558
vkGHc,0.9460730401826348,-0.0291845625298967,0.0761568927141935,64.73917384761411
jV8WV,0.9680850865873172,-0.0295198387170222,5.381614319246262,115.98971108903685
yzWl3,0.1740193690143759,0.0998216236531171,-0.6491036100241313,54.34932854133954
eTHeJ,0.7446077471925209,0.5098560036994119,2.7013626401964093,20.064454696855147
ZPlaG,0.8551813141804785,0.7314029225773436,-3.3950344081456496,47.033735060885725
rrBXm,-0.6608945328340504,0.5269785633909042,-1.239423847535813,37.72670129951071
thnFL,1.8116357604304367,-0.0568073786688984,0.3638341593070689,71.9252731502128
KsGDe,0.5048840286360684,0.7231826926785843,4.269705053217851,79.0373779067658
0GMdm,-0.1789963204068986,0.4727822818295884,1.4146030117016075,42.93111896443902
G3mls,-0.8196895532063154,0.7063540140847046,1.1956894493288988,110.09041519305198
zZ3Z6,1.741068476809387,-0.1589305029419934,1.6230686000410883,84.82826197909317
glYEn,0.2163411125082792,-0.5158899319168173,2.533626885624476,46.76340114461925
VLXno,-0.9174407134385922,0.360719658462271,8.02594466163443,139.60023073186176
T1CkR,0.9140184716588796,0.3647350470508843,3.722434129357796,86.0628578455443
DV3rf,1.8585428351739448,-0.154168054313487,-5.110242507125008,67.93495717181086
LOBKB,1.9587388791980809,0.1285470092019457,4.705356423437113,163.65011935698536
whGlc,-0.8089854099541954,0.4160447105578393,1.3101319020415223,52.55256608708806
BuMnU,1.810938596949502,-0.1449038941754616,1.900013133842492,122.85785883572744
tJxrN,-0.6798306237957819,0.4973517145141657,0.757739123311385,40.91451922274732
2aLuz,0.0809797714134588,0.0447417356843641,8.780423281851956,178.91855048341932
MdEeS,0.3760210105143562,0.8187543280298193,1.8738093302041008,56.84302132459555
J1U5j,-0.9395313744862132,0.4160480347329208,3.3570188957353686,101.8242131012999
YedEu,0.1433641955972726,-0.0679211430436788,9.01266776931154,163.2545525933509
KClPm,-0.0169639746073993,0.0799696330293086,2.6587515388316088,85.94537297382709
3nKgN,2.1206073222615736,0.2156101616362209,0.8547425253544834,120.8696387426984
PSl7D,1.285328195934054,-0.5186596569416335,6.403901049909459,134.43534685382917
hqenl,-0.1986180365743999,1.0263983847270344,0.2459665716239536,144.83591034055456
2AsNL,1.5300759027845638,-0.1294642195390677,1.5847462686698548,132.68602110721142
TkV47,0.9850414250970804,0.6522941872261212,2.9439511467029083,10.261865658888812
brBBo,1.7002849552449908,0.0861337297388001,-2.1641560019919064,84.78323926342519
JovXS,0.0761152036331473,0.5865708588372135,-3.252748024303449,59.03482332567261
xpAuF,1.4003854214909273,-0.3416763072381081,2.3889747807120933,91.91209726344694
blmx0,-0.9101329935099162,0.2999184129059812,7.314764877382236,116.73809784878996
z0zgM,1.5704842487662731,-0.3658170000718653,6.276431335686097,93.69577600776408
KgtUZ,1.7594374689406274,-0.0276193499516611,-2.917643157520616,79.61421113683738
oIDfT,1.8866790042856416,0.0870394518698106,11.548653449130294,140.13665671263362
RhtL0,0.7373651256556937,-0.5351309940554324,11.170713239555583,168.64449513624348
G74Zk,0.3045591857623549,0.960274587949934,6.5298758121658445,102.86091172000329
ZSp5G,0.9000831298130171,0.3861767588281409,1.543202303636435,75.8297132540661
DlGsF,1.34190869250107,-0.692935563463475,1.9733559160425207,85.0646993768162
2LmAD,1.3515465387339225,-0.5211937404921081,6.547096099902039,92.18427611976004
Vtlpv,-1.0098442119008242,0.7157513523701615,-1.6923389793693009,50.0491339764926
s9b6t,0.281902165373856,0.8491855237569329,1.7674335145487117,60.76527948451974
0kwOC,-0.8727526381303878,0.2013506728593548,3.7369381491094096,73.4175186195269
Es5RW,-0.6259761960893664,0.8506483159431552,4.792934825049148,130.2225071316295
lWLy7,0.5188716957000327,0.8855362229521633,1.0924370949044762,90.46786920951864
kBDCL,1.9383374425976267,0.4635857524407262,1.3016499112044264,131.9660309265577
RYGl9,1.4288652192578268,-0.4505777677436536,-0.2382113560119503,86.62214433639454
gfIJ9,1.1814634887000497,-0.493258926692008,-0.3185306484338295,50.8838657359606
W1vDb,1.58024532113256,-0.2698562015063146,10.51968600744219,152.3156915749831
tIdl2,-0.014079157663786,-0.1417303888136873,3.9209928220916743,184.09932997114333
RtPHW,0.47765520540132,0.9693969433666572,6.699205936629815,112.55269164441214
d0AEZ,0.7057554559915435,0.5817509172920268,4.123112699080258,99.98134818736342
Xelji,0.2748566910446951,-0.1207899477178523,0.8265750082620749,38.06033029806363
bPKur,0.7990155358639357,-0.3624859894231103,0.2649218738189131,46.84992012315448
gjVA5,1.7233015815079826,-0.2116811667198956,5.1667718614720615,125.16730872711702
NnJcu,0.8616279006938434,0.2488289383368281,3.602424742179644,126.97463051074556
JQufV,-0.3856184763547332,0.91326558502342,-1.6280056732142674,124.03262883159756
iyLJK,2.112361255539697,0.3803569848104894,3.97937180392086,161.3084246248486
Bpu25,1.5224631411638738,-0.2821355511994938,2.319360018988468,50.3864094188369
DcOEW,1.9372493336407832,0.5636972767317163,3.91666779191804,86.71129965804943
vi3zr,1.9831510669259231,0.2931284442461324,8.487202265526314,155.8252728473154
WCvfy,0.9256919723808134,0.2916585732101534,-2.5856194031234496,34.55241377664344
QJHaL,-0.7684148619203659,0.4853808765425541,5.26065940514196,85.02763376241948
3u3zI,1.0261407959068949,0.3510303558702405,1.42394511041323,136.75789547579305
riWsG,1.0609467189209123,0.324493690762927,2.6375651978239576,71.87498705608895
8jjUK,-0.6609692523250678,0.9918498368405222,5.263659905648735,84.18804602110887
hlYK5,0.8103814506484474,0.5290879666797227,0.2559002068442055,26.513581939098856
1al44,0.1702847946747493,0.2812080635456422,-0.3936728672445407,119.3644517194125
Zpk3s,1.6737373259067652,-0.2148394786403545,1.2460853301317545,149.47375158281102
NVkZv,1.6121468558795913,-0.2808662680991135,1.1376463620311366,83.25175680617772
vg9to,0.7266129767251552,0.5472324189601279,-2.0467017743647937,51.22991299798627
RO645,-0.6938929825728694,0.6842889257982376,0.887975094242593,50.49879481480004
8IAzl,1.1102847978871098,-0.4581744330477349,6.109888152474952,147.4543408255766
n5EY0,1.7053209756119454,-0.1193933961342915,4.7911439430713205,121.89595124179505
1SPoU,-0.3185593829317302,0.8301940083778976,-1.1432821778780082,9.25116880991154
tgNpv,0.7946064306023572,0.4958638451617866,4.329162779598264,38.432093007243736
csFjQ,-0.8246618018200441,0.701632049211494,1.035521451114461,50.15412414906778
mmjZU,0.9552480245047404,0.514362610831107,0.2140837438231568,23.77815094269027
nasoR,0.9554215833469574,0.3347026868630292,-2.240598301424259,84.23749632024735
d1pnQ,0.2402674782015674,-0.1709653571460156,6.572814154703571,58.22491033788321
xowNs,0.6740275110592725,-0.4930759630723904,2.253882218479573,119.15296239275068
2D2ZS,0.2615783400288697,-0.0174805986490654,1.507892674281316,43.40216597100138
1DP0w,1.1801277673228927,-0.4662971651984848,1.3641750658963914,69.36253395462327
g2caT,0.0202217524265531,0.7902359088752872,1.8407492163122865,99.033390945131
b5yHp,-0.8603141308282117,0.2064662973835473,7.137204105160327,135.90079981351698
H3cSs,2.0795012114261007,0.2513954801337061,2.674399238769756,89.2843783108293
Xj0wd,1.9154832825243555,0.047120393229235,2.6179652379427014,151.40020045415497
zZ8rk,0.1288395857819725,-0.2221820665188411,2.2108724043022527,135.22674413339067
Taq0c,-0.940942879319376,0.4216412655303586,4.402322444986963,54.8991139676436
QaXoZ,0.8136913842909836,0.704174257741565,8.499647961815953,138.02329504922278
7Uvq0,0.6981036804564544,-0.4397088341544213,-0.3298886110630788,78.08917584653898
xqcMY,1.1970720276311848,-0.5801898167768763,3.497065710860172,74.8748964768853
fcktb,-0.5569558169897728,0.8988759029980568,2.8291422781608926,148.0374874850146
UX4lx,0.6611730146273372,-0.4532398933827141,5.194784783922524,118.6832398088103
5gkdY,0.8736740711352765,0.6804061680654367,2.112763397316729,0.0453351496936894
mJugZ,0.1116022492658976,0.3909265246362433,1.810966119302344,80.93705155126464
520gH,0.4007717852225859,-0.1738471715639798,3.5108545968126617,117.4144197097054
vwSfq,0.4644642900379538,0.7235722245836566,7.202756623969659,108.65733911942104
nO9tG,0.6254967741105536,-0.1755363248643274,2.1055394416929007,107.7971126169803
NgLps,0.3246260015852636,1.0296399162839711,-0.4177984577177303,75.4993772025528
2RR5e,0.0707648652723337,0.3664999126227476,1.095215652531335,46.21323510910741
MTCIN,-0.7144439426607005,0.7863157123274159,1.94852821098714,50.947650275019065
sHimc,-0.0324894278772345,0.4898521837627887,4.972328414704291,149.64873641216624
TrOpp,-1.008050630470296,0.5247434154843077,2.8297788671410222,47.94596362233302
tVsz6,-0.7724518581301163,0.8296589919169758,3.467007983288764,88.82139144701127
ahIEY,1.2490677276193969,-0.5240061108352313,2.5991633775023057,122.62156326733684
9VpzZ,0.7302428970397499,-0.4844356108990737,4.226157519301843,133.6456214157416
8ISxp,-0.9450871342111312,-0.0639596210821153,5.386200961094384,65.4280147044899
6pDXg,0.8337822021251445,0.4294818751384006,5.801488113593372,60.148529733399
TcJuJ,0.9402471375590408,0.3337800580073557,1.246517130448727,10.044316126619918
4ewqh,1.8450723755915084,-0.040299876147328,5.0516806550652165,166.30857082207586
xGE2X,-0.4385330457307949,0.8208318164415457,1.6391689984349809,133.39948138658866
TtFDG,-0.8745949244522364,0.0850406819289387,1.162085691847937,28.35975094530154
bsJPd,1.9566431908650856,0.2400595825126862,0.8562366806325725,138.59978358029898
ruR8J,0.9513431552386756,0.2121477690052942,11.670685351444517,140.11505755403226
bhJHA,0.02877591174664,1.0375301131682535,4.626084950483085,77.16433805038157
4LYqA,0.6226018561204301,0.7024036743226865,6.47494946602362,152.57745779895131
CfaXj,1.6169689494137296,-0.0950272725161136,3.8527380708340586,73.03715916293352
4Z5yX,0.0688471268459704,1.1649178660196358,2.4542345336877367,38.62750006717074
QSnBf,-0.0093207862567251,0.0272037071188671,3.3012796627603413,88.79736672263276
ks9ti,0.6877986028369366,0.9044975477016918,6.127184071372403,140.30725809508291
1OQii,-0.5215365461802021,0.980854728645134,9.828817878066488,143.8203878977957
gJi1z,0.0634153863504295,0.9276040254821548,2.9558189926364755,101.9071297733316
IFLo7,1.9164900024311764,0.4493752225461441,3.167010833908419,130.07877883137485
VIqMX,1.1272759562769386,-0.6048832491244669,-3.0919787877239435,26.31833241387988
bwiAZ,1.7888052993194588,0.1155213660411787,1.4755352707651517,100.22340679533713
SiBSW,1.846605685029716,0.2095144411481553,-1.8815764864224465,157.58996788533548
BeEMW,0.9275621751497284,0.0604373616458292,7.6633961663041426,85.55878173698886
0C8eo,1.0188768255234195,0.2205778147423125,-5.762935288897765,5.788066249798452
Baotf,-0.6592046789504693,0.8500777765731673,3.8995171733237015,54.43465268075861
FDth1,0.0948907274488536,1.0493582085095756,2.075448463781565,32.40569752121365
hY0w7,0.5246135525554652,0.935975196941828,4.01400281439147,108.8902102682766
0m44f,0.7824662391998864,0.6428878090055907,1.6774727319993226,20.63259553042304
Q4rno,-0.4820114765495367,0.9239273952193456,2.1570320230836715,52.30475143289897
DkvmD,0.2872965854284801,0.7989149863677686,2.408645103373732,47.14345774632965
WmlTB,-1.0910044386592108,0.3287085621284287,-5.395914127656615,25.99781133981582
0qT0f,0.94737250760515,0.4674643855848876,1.0365436114991102,60.59127223849432
nodMX,1.9300256041355803,-0.0005871967665345,-3.4262242158409437,67.70803319240545
Y26M1,-0.8025883432151132,0.3011767368241934,-3.640693154831522,1.7144091183620669
jyiGJ,1.9917937907850736,0.3395530439108375,5.447902206582541,144.60578684543304
kp2FX,1.313309143565549,-0.4986218615153577,1.093703814306162,72.81750011084546
24yez,0.9256597114310152,-0.4138641828671809,0.5925574083762455,102.85882663627586
Q4xFp,-0.3414281292765494,0.8460720078891211,8.685733485759993,99.77891411857604
cpqUT,0.9670592142489438,0.499245397067668,-1.2039975776273604,127.190815474646
NwOkg,-0.9399418649217954,0.154575711476864,3.224861270443253,77.83097598166079
w03b2,1.0593458702580594,0.4630930071690768,7.216341187088267,107.0171173135274
bMqoU,0.9491684304317048,0.0600376100456809,2.0761059479368056,61.92105162502926
NbY9v,0.0223706366999312,0.0983551987331109,1.5382461977658366,136.7384521888172
u9Llb,1.08755723067024,-0.1105317470920341,3.085982144436147,80.08689259934107
BdnY2,0.8298379982637757,-0.5305352744281595,-2.590301368444047,131.63911917385826
EMFb3,0.2437104561577689,0.9060723818005696,9.176260051427288,138.15962736728403
p3Itb,0.5192615722008989,-0.4634571677233801,1.5559486115270842,154.33324162448457
658BT,1.1074427190124898,-0.5965737689864458,7.759421137333653,122.07518663680924
jHVhX,2.04590100078996,0.4639979815411355,-0.6449439422721585,58.99521486504641
qA0mV,-0.1900480493977128,0.0961224701105411,-1.4466987589528155,67.85146911427688
PadBq,1.6093623253827718,-0.5434090997122867,0.2414590550684674,131.82684505997878
0Fun6,1.8019885376971003,-0.2037389031253409,-3.033618035719732,39.625100127619326
dlOsH,0.456695749356305,0.6545523469129613,2.8559152053725807,145.80889208622446
CrOIc,-0.7580309186056324,0.2293853235379916,6.574519585967446,151.49706578003602
AdeeH,0.1616145643866087,-0.3239323278735605,3.711461250794786,129.05606107435744
DURCP,0.6422877152251969,-0.2671451555984351,5.315016006182387,171.1421800283694
neOmt,1.4494073202878597,-0.4695036248925675,1.4298838991558314,142.8440220733262
NZuHN,0.9602081783861596,-0.5921219098200972,-0.2580698487296873,155.7994765397843
BM7Bi,-0.0027944823217251,0.205050842270604,9.470505017258292,176.40597808454604
X0XtS,1.810602238271432,-0.0303295034702844,5.183197832760102,154.55222375022203
YW05L,-0.0313193646256085,1.1240887922163096,3.5237799205231157,102.68819827871268
Wx4mB,1.039641234562,0.2538152057365549,1.3654376218337092,55.46245752544348
VPFwo,0.9395822823325468,0.3766137996253512,2.343975156927286,72.54633009206913
5a6yD,-0.1281769869329162,0.4705046590314202,0.036983855447243,148.9725406284916
ohW9c,-0.7598311303535921,0.8324226721761405,3.1649604717506654,114.24262134679786
SA2yj,0.7109721804454504,0.7564199240956337,2.2755382775859667,156.30147501981816
7cZIf,0.055849371789375,0.140549813286729,3.459141060323337,78.25681833497642
R1qxa,1.873473707197696,-0.0391456372904025,-1.3219714276082135,43.04641880833808
xOXOG,-0.061066137220165,1.082396527277011,4.172778351224551,33.766769523811114
fvUzM,1.3774192444093454,-0.388719379985395,4.393382997109812,179.32495444373345
D7Wnd,-0.0700503800017666,0.9422332849199984,5.653190661740969,95.31032629984516
CWb75,-0.030265810891924,0.6655982683321746,0.1696818553788044,98.4839973784693
w3FJs,-0.1296071965227376,0.973962965991215,2.677712400105705,128.76198186990771
hHBU5,0.071887863601406,0.3530133475365351,0.0750097957971186,72.99932145107421
sYilV,1.5768728543543222,-0.3778445589818913,8.13309203032972,176.58772017629
9qaxY,-0.300615776510382,0.8171337006069477,4.565243815046959,55.6619455068108
d6HVR,0.2288212250251149,0.090988849679473,1.8337461773757264,128.07581563690445
tNNis,0.0826069572041446,1.0213775707813215,6.145492708565122,150.0888439711781
PbYy7,-0.8153955725018461,0.5771797344626589,4.261531019044772,112.34479415779823
SHkZQ,0.6874792219067033,-0.4598124456022545,2.8029139357737245,135.99380265917105
66t2n,-1.0019147034132347,0.2913730259339329,1.0385042204902817,144.1534181172992
dpSTS,0.3209806976577281,0.971704119087393,-3.3405171814329044,48.73947878282216
m2ZUL,1.7349653582039004,-0.3250962195301738,0.1276829181773437,80.38004275320378
Mh2cB,0.7511146825757518,0.6276132958880104,1.5834620011602916,79.6240707288707
6ezfA,-0.0216376384417302,0.0806989306930902,9.418337178246473,143.7107839918352
J6EWN,-0.3875427123935048,0.8772907788283283,1.506709074117111,112.03408303776595
gnK6N,0.5851122378996519,-0.3401937892797847,3.265686474917755,124.68280375949996
ENvPl,-0.0424447603373917,0.3299339320337089,5.846170300210615,111.8847242366576
Ig6Jr,-0.5528700393015397,0.6480537921240429,-0.6374277709402467,46.37567742074541
zkiJ4,0.4779392641470709,1.1091889992793815,-5.453309001856077,0.2055816994244908
hS7dL,0.1567939217621672,1.0114200572698229,-0.0177383993323743,30.35821629041443
rLYOD,0.6575234263640221,0.8487601633822249,3.7814235018674935,65.0323330893959
dVaee,0.7822293659741636,0.6633295880284872,1.30055864944534,16.11819287692674
isjfs,0.7739442093020875,-0.5846166342547126,4.1619322344683205,96.8713623370204
J5Rjn,0.6815064555465121,-0.2176373516637552,1.5108966064554858,76.01190977153792
y5eXF,0.1772547775792369,1.0122928651929175,-2.377035350720903,98.5544489953162
7mKQJ,0.5169172956974014,-0.4681637342634091,1.5693144013590334,90.1262080715286
pAEe2,0.8725952977116234,-0.3365522790050433,-0.6397940011987502,110.40227285408471
huRzx,0.6852989366672695,0.4970888694296379,-5.281455474222273,61.08050650872849
yMSd7,-0.8792681721998714,0.1291981802057137,6.309735348175828,29.63540747941254
HazSO,1.253545529783867,-0.4195829568632033,0.3228907707286335,99.52225844704004
HDmuL,0.5278579863511621,0.7984735627422103,-3.123893657051152,107.80062946653722
GYFkz,-1.002331337219023,-0.1430427364504619,4.679123715388224,135.10639345867378
8iQgo,1.498410833576315,-0.641295854348203,-3.233925944199723,88.2364395722208
f4AyD,1.1190721178500709,-0.6652991086721504,1.6184862061863932,27.843188621501447
KOkfF,-0.7138816553799978,0.7230782113983405,-1.1121560909576154,78.21537425320898
4Q70e,0.8245775077130186,0.2187413576845613,8.589156548704253,33.05563761265107
3HAce,-0.138215340950492,1.0559982269789512,6.069914520685737,41.33104895167442
jLPTj,0.8672241399424186,0.4402540861793877,5.137719182308853,37.75098301280429
cQZrZ,1.0217202643034575,-0.4263705090964275,10.17426090663514,109.95163034542963
7PuF0,0.5436307121428589,-0.373481455860148,5.568506143122599,107.06766392671663
lzcqk,0.6562099606185507,0.6736083349865524,1.6367444719846898,93.08112897491866
UCO5t,-0.8874327294406894,0.067250073934411,-2.485256153069904,59.00213775553171
VQTgm,0.3285723166785442,-0.2692099716603496,11.417835701013642,146.5501376376368
8Vstp,0.0799907851260606,-0.3941117789669626,4.816140412636175,135.69236494364372
l0Y0l,0.5066343718637548,-0.6236645086332463,-1.274464544743965,53.97219391589966
uVOdu,-0.9179514941353324,0.2524486661553948,8.370714242692937,95.89447616267292
JPOhk,1.9093250101267525,-0.0466072646556117,4.112479292305393,102.1895495305023
nq0iF,0.0667639712951957,0.11308859244171,4.435646864149606,147.69086859380687
o2wtQ,1.6664744097741853,0.0401731025396877,1.4315460169364969,128.3224430263994
ytgNa,0.6333969407950565,0.8664092762288397,1.4601854538164345,39.61608342189973
bj3S2,-0.8798472045401109,0.6166702730531243,-0.0286720173651219,42.23188741132094
1BNrD,-0.9448234854713112,0.1568487581492281,4.201237565935468,99.91214123025844
1YAFK,0.4257911874231696,0.9030807147630628,0.0850502401356221,31.69073811578284
ffwKQ,0.026986726285737,0.1381808642530357,4.9059402065262665,146.3140679976656
frk8s,0.0172103075869052,0.4564034070525182,3.218765765530324,107.44065657918118
4W0gC,0.8504126666723582,-0.5448597181046542,-2.6819237131280182,67.21383348677377
8lvAK,0.6666550736153598,0.5944524916492208,5.492340606826276,85.98437411015509
TD1HI,2.185466061729936,0.4143176119880837,4.778506393899024,95.4477282470258
p93Gh,-0.9715810908878352,0.2042279132985439,1.1769385668624597,100.00980443362091
HxiRi,-0.0271552857768201,0.5120920670940569,7.837000482378201,163.2499460819608
9MI6T,0.8636065648345609,0.7654594724620791,0.5188862712340999,50.13326516460004
vVlIN,-0.7271645003947652,0.7494608423738951,4.192099718360311,133.49372639824247
XKncT,0.0352309365755284,0.8467791797231566,2.199202942255951,119.25317748868984
Hq1vL,1.8873758871998143,0.3971445210344854,1.3622405924117147,74.72655758742086
2QLqi,-0.0507822792605694,0.5197756863309002,4.992746662259234,94.4366791128659
TkK6I,2.035136093203799,0.1906276385502411,3.327962653465796,118.99463109811671
KOnpP,1.5072365819629183,-0.4457389789310568,8.168604069989696,173.24104983279506
WRjku,1.4980805462974598,-0.5557798169532481,4.2206174944923225,132.3370748294946
6A6PU,0.9113052815915684,0.4498756453215307,-0.1366089338413816,40.35372121128712
i074j,0.2717865220674859,-0.260365636319977,-0.7818144498500583,100.66875472454022
W9cwP,1.7844362097050113,0.2710550070822818,6.411427109855048,153.78202454350475
kTkqo,-0.0941709777016629,0.8584333238502019,-0.9323962368687446,40.82419758385274
QpzsD,-0.8600174945421876,0.5603655730841,3.832916341926949,69.86162316849712
eAgn9,-0.3472000577356017,0.8936787627174144,9.70749192412402,113.7383163282238
UVc9m,0.5501812586363708,0.4982402204406767,-0.6366683497181267,69.69287226618411
3FTlG,0.0279311493588992,0.6430904019714168,1.6798092051650424,65.38917868839168
u5zSD,0.77626247431492,0.5401201117764431,0.1457136584175846,79.26452616099317
Q0s6M,-0.523599069335117,0.6174708820059849,3.0479539544618555,25.563181255472024
yUZT7,0.8992230027068966,-0.0134832702035065,1.6614846070703853,120.45172691168136
rz1IO,-0.9328520255322558,0.3490000628104108,1.2543554568464854,70.46269106221655
SH7iu,1.5287257390617257,-0.5232793365558691,-0.5207720692138942,83.29215037421959
msDvO,1.6650641690818035,-0.2272773432505184,-0.743837189708189,87.01965466213342
12PUw,0.4278707108014228,-0.3967774431494721,3.0251571887108017,84.44751465321347
vZ7eO,-0.2359866541199071,0.8640713947638745,-2.9219070873192434,53.5333262452629
qx5rl,0.8780890649836419,-0.5245330932611668,1.4269095807523555,133.7338935203814
1uH2W,1.8258753337076736,-0.0298919743476442,3.990240136119411,108.8162978368096
FvKW4,-0.4777572857288781,0.9198346775822968,-0.1890230531119813,9.417620696738672
PokOY,0.9603180739429542,-0.5446637568138828,9.228022758353132,161.9247821317014
oExVt,0.5997279942525486,0.5687064333638332,-1.573685527949936,35.25770351522841
NRwxe,0.131868062474504,-0.0890402948154932,6.8568154937304255,173.5640981446805
E3bSn,1.937467193045702,0.2227669834370936,-1.3990020340829352,29.774501360038364
4UUn6,1.7466486168710442,-0.0947458568211597,0.8127601638300882,72.31881232359314
yMVIU,-0.0523380057207367,0.9546035314546826,3.262611514937125,158.50244125845944
ooGSE,1.4063237506059232,-0.4131960862507307,-2.4725461798089454,84.13629224500198
oKjGo,0.081759815191861,0.1070695925077607,0.242138616159686,62.23025400115293
Hxpqk,0.4716449739135887,0.8251610439945634,1.0411302851479345,129.0883794110626
chN6P,0.491572747290585,-0.4409571393518689,-6.106116009114371,43.43918725087329
G2qZ0,-0.3807067788344265,0.8545685984937517,-1.978806311667708,27.15544150212285
xIdxy,-1.011039156416163,0.2572050244132756,-2.4516616074980084,113.680925207565
PPFC8,0.1221013760115832,1.118620795749513,4.703095736781607,123.6506002920844
4ew5K,0.88384026256014,-0.4873901219806902,2.997864559795108,80.57323878360188
IQYG9,0.8215485411847825,0.6919498210088328,-0.0881846452483441,90.36523732377631
QBdtz,-0.4149210400809581,0.9360839676152732,2.786346445854755,91.79802417085328
g3ecB,0.2972828139909478,-0.0303830682331375,-3.0472787957289613,23.186102711368324
unrOW,-1.0712176252534715,-0.1281841061498553,1.3637091088585296,49.83583484747333
zfy6l,-0.9945896832945516,0.0570302466525102,4.597292122455553,69.92732807716358
nqr9Q,0.2544973115946929,0.968274922667568,-1.754454924941045,52.162549044628825
gbBEb,0.1081607364277836,0.9666816736403748,-3.2615116054927595,27.625950517249827
kwSqx,0.4486190707458386,-0.3893952234960056,0.4890394117376853,43.383694159503634
Whwj4,0.7894054285913089,0.3253667297744622,0.0940665194925285,75.45012962150449
abY77,0.6817319548817593,0.7609548808382459,0.4817877704169368,44.33634280124088
SHQvK,0.9929869755488872,0.382864866656382,7.4490574006911645,99.35602572496572
xuQhv,2.0783744229913013,0.3540645550394231,8.919163581236068,129.27689025877328
DKzrU,0.7244484825826717,0.096683367129991,-1.5294486973200334,0.2621534112064845
fvnE0,0.0058581484760258,0.2160587396887925,8.712877617200316,148.00003907931796
Wups0,0.0514269426239161,0.1985683869766768,2.7893994994962803,69.16712327829943
2bqfr,-0.7253022223184789,0.7219816592709012,2.8366950254293184,54.64467818662597
ia803,1.4828014028464545,-0.4399422883473587,-3.1681541197319785,55.88876041108757
ftlFg,-0.5821251869287563,0.7044326063689448,3.5389847246720203,125.542713403303
sQx6e,0.8153119076867087,0.7001047150120118,3.3140679388682788,107.25924865153442
YpXwg,-0.8273688118713202,0.3330481503360197,2.0381307746655217,126.6417066675938
qOe5j,1.9252427073079668,0.3943716632979529,3.6028257619050867,152.0137817168162
FUgcF,-0.9745359501791404,0.0058418311399319,2.122612733594852,60.78120039904711
cZ2T7,-0.8322841666366803,0.7394718830154161,8.911714235990267,132.79160411761296
7XlhP,-0.9635160545762622,0.3178187923814424,1.857445139519318,22.02684553709668
19hd9,1.7395079179622568,-0.4863665908629431,8.919790925255207,173.6444332697131
a0Lz1,-0.5596822951552353,0.8596214434418041,2.0914352787889605,48.71628666785619
vPnB3,0.6519736729497855,0.6195513511236148,-0.3038210920678959,25.14516136113495
4MpDQ,2.125478354782208,0.3026395161981824,6.914744453670881,102.11219565819614
8vOcZ,0.368142084365312,-0.1764145791051712,9.82769812773477,144.30260108849328
SHjxw,0.0476789411960534,0.5051604176795271,3.1740027868330847,78.07611630811913
uUaMX,0.4943574454542254,-0.3781803604239085,1.5821668461387262,135.50929843515416
PlECL,-0.9017832364658808,0.5000968108235605,2.482989611181606,22.88919112671727
Zn86k,1.174754016402079,-0.6405523176350743,-3.749359283736208,39.05777747137963
EVP89,0.1393085964723234,-0.0866791611498339,-1.8364289199811288,75.64787647767429
P5sDw,-0.9822072369014336,0.2725088387936333,3.744860745319767,85.20219445525612
VOCQA,0.6294681614714084,-0.5153135045305437,-1.6489809145985823,85.499298221713
Ptfmn,0.9662499719510054,-0.6094168929813789,-2.5369980823030884,37.38758235610259
5JIpm,0.7511208687146774,-0.632667176276674,2.2187236723352584,79.1611055114242
xxiYh,1.0518087281177513,0.0459693979128528,3.2434634663169626,90.59510392656183
jGTcK,0.209378608200928,-0.040190723577959,1.4983705893624724,52.2904885787428
tb21x,0.0589265231221291,1.0614770895456616,2.291085600595709,79.3784638095793
hdrJJ,1.3135851417163689,-0.4946463097835668,3.027825827218809,92.02689490685184
x4Kdq,0.9052478096756872,0.6766605618095536,-3.4618003756358178,64.63816411500886
m4c0C,-0.6911293753384496,0.6774403460191735,-0.4267691803189275,26.82559012410336
AsUd1,-0.6902589692835586,0.9546927680155952,-0.5272130059103837,61.4027541456733
XvvtN,-0.6360613145951641,0.8447933556222458,0.0361686951512871,110.039612881637
ay1Ps,0.0810321996846402,-0.068517934894916,-0.849944405405608,78.3278298360164
F4ej0,0.0292141289721671,1.011303932546909,3.6214457041519887,90.42938628275944
YFw4g,2.0108843500441504,0.0721813016369722,-0.9229039639907182,109.75033305595964
2FeQd,-0.624949100422775,0.7434780394584007,2.2097790751376367,109.70684460218484
S4hAP,0.5450294833934807,0.8516929801239123,0.4252600367534018,76.77231754345466
aljxP,1.539439220654903,-0.1687698981324267,3.3557662266631167,137.002221084088
Qy42O,0.4098003852906932,-0.3870841670110605,-1.371691505918028,57.649860686542034
E1SDe,-0.8536392216959116,0.8162542345699735,4.431543585749103,84.05768163531721
1a0wb,-0.1567155696226032,0.92479552825274,-0.5892692984059451,113.1614797170892
PuNB7,1.1240516886977936,-0.3953205967139893,4.3355127646741245,120.5381808019008
4TCBC,0.4402703358447849,-0.3049485046137104,8.858051193310377,156.85892446128133
YcRmg,0.1491875136555454,0.2491936342484001,-0.7768036747793192,106.4130101416806
wB8vA,-0.0624309704154953,0.273153696518807,2.687576700748426,143.47970113542002
FyvD4,0.833312347987712,0.4943826367995126,10.076073533912645,145.3016524209924
08B9K,-0.9927048252818824,0.0577269353208811,3.7455330725783513,72.83675215087486
PZvth,1.9789762582870407,0.4844101896132946,-1.2663126527149189,148.89823923659998
aXSao,0.3816812393827441,-0.043217962521134,4.492924145470481,63.30088349217285
ayuC3,1.3985893599185628,-0.3102761973422945,3.176126417226232,119.55325425118208
gfd5J,0.2591643376633591,-0.3026384621140499,5.434569302041485,162.60305704116905
7520j,0.7107507292297741,0.4857687428039778,-2.0591932394922887,45.410251579004296
Dsqsq,1.8175518022819928,-0.0361250259362831,5.385562184033803,165.94225893881935
R9W5Q,0.4526103416368212,-0.2756441382437863,5.1912451372605455,136.28629230251315
HI68h,0.6099609247200802,0.7645206288365447,2.256702877127369,149.90450114454677
gXbF1,0.8335533631089262,0.5894213405516238,-2.794882935995949,41.76186282011168
Z5jP0,0.623735156140417,0.6032117088895794,-0.8426481054372633,28.86003694364397
44KwW,1.8432541857714684,0.198382697191722,4.852004025483519,136.99101395051224
ZWyKW,1.9526756944803552,0.5266793989385928,5.421250764817424,126.3312421612913
SbCGs,-0.6065414030862281,0.8246079341524726,2.299049569045219,129.25036348739042
WE5WQ,0.8732374305131619,0.1124379811799102,6.903909878718291,134.82238087548475
ZsZF8,-0.6942002781230723,0.9194379305228588,3.9157404248878223,1.7706428049897749
xZAN9,-1.0665025521946148,0.2197992676995918,3.769739211516592,15.175559374290229
JLGot,-0.6945996505523301,0.6514379068403899,-3.0667838064639765,42.29317326307013
wuvKR,0.8873999893233749,0.6815958867557824,6.658197334289049,61.61453506543586
etrqS,0.1837933146302742,0.2421159775483609,8.027533395752457,140.4534262612054
f5RhA,0.7551727025034803,0.471285795557196,3.8367101635240655,71.18157361805521
5NMdj,-0.6802895764605261,0.8421039082012736,3.636840840370976,26.492054102257597
JUpMP,-0.8482500578376927,0.2856761826535941,1.3251152324251954,14.358296603279904
zF71a,0.2351666947457567,0.8444744064555083,2.97364303034793,18.649562500644645
RFf7p,-0.5415315946342653,0.8743332631061066,3.0855154012501185,53.5091562089271
8NK34,1.9287594331726248,-0.2263604398289179,3.383204441031332,74.5856970244117
aIZA1,1.5620245656702334,-0.2950476769297868,-2.6405409518713143,30.38637830765112
HnOTT,1.656999735132769,-0.0454401420525275,4.7411087974045865,181.1321326987876
CNL0f,2.189679050940448,0.1926577160665417,0.0743272491375459,97.14299961400054
F0qUP,-0.6754852881370569,0.5490068755529318,1.852485215554558,27.571695409802043
IusIH,-0.9355368946663016,0.2664159992755049,-0.6556048668318377,98.3768611802501
DuHZ2,-0.4235649876738801,0.7555997695820567,4.858753494602345,162.60274030804297
7ktjx,0.5039016575837607,0.9555844022991148,2.9991471925955624,38.71911942830534
rz767,0.6754429937524653,0.793195502843925,4.322465823611087,48.65996726809428
mnE7i,1.5223594758104546,-0.3393809933543843,3.0781661287134265,168.17535372010695
MwVSY,0.0929408244176211,-0.062563804080302,5.558678428394709,120.09490570716876
jhoZ9,2.040841738618328,0.2723610025059521,8.102242106875687,169.73893403063343
UqLRW,-0.7860997630487506,0.5530097688146817,0.4726972249144947,100.19257484648642
g2rTT,-0.8379444175523083,0.0420154430662957,5.06286517887126,94.697540178729
sHWU6,0.0193673169849745,0.3431248847633126,5.541223332159118,161.20204179359706
1nxjS,0.5745278471158294,0.9645279086110304,4.777377861522957,46.28575067222391
jaBr2,0.1344471894125867,0.0600909975921334,2.1918967382637087,152.67139934499787
25G3L,0.8962550561335608,0.404173763197435,-2.006104359478225,14.044923128965964
3dyAh,1.139601088683828,-0.558998445773216,1.5646409109953392,59.709838736900025
pGOSY,-0.219096932137424,0.9701478721824351,4.091294332816812,153.51201824809965
9M6ad,-0.7802710452596215,0.6774860973307815,3.5630073074690296,103.1608582391686
8bbRv,-0.8097557701969812,0.5613536018205185,2.432677391150995,135.78743746371853
VpfxI,0.079771285862039,1.097090910165326,2.8184460556078506,128.00465098662835
G5ywc,0.758802079717509,0.6823495493814343,3.375035040321405,100.6336232237992
VlbTC,0.5980571561538836,-0.3266199625676511,0.5618723904490146,64.73849888124624
LNaWu,-0.932463907734126,0.2729276634229413,6.937999551375331,28.16006634284533
QPB0S,1.2051226278089389,-0.4714064416123971,3.2523219689096545,64.67527541581248
TeoCF,0.3343746658741512,0.9384433676910582,4.80284977886072,76.15366274470895
iTOWl,0.8504584239324775,-0.5525646566134852,3.625681760728648,101.88475941788138
b3V0V,0.350913319815669,0.960430892889188,-2.2929810060460705,77.50319408773187
4VbML,0.4414213475849126,0.8538429702644026,-0.3738934061348873,127.10379315816743
BBjGA,0.9968591948559477,-0.4925871090713357,1.5614360600891255,92.45706180139544
ESpvA,0.996089898599952,0.1738520030301099,6.579366885028434,69.06296396620925
vurmu,2.0187912392830394,0.3688056382957512,0.8173916550658489,109.32918208232026
Uq8OT,0.2636445937515501,0.0310085412445992,1.4222832238461,129.2627943144167
IX1Ok,0.4408394580248689,-0.4136016872625269,0.2566493513812523,54.15221916725387
zIxxk,0.7494748816017571,-0.5552979697274332,9.082297816684203,93.75849731904933
NJE7e,0.0330546513121073,1.0155326065395285,5.981005324455893,146.36735006847533
ttTST,-1.0037983070157237,0.0566449170629068,0.7904782862570721,136.68775117057166
wpvCD,2.065731059178166,0.3464127791186728,0.0414613405520665,34.40785877389009
2fd1y,0.2177819734815384,-0.1592078066491466,4.6267603192083415,111.0602336730135
BxlJQ,-0.8555126930646824,0.6610779246574764,4.376557119136438,62.79750440985408
SlCi3,1.9265380773952616,-0.2136009162655649,1.4280098450237098,41.295221489938925
sZCfH,0.903703876781926,0.5369955916231315,4.773942835809344,107.6729353631312
puqXv,0.7935574808411713,0.5795143949177454,-1.149495157016748,48.241247841604576
x45eP,1.6734269379003668,-0.3338712616916663,1.3873324055270255,110.82743876375704
Al8fi,-0.7088053692766829,0.5025253427384749,-2.3843865682775487,0.9890253418661608
gslKS,0.4502612121157746,0.9196091604081504,4.201623708568855,55.19656256047435
9wzXm,1.4937136488031912,-0.3294118268905969,6.287311546162622,118.54746842603464
bmQsW,0.4066103459835862,-0.2598598180269969,4.02416357951444,176.73075450996544
QLeQH,-0.9760571728908688,0.1872383917023807,3.4772796400887085,110.35580232849644
dSLyo,0.8134563459580304,0.5672420079767817,-0.7985147142847002,74.41489306935509
G4N6M,0.1316469678057699,-0.0945027417610159,4.4425698535750415,96.4902054991353
G8Egh,0.5823412390388534,-0.5029921768641192,5.6715546910575965,85.53142535630695
YR5qE,-0.8375555442470481,0.5892348106352893,4.87890293058995,111.74781894510971
8Zc6y,0.3556409430387413,1.0130127981258337,2.544851913165346,100.02995756367096
5i5vc,0.5750890109456328,-0.2648892309637756,-1.2119889307818128,71.72894889589676
DHWLz,0.6883311817513109,-0.2700557729555473,1.321351944221712,74.16232952660322
nWP2e,0.4510733994241633,-0.5053851911887576,-0.5581549360617286,89.92382421411598
CEEsK,0.8016312884022518,-0.4540205970271209,0.3381274654588925,34.27522290077585
i160d,-0.371236188555252,0.9484129855463036,3.7570519770716735,105.9270106187434
MpHrS,1.7490177989282176,-0.1146037652858492,9.468553540673293,154.74880318098965
LHdh5,-0.9671879659717328,0.1032052706019993,4.758033991943441,114.26788439330755
KFqAI,0.6939164724518181,0.7968595182636073,1.5417173368280506,8.663902937000929
i9bZZ,1.863724308348449,0.1104101297877428,8.204940243464508,180.6879216204825
lRVGo,0.4523190544755961,-0.2808549185735995,0.9651796398184852,184.3509544918734
Bpsqk,0.7841339705159898,-0.5779823679499627,-2.344493751659688,57.07750040134807
is9uQ,-0.1056549903684827,0.9302999813438309,2.579224931627448,131.67274418785453
6bLPX,1.0609785295149872,0.3436518778689492,6.138805041154018,161.13983680538183
QUWSX,-0.5926199785516169,0.8263595107963856,-2.8580962989846137,40.06790479078985
0PVKY,0.6933441451828559,0.6310287586191665,-4.592539130158505,29.05378849671717
1uatj,1.3220274207241298,-0.2121039063273972,3.947798540090683,74.67654191670444
jbblb,2.1807665302991333,0.3567522671315296,5.193859669654172,142.34633084843816
9jcL0,0.4003661556347802,-0.4338799611818633,0.3146209740791916,43.315733579873786
FgywQ,-1.0068672492004649,-0.0418971114864222,1.9329757335036128,36.97437511389806
4zhSP,0.8434266729247223,0.6391977395937957,13.41366234594527,121.376025047225
EasUV,0.4775113544588953,-0.6984795032792726,9.247730553744422,155.5715519323825
nVjgZ,0.814511755169798,-0.4834597635530928,1.5425091437095813,100.83915725460956
gJ4xg,1.334891311061045,-0.4772190293927397,6.343329449147888,119.36117430257684
l0XZu,-0.6943145050635959,0.5769981223643043,4.013310837867397,41.76868814501108
SPuGD,0.3669113372004389,1.0546347838201693,4.197559276963497,63.89083656789219
2AFF8,-1.2193573777770004,0.1682861395575031,3.426392289263652,122.49474612374384
mxdDj,0.9862814199042408,0.4617995158978405,-2.6818268495425763,26.6361230426989
oj9Y2,1.9002078581287205,0.1632808124895249,-0.2523852481025215,85.18144833550375
3oNyY,0.3403890947106851,-0.4368561351637614,2.1285337278202765,152.450678675713
S7PsM,0.3551714713320109,-0.2179932557890763,4.137385574140073,57.76354914730161
0MZVH,1.5178987240814532,-0.6897866517387877,5.318502576249156,124.6337972268908
bciH4,0.1117521315423964,0.9121886338540796,0.7396639588856055,60.76329774587911
4zWe5,1.4830905378235606,-0.2276566899724698,2.6838476144290087,95.67097622866342
C7UrN,1.1313109793117595,-0.6112059650953467,5.485433512164833,110.75030635830068
G9mwG,0.0560522645838578,0.4240756381666171,-3.8112931812358335,49.9110138186073
E1fFM,0.4680428674912801,0.7081038616256816,-0.890768560647587,45.48656935582155
MGAEm,-0.7547493897624229,0.0385052013187739,-1.95681421619568,18.8368905448418
rbQIQ,-0.9222184329547508,0.3197746407966567,3.3082114692053586,85.81736225594092
OxmRJ,0.8166660358637576,-0.4482484690272254,7.885466992525207,124.1601700182446
QR1Ua,1.908779353762576,-0.1515463489295025,-0.2108557746029932,78.68249198388321
zZLEu,0.9602262869571608,-0.4331666674350668,0.3266945463989081,131.0943465576552
KIYuP,1.042875088185516,0.4113096091258791,3.034716447046653,12.244336692466824
DH1KA,-0.036269563379874,0.190920777772368,-2.6150362975463084,47.953779447717935
XMhgx,0.0198169110230364,0.2068067987528213,2.8329200974862148,152.28595743852495
1Zjx0,-0.7972740437474422,0.7375214750115796,-2.9305729778325675,35.515950756612426
5HJUI,0.1851751033446187,-0.0692920498427329,2.429699007085105,142.54674274955312
30FHc,1.4924622768712372,-0.3440877052826389,1.4165746885117023,147.91416100571453
TkFzE,1.1843480363955805,0.0056218755742685,0.2527335879248048,25.43685049417447
WriJg,0.461088198328507,-0.3740171050305065,4.978763440029508,136.50670500431423
qptcw,1.8184862912365425,-0.0105441686289377,1.1924173694451512,112.05318011753414
bZG3J,1.6558369984410988,-0.4736593765765828,-3.8464307483629385,80.37084770878648
tnRst,0.4936260562411986,-0.5864119226242859,5.052826534926795,51.11383128612882
VWYmS,2.0213043807071447,0.2360622398267113,2.4416365843137147,84.59459555199481
nXWwy,0.9113681760344544,-0.6061992953486685,5.491826689042864,176.6883531397827
PapYC,1.8376324303700424,-0.0801765466805855,7.792388732931732,86.8985084166047
2izN4,0.7516318211473096,0.6331205763601067,4.980806415772211,103.10749668236971
9zWgD,0.935055803191073,0.3445155155462374,1.5890640873775892,20.04829384471952
0ssFr,-0.7282126973181207,0.8037196529243804,6.04568601887247,138.2130850527778
FQse9,0.359090529668348,-0.4556583643410339,1.522190106483379,55.37711477482772
HNXD7,0.1407746720509397,1.0696949579532065,-2.6722327453006898,83.69192508337751
hq8pJ,0.746655321904532,-0.6457876935712783,-0.9531078340775312,109.46212151792076
IJFQ7,1.544800161262181,-0.1377101742622911,4.068672104384333,165.70651025671432
X0kRA,-0.7821592229193854,0.6367435425452429,5.445462851691917,128.66543664598913
a3v7o,1.219649628160363,-0.4609194980763239,4.080597483082458,122.78624871459034
uXPP1,0.2164740601953358,1.1531603582246008,-0.1625021172445471,24.751096012906597
cpwqR,0.0601938328387291,1.2862485844553373,4.213440166477044,95.79055254738223
flW88,1.7135464648107148,-0.3456254915998141,5.027139748164767,80.2739047828126
STv6U,-0.0460047692674351,1.2216028473574156,2.9606866274135424,38.895889593352166
ThHo8,-0.2065296733929809,0.8265785167930507,3.3295293801167323,56.91245159903021
xa743,-0.8412818353729151,0.7403686686711917,5.0299343356607125,46.17271185152853
nxhRB,0.9125073144535888,-0.5830474234582482,10.720417659863797,128.39250110742805
sz1cC,-0.890317874700756,0.5918033002799633,4.256816633187458,83.08540490741645
YZryh,0.9749993204037448,0.2182417306028308,3.1320624699492274,52.33470623583154
dqsRE,-1.02318217615346,0.1397060693099543,7.351525140865441,85.85589343649079
4mwPw,0.0384421721456311,0.9754466960984234,6.790045428019528,98.54864025681547
L5Zf5,-0.8801162850880119,0.4641535953480424,-0.6303720812271274,52.51794553407607
5kAcj,-0.938320009596685,0.1629544894710308,3.520716595138364,127.25972184069856
CCRy4,1.3692382862663133,-0.3628506106633865,3.158305449345503,123.24331091302427
EE4rL,0.6411156101376427,-0.2930860003535353,-1.3162038108376408,41.5063370750306
Hm0Gz,0.8699479642111168,0.3744557644490011,-2.06079387165312,26.123070182280067
NdjEW,1.172845843526612,-0.4864905875316171,3.740539069385224,94.50329694509745
JPkzG,0.6968288582433128,-0.3916592312657405,4.774882023592113,183.7513891416444
LOY66,1.0102046459649758,0.4046581898841033,2.1101635807470074,98.23901932520012
WPtHd,-0.3654332504654739,1.0473730740371705,-1.5596389409890865,148.16636938031115
JdNHv,0.5928861183435682,-0.2208836287421463,-2.244898126253112,29.543676968390987
5M1LK,1.0311417524566893,-0.4771628771095561,-4.5407874667984816,59.5431503569632
JLkj5,0.9642494312032666,0.2033227302432724,1.8477978713103167,126.07533683446523
KzxT6,1.014897096476322,-0.6091130390144449,0.0771499343732302,108.0613417091734
jvtrD,1.9719712341608608,0.2174047011265759,4.796986467859668,181.64597082213533
bzgvO,2.042725349110128,0.2150647772870038,3.4146134157199817,167.36678580975942
bKGLP,0.4148846143196122,1.0092844461767283,2.8588664013356704,99.47249503418752
UHeFj,0.5574160864625548,-0.37773576276301,0.6724038399263748,58.53526682669175
vOFeu,0.760615209953583,-0.3384677835291598,-2.9954508712625354,55.08330723092838
O8ACf,-0.1015155094692122,1.131505814194658,0.292839524380502,65.33707990764765
j4L7z,0.1523811993939265,1.1034423487385994,2.0921095690968787,78.34046944596487
nSMNT,0.2060100495100822,-0.1799429439896538,2.9780596055837374,154.28714687975983
qTyyE,-1.0034618950279477,0.2177499954232168,-4.292777772261476,24.120470943706067
l3hOS,1.7526483198833784,-0.1847353838451458,-4.659455774543615,43.81952898410035
kIWwj,0.030591568260969,0.3295306003103887,4.67346405414634,113.6027442572252
86LTW,0.6290677252512767,-0.378908401941413,4.593105368752394,145.2809971701554
SyRcs,1.088515062120298,-0.0840493197544101,-1.1923811443910068,104.55977104446004
aeMEY,2.031261985745244,0.0854347678438416,-3.0569289151336863,66.35817335060163
R2FSi,-0.9593618252721202,0.4556957162014844,-2.8597721722860108,17.17304040257666
yHjQb,1.231930952173694,-0.6727767236874131,1.6413684520852891,52.43113773279595
7r12y,-0.910710914106362,0.526736367171021,8.444446504748656,79.97304835992708
fufUJ,2.201336928090851,0.4321772007771432,0.7716532231880864,135.640932914168
IYldR,-0.1630856615381558,0.8880722533621215,9.24547572677664,137.72967076627003
dSyQJ,0.1184104937707541,1.0629303930635117,6.635308212421867,130.3496710549878
drJA3,-0.4830033160925125,1.1451670229931803,5.986242301949852,131.98976475327206
b3PrY,-0.9692888163902436,-0.0226383959359132,1.7418653834320148,140.87508447782636
lPbMj,0.6665961748240481,0.6057553250525878,7.403564743858828,22.971303900501088
Jt6vC,1.5471901253819902,-0.5195855728460856,3.79507913076253,81.35018541772796
HhpYu,0.0908160642129718,0.9160654491535632,6.151685129607098,128.9531227462906
po6Oi,1.1458884706622272,-0.4970412628476457,3.805370075974096,57.59487403561167
YhZY1,0.8944791681980618,0.1886722777389584,5.73001643871867,111.82395606050864
IFd3v,0.7320375325881121,-0.4947896765919946,3.7821616565287024,78.75818437867596
7vXhX,0.074856841201488,0.9459731882629157,-1.5887725388960838,57.40297034707984
WKsti,0.7531540950025617,0.7371896038834834,3.0679065225954507,55.45285863366614
Zxl9v,1.828256598388443,0.1496306842972184,1.8145935512163425,50.23969827058343
uH5Gu,-0.8728945629373969,0.6278011410346314,6.861834170330851,128.46085289255657
6DCgN,1.6016931464804287,-0.1573554095185811,5.933740960250272,122.3637602361786
UrrYX,1.0589439106736491,-0.3358755836945408,-0.110126280756484,127.15544219586717
vwptz,1.119534495467821,0.2601577946655912,3.3785012777698498,121.08193756231483
sEitw,0.8317286662350029,0.4392729729872525,5.195478787567026,84.50980037290692
3rMlG,0.4535448306499017,0.8896545414493897,4.791121245688121,102.73249763916807
UrnYY,0.3269484039554646,-0.04989230832498,-2.3775843503162037,46.74426004051967
xyQYQ,1.3672613737988175,-0.3760465715044153,1.4345050032271531,81.86195269836622
oOqVe,1.915259425559344,0.260926978549427,4.989202586731355,109.58872879913888
kyIKg,0.3270894121815776,-0.3451565315164199,5.418251509789486,132.71068530196018
7lkQe,1.0448409574124928,0.2758170940104939,1.8451758053275504,47.02192996280922
yfbJ8,-0.2417550371706804,0.9318402599067928,3.151852868104404,155.43849228840932
Jr6sb,0.0284231791680624,1.0988735573288209,-1.6624349539480858,31.497788902336254
W5oDU,1.5626676388739713,-0.379773132250321,5.495764007236569,109.39116517658478
GRUFv,-0.8859879923746137,0.5303759305364815,2.521774628259702,99.01416022696245
xmN3Q,-1.0077772283063935,0.4482390183981101,10.27576153985125,127.63937625748844
m49Xx,-0.7835735209167703,0.3586075178510127,5.205258679274771,102.93700007693856
QKP4j,0.3258154094331234,-0.5491261448606599,-0.0405154889430376,109.02176684207843
4QgKs,0.2913087603889701,0.930282398082334,3.9492585195508942,83.68952930553621
iS9L2,2.0179236072474303,0.3519574906917627,5.82509460883202,183.4111237318727
6AySg,-0.9651748255874312,0.3304083923427132,-0.5504273518899234,105.903408161415
Ij9yK,1.8573430861458968,0.371106014206493,4.593360252956298,121.0410694048244
hw9Wh,0.9563409209087744,0.2357548133145153,3.94864638835873,105.62559724036971
JgXU3,0.2836544051101832,-0.2833664573754786,5.059081932843138,155.22753136513282
W6s2o,-0.0913099910365695,1.0422348678575557,-0.8277015652757951,63.83407008857128
K9l8O,-0.1099479853874909,0.7853124381163747,2.3483342332530017,32.66469011714861
YLNnP,1.0173691550669053,-0.4410484058601253,0.5636740689187492,106.0870317722292
8Oz5a,-0.3259517853170029,0.8138239573608381,3.751690797909313,79.32056255729826
fvY64,1.4940517443286545,-0.3792288665111236,0.5048133836627906,70.47870967968862
gEbAe,0.8313058062459491,0.2273333785213015,2.755588554983973,131.59404528052215
yCbAd,-0.7452498375739817,0.7255939379255891,6.116708711025369,99.43902857396156
kPDM4,0.9687187731166844,0.3719887918794602,3.2076096118296253,59.082389795859214
VlKjY,1.099097558506753,0.1729627212109697,-1.0598976029694065,130.81600403309278
EFShd,-0.0311335048810467,0.935023605261852,3.041135497786247,80.91524053480379
OJDmf,0.4648707042984115,0.8864985723041511,6.178183447605858,121.49837468457262
o2D1m,0.0262359407841411,1.1235560263826203,6.055405134923638,136.37417600022698
PvsxY,-0.9234771259900212,0.1716195638672435,1.920635143939004,112.97752887683646
KmeRK,0.7041055585413023,0.6996578897276378,2.061899181793436,42.70788203185198
WwAwj,1.483203829000125,-0.3150853017097904,3.628000111110081,103.20996684683791
GvY6k,0.5937292634912341,0.8649098623622403,-2.35452096855776,16.16042674800599
9taHq,0.1333826681823157,0.980934819863556,5.907818781454942,158.8135646635115
ccw3D,-0.9444614107451054,0.1789040240178571,7.907009330547201,126.04097087338845
KXW6s,1.4834177502286,-0.4462386241293952,1.8396788688440544,73.6085258395681
1a8Da,-0.9501261554165552,0.1302747037873983,3.194515451968233,39.81825605827142
4A2G2,0.4021897985382651,-0.0315015339141907,-2.4054500048569327,50.07320315176828
hUjPP,1.899390113034751,0.0828264443398984,5.181744454461127,119.9329493502712
zTMfw,-0.0358003262289453,0.0467543113019848,-1.026098804610447,157.43633113444844
saOP1,0.6509315289917913,-0.4663182371686173,-0.0359899702609849,42.828100712671336
GWubF,0.7064049621122206,-0.425235762309841,2.1771146504988788,63.062297427600114
HIURm,0.8168754209781333,-0.5762290696453826,3.0903943105979086,102.65982562389732
TkvCX,0.7390778431994989,-0.4474221300005877,3.302619084102401,157.00117072781708
vbRYq,0.1635830553193409,1.024814631208198,1.2349005365064043,109.0605074056008
hJeoX,2.1102087892583787,0.0367778718310427,1.8145989595794592,141.2906450619114
Wm7nK,0.170310434083817,-0.1800182830109506,4.093564022228624,66.96494122766616
U4Bxu,1.199940378303718,-0.2285534884911811,8.765945589101031,154.32150230942642
aYQ7e,0.1567872246540829,1.0047692773367878,3.2659441485161658,147.7224138567079
qcw6P,0.5594914173278177,0.7169893569815127,1.362152554491094,89.49299443247152
Himle,0.8680305010924957,-0.3797753887575863,-0.8497927726299763,96.855428298792
GJVT4,0.8540619640740403,-0.5538812211700218,-0.0780300510078659,123.70361262506508
RgdMl,1.4901235837796465,-0.33226962349362,2.5250286863526794,44.79927215990059
CNdHy,1.3727822327980137,-0.6582244375332682,7.124243604707763,130.9385071807891
bP1XX,0.7548565323986951,0.7263499746041379,2.0355604183588527,34.39961289474539
Q901n,0.3527357230047981,0.9450349778463571,3.9545321110998986,93.00629361037616
LWZU2,0.2879044429430066,-0.1670113010068848,6.811120984608317,129.3384856302029
50Hz8,0.4619809478044552,0.9752648335173082,1.77738864590424,123.4597660178044
CKvkq,1.8319529878635683,-0.1371013376053575,-3.496674687183667,86.9065232031107
Z29pq,0.8472181883722215,0.6704039139249491,3.4845064126277787,79.95591057164887
G8OVt,-0.0359735449984487,0.074130927605523,2.8534305518888403,176.1482312525382
emUfR,0.6405928900840848,0.7145066209696664,-0.6297755850465361,37.74879438737721
8wQqF,1.3422588921347525,-0.3461284401912773,-2.950592540929313,86.06928527678085
ezcvy,0.2111149135984796,-0.0599790577850605,3.4715421359433227,173.50587691636548
4pYVR,2.046124559220424,0.2804969194854165,1.316718242660819,52.61548408769949
C3TVA,-0.7670149281953248,0.8518320701137571,0.6516664883037924,42.30744959794737
WfDgT,-0.0648707571804273,1.0114848877035367,-2.1458479422332783,64.89819764699564
AEsDg,-0.463657023790712,0.992382340780749,5.857041936838771,127.22905924740604
mlHI9,-0.7773702938698888,0.7348039702143918,-0.509381939932232,30.24352280092333
Y6HKm,0.4218591167780945,-0.2051892664800817,2.6379914374534303,47.01634232174175
huS3G,0.9414864764609304,-0.4576885200498044,-0.8975858659765128,77.4568830174633
cvVnI,1.3032121753183663,-0.3922648047116066,7.640805750180122,65.0067068042491
cHbEs,0.927275990359854,0.0920754526366064,3.2818463627862564,92.85502484280843
iqzbd,0.9357057017022492,-0.5256584890112406,5.559618330329712,155.45356383507303
uWiBI,-0.936424183472638,0.0587330368382035,5.855897151959693,162.2316322633892
wsCxX,1.96788970741122,-0.0234128834276684,7.685467797850218,29.3070554827248
KlUJr,0.1166850928845576,1.0828114210615076,0.62078573256008,42.88929998757279
JBBQj,-0.7393378785458578,0.8122436568686416,1.5188585694718355,34.3465813714177
tt615,-0.3565360037547949,1.0185412773973122,0.2713321002924233,5.168540100765141
oYt2H,0.6635039023614971,-0.5402125517134972,5.843401378952563,106.39196089392853
Vv9kt,-0.3112842287077552,0.93260711229123,7.237205136602468,120.01678046669343
zcIkW,1.058318317453706,-0.6185782986954831,4.315087008683842,144.586144525645
se3JJ,-1.0197609157994278,0.1548884532414607,7.776921632211156,139.7443874823449
zpwOJ,0.9695141196504228,0.2358859999979742,8.324165290029143,123.63621162592374
ioK21,-0.7483187727706601,0.0690512780934972,3.646943240824683,70.78477284502006
Xe2vk,1.922317864636237,0.6150963287185107,-1.1039205941386705,82.00834112821447
k1Jat,-0.1282657965647469,1.1737341999354445,1.018868284716008,157.86110209265826
3hKKw,0.6363194221309656,0.6864832438636224,-0.0167411819788094,34.79506444597669
yTOoJ,0.7454905570794705,-0.5247438341820738,1.6711861699493595,62.96539791469835
hkXoq,0.3002892530343001,-0.0079460652427077,1.2579498925930157,85.30209537389888
YzBIF,-0.0377257509336862,0.0621512178486652,-1.4570945441557273,73.41065062248452
eJoiJ,-1.0260897609481483,0.0079454672048864,4.36404104551044,144.9587913577496
LcFQF,-0.1333725542444531,0.1359126467423443,7.825382232151461,47.07863275815761
IaOVR,-0.6093792180162347,0.828006656303045,2.3600844715250275,26.60923966948149
IVzba,0.0035836802457557,0.9106037025330328,0.044692444436627,88.06758591327586
3Gsep,-0.8592948719804834,0.5744476629512467,-0.2163471117168263,96.9903644815584
P2NTk,1.2307096343452426,-0.3528495809106993,0.7306879406196668,47.79469635406461
fef2G,1.1415458486389198,-0.6584894981504164,-0.0532148193510213,150.92384878250783
3bOdJ,0.1074934699990026,0.9993453742816898,-1.4969137682305231,89.0755295329941
c30aF,-0.8578303091142525,0.4750298673184352,1.8697039024872724,111.88771818471923
0L2PS,1.1117169523099628,-0.6256735036596301,3.7547694394724034,146.00744063525875
VVY8w,-0.731670829597675,0.7864494130777503,0.2871191363037549,32.688232783947186
TVVQk,0.3250757431570319,0.7878555843272456,0.246798704016272,82.86684629024778
pxAve,-0.5526717264385389,0.7957497804447888,-1.9067163611417184,105.13831814528258
3XTIP,2.0213342275007724,-0.2362092153907645,3.367989793954308,120.06860544077855
q328C,1.9339331367318904,0.4343311233055743,0.8873220679916397,30.607429643883197
CvYaJ,1.3816746014497472,-0.315775764250544,4.751200354670903,161.20533971639836
DNZka,0.2334627109513472,-0.0379044058016657,1.292627079693209,160.25982591352425
IV3Gy,0.2783951973900531,-0.1842306079313355,0.4880369947686187,122.86065602838488
oVNx8,1.932260345277417,0.2735445734451822,1.2185865613308993,65.62564379194275
5lyrg,0.4247636266102901,-0.3111652177986584,7.037516181615402,140.83389833945282
E9IHU,0.7588052591971435,0.6471637592023621,2.478053960525703,127.43398468480672
qwlBR,1.7903361858689868,0.4204721525953357,-4.1567751283286105,54.04013669985422
KFkxO,-0.3591919762102951,1.0127942724636074,3.8226148315785866,101.654903431208
K2jVO,1.248104875030738,-0.518057214219222,8.328541382329838,118.825968941452
MIIHY,0.060910597714241,0.9635091758504672,0.1187754056542616,75.04812723433774
OAfa8,2.034885408860916,0.2010470367012548,6.739748652574099,122.8465071835998
lEMNv,1.5298111315207656,-0.3091924755267579,4.045294980958095,42.52610827932865
TXh8D,0.1072824249759388,0.3760895835358498,-4.2583359211952105,48.01795283928592
ya6yr,0.7313031936184282,-0.6192214745729391,-0.3564006480085575,59.549501973468665
2NVC4,-0.6161582595222767,0.8566719977057029,3.2671539212096934,54.604809100883855
etcac,-0.7682826923534036,0.6274298448235149,8.637924096936537,126.9987832562038
dJf4Z,0.774934146306092,0.5891465069122382,2.1818923937830506,17.026386700471267
kRcEy,1.5273430544323912,-0.4501479907654127,8.060318166472875,155.6110983340264
hZVsH,1.117949773295189,0.1914066590551196,-2.258646900833172,63.053452589981006
osQM2,1.6103824532197808,-0.3621283828776245,0.7406665541456489,39.80440009829614
6B99p,0.5596933384436592,0.6563521367473882,1.7698286763889584,79.81425237987526
YgY30,1.2059052559627723,-0.486185679718239,-0.5982427841480931,166.48458212180145
28SRS,0.64263274264344,-0.359474937123119,3.1775167544951133,136.55703034026718
aqk9I,0.953576588592197,-0.5490088090502965,0.2088250654906455,27.4766946910844
GOBCX,1.5353122056437951,-0.4814482450741066,6.112438982508312,178.7657459956366
iQgpS,0.1630676911836119,0.3451480254206184,3.3840720542808054,55.21992134849768
6Zgw9,-0.4190224892816609,0.8643570930765047,7.156376069548247,142.1492491014452
Hci5v,1.46026759023029,-0.4239892522882324,4.931775564236367,109.7952824521152
gXMjq,0.7718005341010263,-0.5226828117223979,7.309188528965797,120.9240999779698
YKoGV,0.7804541062362467,0.3866048100169841,3.73233304297344,138.54557752325232
TWgUy,0.5847436572649809,-0.5744348421590848,3.07425196600883,146.8099780792972
d6oxo,1.095193971024914,0.2124370511313026,0.7569299601102039,14.32628906198388
RKL9n,-0.0311241377802591,0.9601152464366188,5.384528447658076,119.0996697206056
SK2BC,-0.1091352130641844,0.3219580038653672,2.665279553406939,125.13748168330063
2RMDK,1.473303666112951,-0.3549246482358025,4.9055371920268565,58.195413084577886
8qNA7,-1.0968816201029743,0.0758942324319626,3.085780812440388,67.06867217974819
Z66av,1.629644586557095,-0.0429495396281527,1.1932262039665034,137.06884347317734
zbzw2,0.9193948693312236,0.4010627245160885,5.738145907214872,128.45728741137737
eYkdx,0.4486330055271617,0.7859669336603775,6.148435566646715,87.96219008085214
67A0t,1.8273762644074487,0.2581502567363677,-4.947560491106056,26.16934550100196
Z1HDJ,-1.047314298654823,0.2713447904218189,-1.181858180305006,31.49678134197697
WR1vD,-0.840823757024321,0.28524013459078,-0.1974926309976794,127.92934849271576
9Q25g,-0.9656800415698068,0.3397937944452459,4.159680833716234,144.4674157094098
j09I7,-0.1636588466457177,0.3932573746693654,6.543083504848683,177.8683144987951
ZWUvM,-0.4981854545997429,0.7416036199593474,0.0425315589151504,112.73931819240062
obyKK,0.1470134324545209,0.7526890459529328,1.177104935357634,62.69207838375036
3MH0o,-1.0707427079714065,0.1055283400024156,5.3292471614539405,108.77532479924776
ZZGy4,0.1683302302376425,0.2211557464274752,2.61953353927891,74.60602328480158
uppfV,1.511226876320498,-0.3817152419112782,-0.3375779557785345,103.7936424431406
rIv4U,-0.8234346868654602,0.5673531275522005,-1.0708504508146497,46.17962742713982
Crjju,1.810149901562109,0.128049066340713,4.8295622937952185,121.00852143133343
emHVM,-0.1446773289392115,0.9503681667661474,-1.1361395375311978,59.1201774210664
5aUbq,0.9888439311525984,0.4878942214462437,1.816927005302531,55.72467924444506
Lty4J,1.179453957561904,-0.4285717800623789,4.171108667864084,101.2563417092517
ETvzh,1.141009554605513,-0.0237309211728786,0.2409930314557664,146.99826067675988
dchyU,0.1011096505628665,-0.016304987415924,0.5864300048317688,63.29301415636229
RAoYA,0.9105390330850908,0.3751792677189957,5.221433421708103,85.21078744014517
FnmUQ,0.8318957647495577,0.7252832407298198,3.62336485161624,38.38267991653041
hHP7w,-0.0317783312274544,0.2853974596157063,2.297551144015284,56.7583104199644
eGYyO,-0.6825195333533702,0.8853284509697021,0.6860537216833886,64.36385586393219
oHOQG,-0.05238338568627,0.2902728391636876,5.708222253674258,142.87345705664782
sR1c0,0.0905374856544369,0.3946652564972056,1.920388694133326,48.21485993929911
sYGZC,0.784124528720312,-0.3926652198758162,6.568469494097295,157.4314364562349
zw9qu,1.980046473027788,0.4579204903161404,2.355016001707249,157.83771107971307
4CpNO,2.087216168654154,0.3780954972991396,1.8289674552114,97.96405653908262
v2Ot8,0.6037354388878504,0.8539064950646829,-0.1378537139228246,50.89288262440687
TIpIF,0.0212693389950224,1.081462290601578,3.295135755284935,65.09097312944292
nUQjA,-1.0173794241452296,0.3433281389933593,-0.913204120193885,67.98769907416991
tALTd,0.2113874549931801,0.0929923235129421,-0.7972437976624873,80.27410066201779
2fNAP,0.1833507980513938,-0.0769049980217839,2.849045370884048,167.85310527209404
fhQM5,-0.5854442298953794,0.5737484627699646,-0.956143941155744,86.27133035943947
yZIaF,0.7575500609021362,-0.4446343418905892,5.064253851831211,86.88015968011881
bJKW4,-0.8395098516895725,0.2189646010342777,2.138121599789148,70.74451480757169
wl9hx,1.7715831234741513,-0.0058249493051251,1.7500478895948792,149.46134830474554
w0tHp,0.3207882766067233,-0.122008074154033,3.832775126892221,25.616385821325338
GpFQI,0.037505640369386,0.9576306642009202,1.4743177841510295,87.93004629280999
GI7nj,0.8494789302987333,0.1482971572417148,-1.6043119434492168,24.4379480200601
0wMbb,0.2955453439589279,-0.0426939946103626,-4.375604889412881,44.97395683151803
4Xgp4,-1.1196490934145964,0.098931082530824,5.836170892833081,154.60823012635012
8IGuV,-0.2200240395781945,0.8862478894365943,0.4441336102731306,114.0344565506494
ppzAj,-0.964313022413024,0.2871721577918445,2.350797414816841,77.24208962029202
AurOn,1.5224306511464003,-0.4626515100354797,1.8588602923299065,110.56563947112916
68hOJ,0.4973824310026676,-0.4416277101173777,0.1203554044723974,62.83059310901498
goglp,-0.8632332802850291,0.4083417142310439,8.27182253778555,128.97456996125732
ZQPQ6,0.8017706538726377,0.3989651609865539,3.6834746816634185,99.54752468100232
iSube,-0.8708179873435409,0.6630883169596176,1.1667704184574754,3.50222247866684
FYkMN,0.8160156844135301,-0.6700217866960587,5.653911444707801,133.33113396930628
rRzJP,-0.3393023246830451,0.7073680778527817,-3.781060044129705,12.044406616134715
pHwca,0.4386247522773061,0.7803970267863539,0.5752730828848771,38.23908994461787
Uat7j,2.143668197795542,0.2445773704246408,4.473642002318882,143.52254040097048
zXZPh,0.169510457141997,1.0258654434266017,-1.49584510810599,99.17741363375724
7nul3,1.753775231815463,-0.1387898184298012,4.676531338857423,149.72161431089475
QmAbQ,-0.7386503646573142,0.7294666187025247,0.4889958980297109,74.54947631603585
9mTWQ,1.1324465897544125,-0.4966810091841951,-1.2050551964327818,117.9828031264567
ZmCix,0.2014897769912224,1.121745268124742,3.4654961002025635,149.9776828094934
IoRK6,0.0432607360578847,-0.0949883350629719,4.210491065109996,96.83275377405708
WAAl8,1.5794185514546522,-0.4713081127341066,2.8142239354308307,74.91059946143169
nBjVX,2.018469755235248,0.2260240808105965,-4.669670094845238,52.06938071621977
0WWed,-0.9326886582180892,0.0628730759006033,-2.857571097454948,64.77808881989142
nEVb2,0.5000030053894634,0.924763003107562,8.294532681132099,122.30961661425847
goic5,0.6966856435189471,0.462690225862131,1.7982201581933226,41.97678844324465
nGpdJ,-1.0074192309884986,0.1405402234855585,3.5652519643882727,108.6088089906137
oVybT,2.0014724192687283,0.0804150839425921,6.69545360629256,101.41826291831448
r8jDV,2.064994302221382,0.4120373177663126,2.8343894732718016,123.6294201835716
k3UK6,-0.9490001292245316,0.1485448218855412,2.5759623059687864,79.39124777788406
X75fZ,2.1191354321470524,0.4315087781232302,0.6274930211008426,62.69959310199368
4DGl6,0.5119719905333383,0.8159156916840891,0.6096641554326951,105.7720044321016
KP48U,1.870718285513832,-0.1747785450654345,1.837955360203988,70.18201309501215
ufnux,-0.6618915030033344,0.8614526237994516,-2.3276246478899263,16.23037047894423
4zLP7,0.2796584942411186,-0.2262855793336176,-2.8677034393411307,56.79294908181565
1vaUm,-0.9974602571739104,0.3554293578768765,7.308497538495481,41.40630594955725
6VQ3Q,-0.7698365444465957,0.5389192377750188,2.1842785657544064,54.81452512825889
luLdS,0.5571917927923792,0.9829979127869848,1.428175332463016,77.21673909398638
E08Rc,1.081121918942152,0.4411882935099497,1.4260692072049093,24.288204339598185
JLFqn,2.088744258315516,0.2054093081985386,-1.1190851072732289,42.47865152799597
wpPoH,-0.0739356440991678,0.9475896391214202,4.310583726674236,23.20228440139359
fvrSY,-0.6279358876820446,0.6876022552067727,1.6112780517364294,130.7942811842618
V94G8,1.6529550142965102,0.3129388856101602,6.592857736759878,105.44388111577923
8KuQJ,0.8579303584455551,0.9042133740888868,5.770740568594924,73.28235221353545
B811R,-0.6724467303065591,0.8202829762482131,0.2375242534247281,69.74325065869252
p5aNF,-0.8196117506646731,0.5588968539035046,0.5024517910021804,85.0140745592371
pYf9m,0.7757651869317204,0.6373240525188312,6.556149678178515,105.88541220763506
cQ9ay,1.8474927515965545,0.1901659694187724,-4.229767977093903,22.415185234387828
pRBcW,-0.8521854062301313,0.2136033445048027,-3.344269314869316,16.031491730896825
5udxI,-0.69277578546895,0.8264422578778314,0.8740256235926287,77.1945757131227
w58sQ,0.8972732751832745,0.340376294233511,2.792079125315939,60.02127550370682
Mv9if,1.4454732858899724,-0.4258473410163917,-0.3675646256498776,37.964107494227136
1gkWZ,0.1855837114521768,0.8636430441234508,2.544185086532204,83.01063649931083
gOhJu,0.9751481528243992,0.0683319421770695,6.398555751699187,161.74556950303227
F8Agt,1.5589001033824517,-0.2774475004160134,-5.205056629593028,44.3474999071264
CIGEb,0.6597413062434287,-0.4776444074170487,3.886308185631744,112.8210430507126
54o18,0.1595345481088478,0.1539265097994488,7.477604870427426,145.5076738974032
WxMKM,0.5642043289058719,-0.3971733190932766,3.0783836318090083,143.39249216554316
J2uRg,0.0592254724351308,0.8564566849646124,6.21258435460186,127.39411339381084
RzPZ2,1.327303736299324,-0.4292683109325829,3.037136461756732,167.71981989266473
rygcF,1.9223897256787008,0.5534222595651135,1.0601031242086516,82.89572656211854
lJkB7,1.8069185905340817,-0.4127220367834095,6.467418572519232,147.1559948583092
Bx2dy,0.8015481717358793,0.4849782726815019,4.009033804479417,66.9851142655084
A9Z7I,0.2981139049738123,1.0937803646855269,4.639700992315426,125.132703136381
XXrrY,1.3628837438822978,-0.2467827500797722,2.658788185062,78.4497811306003
sBWPE,-0.0800366751432656,1.1117514031324829,0.688264511397196,39.27044589375296
b2sZF,1.6375227115577375,-0.2178434260039084,3.09868295848729,181.89050367951305
1D91h,0.3392362707506676,0.9538592938186524,2.794322485430716,86.52313421568493
HFbd2,0.2108043825289932,0.979589810357224,8.873888588824402,131.0764297642478
IPJW4,1.6200736878879618,-0.3731014937618207,3.657235169911298,101.24614962332149
uS1Hs,-0.625853884776974,0.5999950217126993,1.5801740950455003,114.08998492881346
HBxbl,-0.8592032666559886,0.6461196377457756,5.432434282859949,76.68652175745035
yToEV,-0.0556864132279566,1.0287164868323602,4.686371358101522,64.50800087717865
eNx7e,2.038442074859089,0.4461677630686631,4.965021015625187,184.02557439203068
ezlvj,0.2526622411152765,0.7523616437924947,2.6881133409906983,84.06296359212145
8WEfj,0.3332665627104212,1.138143805723792,2.5573228337624005,52.75565902703404
9VxvE,0.8498452073820087,-0.6295209620591203,2.44088384452343,124.17567564504976
ZhF9k,0.167838721694804,0.6166498068355899,3.8664329508783286,136.70099412392233
F3fpE,0.2894618001242592,1.0150854605932036,7.33232065513392,122.84733493811656
9f6u2,-0.7828998705119934,0.8120280510219329,0.4520613788640954,26.178204174621
wAa6f,-0.9098209982081154,0.0310773480368383,6.612600147566546,151.11566466309066
JhvZO,0.5625842930370879,-0.0825019876557813,6.095392889049956,107.96714191880532
KUnkF,-0.9072611320488484,0.6508858730863437,-5.993516741362603,11.796669156443288
pdWOg,1.149249505831858,0.2126584153463142,2.8626751263820465,88.67973791035149
nHKC5,1.842099675982436,0.2192749723690051,-0.5058609934171048,128.81868106500957
3IfjX,0.8273182473756258,0.3427730868102752,0.116961717638316,52.02184283528485
EBwCH,0.5477353354903282,-0.3831867233078971,-0.0764270320496292,63.824282237735154
faPsU,0.5562131360890055,-0.2582991526481743,3.9330979915281015,118.35131975296385
HL7tl,1.914919908979484,0.1598632086088441,2.384487738721249,79.69399646997091
lps8U,1.6545341198455683,0.0608689665853917,0.3810773852430291,90.0119502482162
xK5il,-0.1690297801067021,0.8637657337012227,2.8325241664193426,61.65984834173498
Qp7uA,-0.936909437638206,-0.0573094579916178,4.669962711427617,56.380605165916045
aAjur,1.1049453033141603,0.2266814071020965,-3.0276587221623714,79.87745391789501
jidwS,-0.0426510268189764,1.0264183115765788,-1.9559354372058368,13.864775665179796
zIhR0,0.066166451928678,-0.1457537879718478,-1.0971330465593383,47.710689763670565
YkCGI,0.0606737709554639,0.0906920265389348,-0.061847305412134,97.18029377706456
yAlST,1.9499194553753656,-0.0528999885952642,6.6680861112604175,115.63859439135288
dmGMn,2.0139155906530384,-0.0216735530491139,5.977273782280448,145.9590679454258
Zncgz,1.329748360916947,-0.4170604379216352,0.0204720816634225,85.85813912017105
sPxh6,-1.051053032448121,0.3357149176952997,-4.706069013873308,75.07943525822547
E1vSD,1.3868722234676945,-0.478842275301137,7.258506003822856,64.38399373956587
pTmyg,0.0656681137168984,0.3513158506150752,2.9338882017719734,96.80803837768327
yPjiB,-0.1413048611990784,0.9365474636864756,4.764280341300305,83.20001574001084
0r4tS,0.0959806696697443,0.9637885436946204,2.41706358338576,108.7086240930188
rK3e5,0.5625571933304525,0.7624381758486859,6.756323907608171,145.53914938130882
1DfRS,-0.2533871851940632,1.0748580320728174,-0.6479873228312312,53.06750495012026
RMsHO,0.6034553390242711,-0.5949896672701451,1.803917437528904,33.17456146447741
HAdz6,0.4849899426451039,-0.475967287606901,6.247375057372747,44.70676228245938
um8Zs,0.8841545203160572,-0.4475413920575588,3.083742684502372,116.56844171816223
DvYXv,-0.3603340749833019,0.7555387768005836,1.2849300524151022,24.03861971084632
lAzbK,-0.3672002109739641,0.935695664840634,2.9581039074638587,127.13017365058154
fXTkS,-0.9873240569363002,0.1570763927739463,4.499470244859237,75.34042446099832
FBQps,-0.108253706168651,1.0190427930263026,1.9855251346142548,143.02501602208193
IEvuR,-0.0406111018868248,0.1620230381098253,2.3228563334455723,39.22013562471952
6aEZ9,-0.6049273635101904,0.5633846647184001,8.878927798304106,118.20298771739442
eYsuO,-0.5305901940679529,1.000084419948394,-1.323740687154202,103.67581015955176
k73fr,0.7254404584585059,0.4518060954881888,4.664097620319081,113.90913201950758
WK2eI,-0.4182137529905873,1.0431335017556935,5.6630133603389154,119.58531530001896
QzY8s,2.120334408938063,0.5457378610882527,-0.2682881184669579,50.4628960410768
NTQBr,0.0084887484329379,0.2690339569678695,-0.7503625726938492,127.073353717918
GzeaH,0.14835851322847,0.8928758286393884,-4.721939037465543,29.998958354254786
UI8BR,0.6182361489839769,-0.3568019198519947,6.805458508246375,81.94604948327412
T677l,0.0798019191428517,-0.0523017391771107,-2.5071141258630867,56.84102360936656
8JUxC,2.015700610308663,0.2880570430546492,4.291500188621767,131.23749328270503
AZgZl,1.4862316541465277,-0.3500086572620423,3.837458550582475,90.80528450099472
nft8D,1.1714957152282877,-0.4921911710277928,-7.406600695426933,42.51884043109193
yYKUJ,0.5777029439780752,0.7756704531936779,4.867922226576196,137.11453420710876
acUVw,0.7020525108633571,0.6280875034842616,2.391604708712918,97.89701056205776
RftNo,-0.5177750245257555,0.8757800476775105,0.2227360410961638,10.032927611373209
y4P3h,1.821537379413216,0.3127663608991407,5.056353130911195,133.4322698558651
oSy6D,-1.0076321965826616,0.2290045000190637,1.3598339332620075,71.79883662431888
piOMV,0.1274016906743473,0.8178102388006159,11.088823089912651,106.33720876300733
o0FNG,0.9346323398128648,0.8061969024048712,3.3333486183806187,106.32308914923642
QHQwT,0.8880959652042525,-0.4463840452935065,4.22353942476564,173.85211052734402
2gaTt,0.2325549076882161,1.05628076395593,0.5340890092143471,77.29739280001121
Qfmms,0.4283407825984361,0.8099202642045994,-0.5520974645390136,35.228170760318086
3cpC9,0.8962684979700329,-0.5637686457483508,9.203550028399691,142.96031704352444
y79iO,0.0012650505743166,0.4880866474151019,0.0878160659443759,49.021552969950655
2OFas,0.1704793900158506,-0.1815024977279444,7.863059373040779,163.0221942793202
Zeg7H,-0.9525330969654532,0.2652702924463007,5.301394891068816,38.74701482390301
YMgoI,-1.0340008537700132,0.0226781426480559,2.334186363061532,85.82572123213681
H9XOx,2.1059149600742337,0.131072219033363,7.168249413408325,120.47943905019632
cpR7a,0.1595788153332114,0.3384319561571886,0.6383530965238877,76.04202393920787
NYM5K,1.7535428511819509,-0.015870246363892,1.931088463860318,149.56680491698287
6Apd4,0.7976882556105089,0.6017011802883567,1.4927902561249553,120.3368762154375
4EquG,0.8491470362137788,0.8906088865411959,2.4383901274062056,104.72697157487384
qd0Aj,-0.0768574146517842,0.3350321871996762,5.350309359358325,158.51661130538898
U9jzw,1.9808507711395933,0.6311416889963465,-2.571455911777952,33.449955805956
np1gR,1.2582799406656469,0.4779204500001372,-0.1246147177055343,118.8353481123796
9UiMU,0.4277847176546637,1.007837547612802,4.924809134584868,121.53614109332244
StQ5R,0.0917066588178678,-0.2690689233132795,2.2493352463025422,58.063720968799934
gYPw1,0.9851819735980848,0.4457803583544514,3.608823977682458,15.79415100824372
hMyHZ,0.7179754848118775,-0.542401181888633,1.3655654167092437,160.83168724985944
gvqzU,0.6464953372747767,-0.4876386970608155,0.0423846401639242,40.02224518155021
44z2d,1.0371289258446674,0.1866071863111856,6.855763314040513,128.26725294866245
0aqmp,0.7730563441711823,-0.7533320167389648,3.2886101199904463,56.5701894955046
H9Dyt,0.5679380452790951,0.8832022609363028,1.4461043310127402,89.2849232254467
MUni0,-0.0503235039133862,0.1855138743825022,2.4831460558186262,31.46468108240834
mgqmj,-0.4289060901370496,0.8930756311927077,4.1118964873048105,121.11190839098604
peUgy,0.8067880352253104,0.2472477440275716,1.3586397889709805,68.32756722367274
NNqw3,1.3069275618933496,-0.4019076104966838,5.802724451105938,162.0087515652671
rvcWe,-0.9972793267549434,0.2243772627415771,-3.2343667151249345,17.784533010422905
rPIaM,1.892106592779684,0.0272041869264361,6.9012753452518965,143.9064903087476
WxNDE,-0.7533408017793939,0.5440348807162488,-0.1488580842433715,46.90561967982116
6xC9X,0.0800053204579427,0.1077408259026026,3.1939051584645988,88.13671441056839
DAQ5i,0.7283141608784754,0.5705196885131409,-0.0145163894356388,17.98179141833941
7qaIG,0.2583839807794353,1.050929643423015,-1.1348475519390495,16.204706113368314
2hTO2,0.5536346339686846,-0.4209630291457501,1.5971802261669148,50.59420347493671
2bZr0,0.0412290127286412,0.4317070937500251,0.0702483476689836,152.38763582962576
q5CNP,1.7907135638680751,0.1799077664136713,1.8505716964598529,71.37585019974819
FEXFr,0.9689597969635068,0.6276485234532256,-1.8628482359093352,107.38261282445988
zVgsT,-0.7901713626510964,0.5573682600643346,4.743203782239663,65.64858718182205
R2DCd,1.8490687917589472,-0.0553789577399422,5.392843635062738,85.33423596873413
OJYF1,-0.7172871518219629,0.5870806495619463,-1.5699789333686778,32.658366516477514
JcCUv,-0.985007852223342,0.4490417130404009,1.0474509198492274,83.1893852454578
rrZc9,1.6646615138380347,-0.247239169099046,-5.083823779009928,81.48799324916287
Sh4If,0.421294334299609,-0.4908011300080399,4.09919034079192,149.25405082902213
zVrXI,1.381924140009622,-0.2868377270345859,1.102107597308197,49.47665451002052
dFYw5,0.043843583225315,0.4140405378145831,6.260991556192688,158.65228957483495
LFAI7,0.3107885702945276,-0.402033905866839,4.997829164346848,120.78078153720712
caclP,0.1404021290243917,0.1034330851848778,6.164434974176738,165.3242173997799
xTiYn,-0.1936252279449069,0.3773119961963087,3.5943177211751767,159.90174808321632
oWpiL,0.8223499654964788,0.6836905649948184,2.5125671264301057,11.371993650257217
fUfif,0.4736762934111118,0.5988045138995626,5.186127514518477,110.06392359027215
GhaiS,1.6156360622693309,-0.4469493770956471,5.93838484897896,151.8967750454843
zKyPp,1.0358337536469688,0.0760706309260184,6.285026570751471,25.01735968318441
7Ax7G,1.05673265019699,0.2421086378342157,4.606733940010235,32.582903061526864
GBjNx,0.8293822414716071,0.3141874702670556,9.12983204167184,135.2662332878418
TgFLJ,0.4672142802400253,0.7117113118418827,2.5683305749186736,97.42535144302944
rsFxi,0.0605820657417768,0.902574958174352,-0.6848991854971094,68.61900545975645
qv7re,1.1863998844138692,-0.4944673380177828,4.0556370138311,43.6035703299796
fFnwI,0.2240364958435348,0.33154476246912,4.125298883913166,46.77155488322568
ho50y,0.3009108987007258,-0.0446182531495341,4.035799927097618,163.0742382521872
egbzA,-0.0100460819211573,0.6109679479514278,7.24966671110514,119.80768488611216
qVbid,0.5164599207815079,-0.3856260709028321,4.55832732684588,165.98836315285445
gMVXa,-0.4765786481744498,1.0269826874977188,-1.5206503170443255,72.86779540861129
JLWCB,1.175898329534068,-0.6978801649956085,7.855864861641133,160.10721933861566
ehs57,1.33720275889628,-0.3862698263721877,3.546373760753504,73.478064763194
Rlsgd,-0.0007644320001266,0.184953301113728,5.23661083261558,156.95515676843766
LAAE8,-0.7994233481384505,0.7311523972199202,3.636473669839584,57.95205783276229
OlyVz,0.6412844512774624,0.7198913132755358,0.7690161950784742,44.67996485314349
0FGgb,-0.9567827770958844,0.4925734290224487,3.7987791092298986,135.01009355934565
3ZlPq,0.9518715370647038,0.0910750130642944,-3.0213062238968456,28.06646660950972
rM6ya,1.0627698735734732,-0.0225431534290689,2.162842344252339,146.3249461310379
yItEF,1.0647916933819424,-0.3568386201041105,6.863947381769409,133.6035534786933
zmWjh,0.8017613689790455,0.7137849854839073,4.717864845870868,53.55204629481043
kwJN5,-0.7627391270790517,0.6753706625548437,5.445502199414887,125.12771764545116
zZfpQ,0.3492734315968689,-0.3263274865129766,-0.5364562324388182,52.78578880585941
Pu9bT,-0.478715256843699,0.8567987277787329,1.791894420103282,118.72686007650483
fXdrg,1.4727163831771404,-0.3832144579769271,1.4265923177696709,134.50157771823578
GAfr6,1.7219256214067444,-0.2789414551963891,1.0257548663848195,50.92510230644452
fY4AP,0.8222831837890694,0.2842051528250593,5.677716156205768,107.2964481308595
of9H4,0.6837961876281411,-0.5498300565407908,-1.9459951130288244,72.47206946821552
M0k4V,-0.392333688679815,1.005202121648978,-1.2177369403569995,29.624997520264635
xfNU3,1.6688889136579634,-0.5053177857524326,-0.3432541181990044,46.662590278272745
AOaSw,-0.6624414464730728,0.7275981199668894,8.172445992484453,131.37705011551972
5IpLy,-0.0356518437726464,0.0364349347168645,-0.7746760876221135,128.53971569698865
0Ofgr,0.8006001383099213,0.4542822577558148,4.604555299342963,82.92184280216189
ZKR0p,1.8884006935744773,0.2804068579383783,-1.3169122694312594,98.1658293907433
LQwC7,1.918391129448282,-0.1267695904636595,6.622954192521262,81.54972835757506
c1DLu,0.3563192524945339,-0.5207567270479521,6.018749503051401,62.70511063843455
NgCJe,0.408561396767729,-0.3182529053379622,-0.3926572728969946,37.04811818496303
EsT86,0.50050816456639,-0.3655281968330578,-5.137922721757729,59.06792097099765
cynRL,1.805758755287744,-0.1795796167636777,1.1457507739202208,90.53767371590342
oFWfn,0.0965267381981392,0.9487438432620556,2.154155346650492,34.11817792033614
XgXdz,1.975073838612724,0.078935629861859,2.285997844807764,84.37461120245999
gsAbi,0.8564278565106671,0.6469234599071526,1.5144320815492391,103.82993601975735
dPi0U,0.7993842026480095,-0.5855451377879426,-1.668089290744066,27.215879239012036
swyxF,0.6670135922362561,-0.2524808816776868,3.713678500074311,60.171993758574594
IRvTS,-0.0736351246233135,1.036691198681288,12.124919735959152,160.443877433027
o4rz5,0.9794326503305512,0.1541659532145489,-2.6679703481458903,39.72804082471615
tJnls,1.962306080461171,0.2848323834853747,0.7905581906670982,47.0348045386154
YsBen,-0.9774502343766536,-0.0336570475807071,-0.2264911961826681,103.33278077473128
YtTp7,1.5760352954162733,-0.2688078236371389,-1.818205540065355,70.77797764423912
Fdf1b,0.1174176714881858,-0.1862561648517852,8.144820631525503,148.5466508231587
lcs81,0.2690275469298379,-0.0245587489138935,-0.2399519265593871,27.890826241744097
e6dTP,1.0991247416215215,0.3826022727686284,-0.8013553976650281,76.37659823280386
t5UNB,-0.7070023876178984,0.9014921711062238,0.2907151650068895,119.5739686578724
suBfh,0.0706647728198643,0.8332759791140699,5.9084981623956665,30.303526374307104
X34dt,1.7584098322140131,-0.1235781718149962,0.4853480429528936,53.2970768299416
fN6nv,0.954093252336902,0.511262128481105,2.13217375125564,49.81877893584191
PtSLd,-0.1614938962490283,1.0075620194829775,-1.7685589714715142,21.30714459966382
e0GrN,0.0609052286396235,1.1468973147019148,4.393895343936345,65.43200959663483
R4Tei,0.6989338758038727,0.8585775772631739,3.7888842716601903,147.4489258426286
Wm0W0,-1.0232939099064178,0.1295032950795658,1.3379113957726732,8.744434727316833
R30AL,0.4881684380449379,-0.3518308462711287,3.1510716779767525,120.90266742394216
CS1r4,-0.6995403457704779,0.7824604033533047,5.201580070078906,121.87313759125186
6w1Iy,-0.2693266399150453,0.116483060889442,2.0463657936076656,143.9530305234315
hhF41,-0.8133059246621518,0.4939444055824639,4.365704175394912,69.61237032228983
yYSlE,-0.7764694331074609,0.6648319811475015,0.1722867132136309,155.66653526025326
jZDiV,0.3621397451391469,1.0428580132396337,2.393042883453872,34.394231194575525
V4HZD,0.3531878793422301,-0.3588472733277916,-2.062424023621744,61.25487272470114
tb8eR,-0.6764482140490197,0.7678584597494402,-1.59425499041767,84.97929558964766
cvDxE,-0.4577276416772314,1.0277933516513102,4.00989705903574,102.6726050465592
GLiBS,0.4453057214705593,-0.3200322474932942,7.239474504012418,133.51307236148926
vDFW1,-0.9894736289975552,0.2692979367508982,-1.2227731647364708,49.81727235356371
Ju3WY,1.0103275834137673,-0.3518100181339427,3.022993080271452,29.67587688176348
JjyF5,1.7280742323409832,0.0048723052387856,-0.3094798346964471,103.3207731935334
Qtrwb,-0.9313030142418932,0.5843179422598731,-3.902840654533103,12.898300267721902
IW2Kp,0.6134742149933128,0.7917850280102084,4.197752617127584,114.57627568585012
4xr3u,-1.14733957109998,0.0482896048359146,0.084262896169803,114.45549921179403
yGwo9,1.316302736554891,-0.4114539621875127,2.0282851185048965,122.7542924253938
l60M2,2.0414641555569744,0.3002445437632478,1.119151325936411,125.64165535590948
icE35,0.1817886759043305,0.7836094367131157,0.4196135953042489,120.13389355312016
jEnsV,0.6839327522107588,0.7063691872437164,7.459082869653852,152.47893751392593
JsZkJ,1.4579296813030946,-0.2561940497358379,6.088745865624633,118.9583253574564
R0d8v,1.9320063926509727,0.4151404121366053,2.579793873988188,101.89351277117224
GbkMS,1.0141496986698983,0.2760929376183852,8.84148950018622,113.54866029385964
8g5Mu,-0.5456413918139063,0.8275951115975847,6.093707888942027,50.35575094796507
CD4Am,1.5461748085467837,-0.1501762992358771,1.1563611790587511,67.49404022995132
QMtVK,1.2539334619553475,-0.3843602091359928,0.7556495640357186,103.3214116389986
pItyQ,1.7930374486938243,-0.127434586005154,-0.4024095438443547,22.579423526268
cJFSA,0.905758307874708,0.5778132668532964,5.898365627222023,136.42253109269535
K6RBZ,0.3192318360920598,0.7909600409380835,6.09774840410352,52.54491065489422
9e812,1.0456017197789882,-0.5663158306607504,4.27943836695229,171.07206962757132
OnfzR,0.3506253387333314,0.9991522129959914,3.544228120921538,130.5533589024724
2mYDe,-1.0166813930080372,0.1750505787941135,1.4901615262481922,50.57085519855031
Ei1yb,0.2569634110337454,-0.148715576484766,-2.723086245176652,57.26555943568682
fb1Bd,-0.8391292632136019,-0.022098014147508,6.252605742136071,157.585636083301
o8YYt,0.2528514860789144,0.9574961436072802,2.5460107457453907,80.8229539534079
kezZN,-0.1484783348261316,0.9546306789789042,-0.7747238318184415,83.49173026731509
1Nja6,0.8206039045660527,0.4114855553335491,1.8579234765048045,92.6908593194708
24A05,-0.9613827713123216,0.1674212729078136,-0.7106506977636811,61.60916322247756
BaShU,-0.1372728638873953,0.8074783462214581,7.427998164364443,120.67266589837396
Fdcnp,0.0422514765970232,0.5063953097055165,-2.271002392588062,88.25250521974863
RomZM,-0.5582608218089375,0.8026589008923181,8.612864735803731,97.568614059089
wRFR7,0.19241678540823,-0.2352633490245917,4.4765950423603655,96.435242800158
OL4ou,0.7573523739886556,0.7074926448631869,4.00628147014329,68.48393937115101
zbCU2,0.8099538878910689,0.7670906800365463,3.9185659385438254,112.8503064415187
c9D0u,1.9374941716724672,0.2764281616152178,-2.652884920194252,57.8519648288519
EAuVg,0.8202743342523269,-0.4409320484173353,5.193205713780965,80.45638668113999
zvdQr,-0.0033925544227193,0.1827604454787296,0.2912733034071615,80.73306935256291
0JeGh,1.661100124654438,-0.3115314994606474,0.1963963947596566,71.93731955525966
BFv94,-0.1652750578164239,0.9596727409507644,5.144947218386665,99.72402058087508
hY5UV,-0.1116979058484605,1.0060159049221529,-0.0087409007855394,16.918737580267287
AJsQl,-0.95379568000725,-0.0614658711339943,3.9926617675764935,88.62454074204898
OCRkF,0.5060939506564424,0.908635958160981,2.247370822314384,105.36934547011693
7H1yM,-0.5984978044413674,0.8167088890776693,-2.100562900489848,27.95936259149805
V5AeX,-0.8279961334782437,0.881112334776951,1.6533017458579646,20.95337905853696
QODJp,0.6676386259873023,0.7165545795846917,-2.576826032814851,8.123407176977672
uqoZr,-0.7022892826129778,0.6479562625072463,3.0404204011520544,79.33783727658125
qEIQc,-0.0926443594629563,0.40415697923381,0.941664361883614,127.94916164275055
pXsQo,0.928044007952986,0.3520307087586805,2.9916274672261367,99.92662143495848
7rTp3,1.325178125277087,-0.4448144512753857,8.086763704970341,152.84000062349253
XrYBQ,-0.6408839235058986,0.6791012407975041,7.5126267254432095,118.60731518451
4WeI5,0.8831262402532343,0.3646855189626874,-1.6687677172918725,65.54498232122079
JtVGC,1.3548041104448791,-0.5052800507842309,-4.1715509417916365,57.43068153577122
Vv3lX,-0.8656434628213059,0.2906290386528051,2.316947649240193,59.64515292699844
BZ4to,1.855000739562356,-0.1153925944239904,9.864118286167392,175.9474143673294
5QGey,1.946597252843168,0.2841391731127684,0.3355137065124565,54.9203015488947
OGBUB,0.7232194399196322,-0.3681769688413813,9.044348620674928,136.2694422629201
vsi93,1.1762687571797437,-0.4151893777847605,3.630861475896397,130.54153466006008
eVYFO,0.9772803428886868,0.2743579974905834,7.17269931408805,161.94088864161824
Xu4hv,0.1555055964529541,0.012525660796276,11.849610868863408,181.998232035323
U6KDA,0.7333629814962351,1.0776897549858426,3.1524372144417137,104.19166456062486
mggaI,1.0747563504371738,-0.5368559842426023,-1.833451662920972,59.915425434993
HC0OP,1.7231356131965008,-0.1009763933054603,1.2985969202745749,90.21471699721036
e11OI,-0.8249175643526044,0.4319650059477034,-2.364677115126231,28.889034822130416
5yWJV,1.7433642127290592,0.2424546084067891,2.028533449567655,67.29833722446168
qopeI,0.2968182980474944,1.0285326646144213,-1.2188264780233835,13.65035363235447
6xMnd,2.035113026064637,0.3943016557482593,3.37062046141509,104.38143228553372
Qepok,0.0905481197229076,0.1139272421564136,7.645597062814679,96.24812022135674
HVSQk,1.7383195740258008,-0.1322580944841764,3.4575058495700897,128.2634716199042
cWtHd,-0.1644207018108701,1.1703198185916135,-1.7174223263230854,6.911028148461612
EBgmF,-0.3815327966406239,0.9786173800870784,-2.6073113053255126,5.460239857202954
kCjwj,1.527186299751272,-0.3719384221044582,0.7931631452957411,37.93453617998506
vUbMS,-0.0529655816358079,0.1309179171661533,5.998764556185701,62.78110628806195
kUl2u,0.2765137572342538,-0.2812143239193311,-0.9628153546878888,75.99303434272886
fyoPC,1.0643098819338694,0.1666471326784692,6.888765253893876,121.46523956694072
lV28f,-0.9261803689507752,0.4468459191304081,4.667846646584109,138.53248231221667
wIE0h,1.3940568599461425,-0.3075868958163472,0.206731583944329,43.84231675955238
880R3,0.0114845421601271,0.08823527279568,0.3968100282871471,73.92727163650544
n10uh,1.8441134631674667,-0.375594455802338,2.6904112676571685,88.25289815337099
dyf8u,0.4784934464086675,-0.3938450061535162,-1.8609664381822548,75.86849193997466
Eoo19,0.3001129494328754,-0.2463568588946339,0.7191606059920446,155.7792962950474
mnSUC,1.1496073922866763,-0.4720371368968884,3.8898778876906994,59.33705843690576
bjLK5,-0.6445679481328624,0.8716906315515208,3.4707445914750963,107.71730263396428
devw4,1.955828902484935,0.2602366521981964,2.1346720557688807,61.80881524594172
4DPS3,-0.0749474725114425,0.0873443617589476,-2.3669823484728845,51.06279678525265
rtC3T,0.2248968015873086,0.0506629482366205,0.8376133700862605,130.07362312914782
AEBU0,-1.2080667032076828,0.1767162305096963,4.298582250170414,89.37153598096094
Nm3oc,-0.8067584889683697,0.0455449858390851,4.789412696759731,133.2099226773754
8x9hB,0.6071871971031418,0.5873402073216176,2.0506447488087574,31.24179371275823
Ou6WF,-0.4624629118885815,0.7981605530864352,1.737458251772772,155.09882202079294
bMrkz,1.258330705708791,-0.3845284852172229,3.1916883383241923,151.8543544072443
6DjcQ,0.9034961919034832,0.6235453092041059,-0.2791754799991999,144.60277217458838
kNl6V,1.98618483273832,0.3070931601812701,1.1984544007285896,84.70956710686421
xGyV5,0.4126560641067742,-0.2580275313134805,7.077898231119149,183.0955232998244
bkPOj,0.3617504673781182,-0.5519779324851624,-3.423561912891695,155.89029685452064
FyPIy,0.5530278200153081,-0.2282276761505801,6.152465614783647,60.28951767995439
4W2K8,-0.608692182774915,0.7596590375528954,3.4280297927764005,50.61483723837782
xWDeM,1.9891517527139413,0.0687553439465688,3.829916976221039,121.79190793111604
HhhZ4,0.8783891664639432,0.1463304349418314,2.8083392749015506,27.79960337617297
ZkZKo,0.7301565458611416,0.6263862717820038,5.753920732485565,93.97019957246674
qrMpG,0.636509587974299,0.7609540296702764,2.3131230943054577,71.15742773006875
NwJGh,0.9701209051141582,0.1479035073522911,6.971371432900647,123.4858710672112
lbVu7,1.7365735976095815,0.029377233442839,-0.9027038674368004,44.66890093336022
GJPxJ,-0.9122944367081992,0.24627919222808,-6.556552197961941,64.78613469931884
mhAUL,-0.7059743417693591,0.5819301605492702,-0.4954753548684802,73.77481813067345
7vtKC,0.5635577230980068,-0.3998932359984741,-3.3497821167574604,68.03446773040565
ugAtH,0.6207425232883996,-0.5605014987138224,0.5063539047171286,77.19872967307654
WdaS1,-0.911400434393272,0.4599684926599451,7.8029247438970435,114.37576239492388
8c3jm,1.6922994617324036,0.037734725302318,-1.8608838088756607,54.42818487544401
r1ZLf,1.2203368083680288,-0.5531163631848461,-4.157673604576686,85.31549573508369
6ZJJI,-0.772756116046789,0.5935713199508101,0.3910867290926672,32.22172602617262
kkSRG,1.9089643145558937,0.465636894587809,-0.990149047373828,117.9155532393838
qzdLX,1.904368387565716,0.3478569976719579,-0.8094093933206403,45.17063026048344
uPFgK,1.8094077099165,-0.0055215001333867,2.80791174366036,119.10096616582156
zE9V8,1.0131441050937298,0.2680747923353891,5.110454951089187,39.736618402422046
L9CIW,2.020002350383646,0.3484563732277567,2.4919438205767914,48.166819285014114
o67EL,0.2616301995873605,-0.0353573688097436,4.1123194102777605,47.8400527807288
04v9Z,1.0591181239117522,-0.3867257616409471,-1.052717233778866,53.98110392390447
U0fus,1.0619863547824415,0.1761212180960772,-0.2808438373922271,58.70592053387487
xT0T0,0.0491341306494529,1.0905712405382897,5.291268630324509,36.07171890162719
fYUC4,1.5449646828782502,-0.3181422883797269,4.453873513405399,117.0381634020882
R8dhG,0.1277248161412925,0.2445082036904826,0.4455976732832364,51.04488853734853
KqepN,0.0501632007153997,0.282563788213607,3.3584118076464087,175.34112857010308
8adON,1.8535638288319245,-0.1189856794597049,2.7268107325016206,120.3554567022228
yrGxc,-0.7420281364159884,0.3842969839393472,-0.7824854084667756,61.69232818501021
1161b,1.7488022298229746,-0.2021516013329649,0.9641521992596748,54.8826804152058
6MbwA,0.5908733588921707,-0.5696732008908107,-0.1103945083858233,61.27684228726712
uvili,0.8156096804170734,0.7698725452536949,8.422206712280108,127.95257982398724
1ccoU,-0.8940778909514301,0.3218734003003053,1.967699703198372,33.128102271826315
9neyB,0.5479903410335607,1.0134837517899449,5.668946577086111,30.203494713409185
yznb7,0.8715362521530435,-0.5172561713523377,5.0781606532752654,89.52385373177472
nZ5gD,0.1207393476511723,0.129710306967703,5.25684492473431,101.95332191280386
PExXU,0.0853766537982266,0.3247697569269018,3.818283198353116,166.6423691521031
zkXeF,0.1292102676636751,0.4695733158944715,-0.2921269634945752,28.05342392632232
L9EjM,1.0704421478178152,-0.0852567873115152,0.6069834486465688,108.69974791581484
oFOCD,-0.35039900350053,1.0253717537062828,7.423233199258058,159.14388545808333
7Mqc9,0.5595367045261569,0.7592645117650803,7.5346593194912765,110.1215676745782
vu3o5,0.6927307211044904,-0.356137612579892,0.3640306971006202,66.11761642380431
3FwIJ,0.4194732889508277,0.9694145788019668,5.782450228477657,152.4024069519964
7ijda,0.2545541716661222,0.1036002680917362,3.664019745290125,53.564881530545314
b8WQ6,0.3710659609465551,-0.0365846283012064,0.0092080068650266,70.32661719283473
EeI1x,-0.7925526578130416,0.4397106446197832,-0.6963142771985811,0.021781041742107
iU6hI,0.3936751078844502,-0.4473292625688132,-0.8485868836716468,72.64165197187565
S4oqs,-0.0062949344917651,0.4437827387835462,0.6903553151241405,63.36085344161502
DMdQW,1.6333577456877633,-0.1765502433080737,-3.2521387930381938,78.9740809325614
aOEuE,1.943347540662916,0.0595641367055755,4.385768546363334,154.70578882769306
nfywl,-0.0528452614027274,0.9119260860784342,1.4234546277900448,145.73385311917605
bcnPM,-0.5777996232401629,0.7292992934796849,-0.4834380029729449,6.769882205029671
aRv3K,0.7086851018920153,-0.461016331850882,3.81877500701849,126.22995148685736
uXj17,-0.1184752250771362,0.9761688152523608,3.5042381679902155,149.73319185674143
zeBUw,0.2429535411521887,-0.3332798781527877,2.540387791909533,35.23752736499367
hW61W,1.5086220917077025,-0.5470933811658144,-2.1492586496148447,53.912585874408336
UUlkL,-0.4292657688689148,0.9572033884202528,4.539853849005835,106.42609954704392
A3dI4,0.9498049820465284,0.4197285597542617,8.063768688789885,132.77733934948012
somPK,1.7482322318217658,-0.294742629437621,-0.4353849131273684,57.70470675453997
LrTsv,-0.7215302838282156,0.7894275767097656,2.5547136480092147,134.61950958045745
ju3yd,2.151303251519465,0.2923421084724227,1.4832431154489152,49.1098415599068
Z57vf,1.2594712785289093,-0.5809635797389978,3.1452148804291657,92.77994518064592
FtcQk,1.4536192451489345,-0.4082891300479529,2.723456644860556,42.74368696304219
wai0z,0.6408353460140662,0.6295395110046955,3.2775060854318863,83.42511809538242
w3n7y,-0.477616989891776,0.8441104667931474,0.122377791667362,79.22480555535195
2u29s,0.7107558156034244,-0.4249284723572767,8.067457077856819,100.4501376339534
dIyt6,0.8858131473379612,-0.6045651772864221,0.6291129197252605,151.67166910549304
ZOd8U,0.2675712797818582,-0.0903046963989996,3.1874072283342465,165.5300971611479
FWyE5,1.518788150210731,-0.3775331445142578,2.843876305136828,79.54136414455793
EEBlW,1.2423989800760291,-0.4962162559010788,1.867968817043536,125.76773227573472
gy7vf,-0.7499986979472288,0.599050520643619,6.092121855849213,99.41901987870816
3xh1b,1.4639291907705638,-0.3194466698645463,-2.573489168129385,177.3304643081753
R9DBs,2.0023697297943515,0.4821431818670601,7.276187300563423,130.2966825347827
O1p3a,-0.4337251195147941,0.8878467080642641,3.760763254301137,85.99434039572867
YVA6Q,1.071262942181333,-0.0123761949486016,3.2483541026014806,122.3262835613732
wXqUI,-0.7690034803799887,0.4090954089300548,3.412230772033308,101.5886351465247
5rZhn,1.9873002361414631,0.1491042138816906,3.9959205491915686,95.19039722242312
lFF0Y,0.4045228445875849,-0.2300963905410674,7.391063189233048,143.0581422980061
pBot9,2.00923818028898,0.4885686163090271,-2.0042223828241617,64.10180873836775
K6WmG,0.450991424850351,-0.3395694028110341,-0.5495179425161365,84.67077137831424
XEmA8,0.8408824367479542,0.2557895898564175,-0.4751522383788278,34.6805438618205
JihiC,0.7657858651098391,0.312620925508998,-0.2208477986873336,87.38811320886856
qoTP6,1.7601227750979822,0.6020914649950111,7.85024806675515,119.8132521050297
1Lvf5,-0.8114454836803033,0.3403890978797535,-0.8799138817931418,99.18344004609774
f7M6I,1.3666649571174287,-0.5687292170868156,-1.2789702994204073,110.86259082928412
lL358,2.117432253635866,0.3026171759140869,0.3919496207318235,59.88269107509853
wXnWc,0.3961278978469699,1.0999642787581103,6.174208910419301,121.9512864453527
1dCzj,-0.721772946263574,0.3430456366550169,0.5522769475549218,26.179671656584784
BuQtM,1.808115168452164,-0.15560697908698,1.6497240480335331,31.653149314016115
Uq7tv,0.6775283946780687,0.6945952950712255,4.9691488907575945,86.58613625714665
xxroq,0.5386678688613075,-0.2747868733375045,6.907648061648956,76.42354249659408
HHlCY,1.82137463718976,-0.0518930296811487,3.04641442763568,159.0399191948109
w4xQy,-1.1168980052539688,0.1325584295648309,-1.1128098792734495,81.06008977643471
qDDST,1.829973420770325,0.3278962064264363,3.7402589630837033,42.08233189084388
WyCd4,0.0817038681153376,0.0617728456089569,5.866468651797843,118.00168560721347
iKk6w,-0.5205929827055314,0.944764798584822,7.937204357327199,157.18230921977025
Y7zg5,1.7005184754772764,-0.068622091985272,9.858856040869703,169.05304389368425
7GYLl,-0.6300586075964539,0.8001145674493272,1.5525169842591109,48.61685419484565
w8Iom,0.0130456579122958,-0.0366334907581175,6.0691133744027175,126.60855129046156
f4GQR,0.4348921809413567,-0.0455458316198577,8.321986156594221,97.02119102788872
CnPxI,1.0651120686205615,-0.5660615237289015,-4.251666465747518,53.56323597033328
GqFn1,1.9754767127390287,0.5129850420700273,3.268113160037875,98.5171760396188
Kq4Je,1.41431184864057,-0.4117532901516705,5.404310325036426,82.79240410347343
7Fcu6,-0.2170980041455642,0.2585290544224416,6.34813974743209,79.61984571095047
mPGId,1.0552707861606243,0.3659806093438488,2.8680073460914195,29.298310752652
ZPHwv,0.9299057203197896,0.308992456746911,2.5841196305193845,24.32663338988636
ByEzq,-0.0807577350745338,0.1215531336185946,8.009947270155868,126.30072496736926
jYzQ7,1.7829630589658392,-0.3078719050192176,1.2550844533918026,27.43420278601605
wNgZT,2.0944239149463595,0.5250323934684176,5.233822912846314,169.32167331886873
mQ7y7,0.3608380265466873,0.7494068051800786,-0.0370036903195347,73.31668919455771
NpV4T,-0.3403934146940457,0.9144479860249752,-1.3928509884826286,38.81588374600227
AqDlW,0.5482360755194126,-0.2764549004598212,-0.5860935374352252,171.94976914095025
sVeVt,1.3043274590531069,-0.3367018016803905,8.755980661866507,151.450253185418
DVZCe,-0.2410287425390358,0.976640664831413,-0.2873186026685621,77.71149026392847
IP44Z,0.1415455074728159,-0.1488782859352611,-0.7082197801860595,111.31749342132063
fay9b,0.7263107083646185,0.5759509528917344,-1.83036975082936,27.854483407929354
PtRf7,0.4170341517473299,-0.0921046704235177,4.550116488857459,83.51034274891023
eYjTh,0.0171608193183417,0.2066929646687581,5.168096892433872,147.29336351864276
5XGbQ,0.3954611764532098,-0.0792533515485949,2.9603561431494043,165.85307415879635
Y4utU,1.064431737758991,0.5750451887556949,5.693105620085619,157.1334340637984
zoEeu,1.298882369611604,-0.4130044074498655,-2.6951361015197497,69.08016536536626
P6Cnp,0.7934169523052657,0.521734896968884,4.817919954619003,40.83082378698813
yWB3V,1.9906057749580488,0.2934626649580363,6.9069828168894025,146.15407662246474
ZRenT,-0.7734975505523086,0.1868564997398265,3.4867844704320925,42.45334764690385
lWHUD,-0.0392819785539515,0.9947818190060008,6.624619165945536,103.66590208371244
R3e9Y,0.6522882007698984,0.8928568977523084,-1.1842295555036455,82.44659902081213
CGt8Y,1.0030713072930968,-0.5232635594450721,0.3662155854370148,96.04529203119029
IsEHO,1.7143938420541385,-0.2175991075200696,3.8848774735200298,105.61433761352744
xIivz,0.8172195517570443,0.5364434846118216,0.2569594424917182,6.813972145985716
dHtFT,0.212788263161873,-0.2370548150945859,-1.1646243772166578,63.166358296357735
Fbirw,-0.1235449714009494,0.0473514868291164,6.881608064349476,159.99604040107468
PJbVS,-0.5234986372311203,0.8554965558498205,4.5181613508921465,78.32219402965363
NHX87,0.3367170019276525,0.8645609977004294,3.409237644700833,100.42629943835333
dIRoN,0.3881388652733156,-0.1784117525052586,0.2593349326516263,87.13535100155708
VoOz9,0.2730338894019466,0.0561217163415129,3.28581490596243,150.2640033733335
wtmMK,1.0283471666414277,0.1396293588479177,6.195552886778224,101.78590093146474
0rIlz,1.6002221512743966,-0.3109422953950526,-3.089327943452632,62.03047448176447
QcEBB,1.1084743595404143,-0.1525081663440258,9.874963143026688,149.91201693088658
9rVk3,1.1993110666365585,-0.4845509633297713,2.0207184824587943,104.48629036015429
5LZ8n,0.2788290055809146,0.0533822508753382,-5.028732230639332,29.250201052657328
KZ2Su,0.0601647839869027,0.3020419529460103,-1.4213921987486953,76.87499479910352
bDa5t,0.0270644604099106,0.927855136176098,-0.2302622628877176,109.87259130731186
1A6OD,1.2188845146456022,-0.6274965074795295,1.1982355340910504,161.8976164329349
Dn74H,0.7429828359976776,0.7452450700911641,2.182620383773909,39.29920578290499
0TOI8,1.8562673961908016,-0.1253157875068649,3.816430003684332,44.04055682493587
RUbVi,1.5530787317409624,-0.2374064088248677,-2.444638983933716,80.15353785598626
nceBq,1.7300925073321485,-0.2202015607470674,-0.9680884829209708,79.88279016331012
q96wm,0.720686221002323,0.762427179820112,1.0400786677060898,71.28303383563626
uCmW9,0.2428694031841344,1.1090552227190325,4.148629396979176,25.66780334433647
b3bOD,0.6004262836643776,1.0927776525904571,1.769821131325807,75.45719588089385
hfddJ,-0.903640359281616,0.3921285666829591,1.8178996820962792,125.06790042790917
gTPLS,0.5952834223898238,-0.4105468075203143,7.4956802020867155,64.64943790188008
51g8l,0.2901786638412849,-0.2074649434755352,2.0984880480530745,141.25773596518724
RmHFk,1.9953789230696093,0.3067909701378569,6.252116177886848,163.06118856903325
1vkzd,0.4007838061886979,-0.1614493499273773,4.263471777723049,73.0838770211183
kpogM,0.8002412928879579,0.746988503864499,0.561095203345424,12.408875265003314
8paCk,-0.9337574111417574,0.2832982884238942,1.2056160190285434,45.45831870785077
CbgCd,-0.9411681620254332,0.4004070970269561,7.11268295843611,162.1707224853137
vtIqa,2.081645903140942,0.5316673654166836,1.9487412335213148,51.21484615598983
IcV9E,1.0461780113972767,-0.0601406460651573,5.585399104825068,142.5837222678227
7ousW,0.0658480671467484,0.3372573684684323,3.045628369605087,107.77357432677664
UiWjn,0.8834839268010052,-0.3587476221194111,3.605309755414142,158.595763040757
NWYQP,0.7353789689712151,0.9281734263716171,0.4739341506113513,25.929782252241264
KD9xI,0.9277662464377204,0.4379109811636104,5.9021353252562765,158.04378288199268
0lDED,-0.4541373643375275,0.6248011007995485,6.614063757268799,71.77728922384034
1sqv5,1.2908262565390616,-0.5226601925971401,3.380434206737024,172.49668209984085
hvNag,0.2534801145369672,0.9850801487130704,-1.5087233662746218,63.66963328140268
re0TK,-0.2387407798509852,0.9643410945082715,-3.2639393392389824,37.56381735914369
fd3sD,1.7474558426963058,-0.2082904405647562,1.468850572822819,38.77995936275087
MHAft,0.8474924983513246,-0.271119726037383,-2.913907681027468,130.18166371336685
hIt6k,0.9280125313516778,-0.406191598246086,-0.6481815826147219,138.81635584070983
GwdOV,-0.7889596143491787,0.4561755348347168,6.340412224185664,130.39267539598913
gn2oM,-0.3000206651897346,0.9807117081475452,3.675427576013445,98.47957067647258
FFV2Z,-0.7310898139246021,0.8900341991004224,8.449581124884398,113.07587023670315
V5oKl,-0.1710942344213266,0.8489401379420685,0.391270570178249,113.98955405474726
1nvVi,1.8241190108060472,0.2541001663132485,-1.46625022528071,81.08955380586012
Zk41T,0.7772405741325303,0.4613204285856327,9.539020400046002,152.1575570512528
K6ltR,0.3373120982402572,0.0225231307222142,1.82008819754818,59.4568315560685
mS7Ri,0.8190175049673869,0.6680553655875653,-2.293932549426179,76.2625138140175
Rm8r2,1.6410185607143768,-0.0679447680924012,2.0333411795517127,123.29650826590137
3l0IB,0.4606181734307273,0.921808001693756,-5.773780843904802,24.79412875370445
rPgZJ,0.0321982441946362,0.2448848085874169,-0.7832113816001387,75.02101667867763
Su0y6,0.8570601898615332,0.6000988821560217,1.6155868392067056,73.6828681605643
Hh5mQ,1.1034728749069258,0.0130380022143003,8.67347801402692,76.66719015254311
sYEkx,1.6215740291866296,-0.4050495618935637,-4.623183855466823,95.0720689404168
y6t6K,-0.7564047806406693,0.5618933519273258,-2.856292882828793,64.84672110370707
XF4J1,0.1396519158919884,0.3727275352658817,0.4506611184092181,57.186211049262425
2VbqV,0.2176404081170384,-0.1151746690283183,4.795642128358078,165.5224362129943
bAJlE,0.4857651706389479,0.8688074887270189,7.570673380046892,85.95681126417318
iTLYZ,0.3441007757628002,-0.1687033766894319,2.2365848119526275,24.85702104910289
96B9D,0.7239624050616398,0.5855326832817938,1.4416914274707706,5.553050446022791
qVoy6,0.0856477940542597,-0.0465863951665409,-0.0462740311435108,71.31429415653342
wnIyR,0.1900387392807109,0.243646262360831,4.880889802076818,104.65951078858949
IEP4E,-0.7998824926341251,0.2983508887782966,4.2573451178019175,97.09297092156297
8MCwK,0.8420398917508358,-0.4543360556825741,3.877475988291689,164.4167934733615
hKir9,-0.6412058495115524,0.6563337780381611,7.969615674012672,121.00328577858276
BFPLl,1.23018616117269,-0.2987282317176291,0.0322883637090368,46.18034187139798
p5DbV,0.4111425327317921,-0.2332048830140424,8.414271846319947,163.86070312314644
53N4x,0.3723316966962149,-0.2843002748781203,3.1408686283544194,114.74808666518604
HyNzQ,-0.0834180344952551,1.05246648769877,-1.125535297300246,52.40680810170279
hrgvS,0.4918173879320743,-0.1524502715638596,3.2804114177865,148.3734062540762
yJE4i,1.663055853307244,-0.286137439169809,3.301293276116,156.43352818840276
ZmpwJ,-0.9670496865263822,0.6604472593078136,-2.747296454294287,53.657896696190754
SlXkR,0.2638056463022089,0.9755961801868502,-0.7985686701543123,5.801983384719176
XYSX5,0.1852519413398541,-0.109446754191435,4.980333119233351,96.04600755615192
FLv3A,-0.2723731822452975,1.0282977698879645,1.0761600256852724,77.18148827947688
pqP1a,1.2818348825336363,-0.4583700355575016,-1.865819625200535,85.77319741423912
Z5XVD,0.5152371999326355,0.5889691945931126,4.488234278795495,130.16207828045066
tkWFb,-0.0102019028777364,0.1047799018669512,-4.868651459314538,42.78673276978472
9zlSt,0.3383849999886354,1.0096404130413763,0.7473950235189377,14.14013296227552
AbDzg,0.8070067516523647,-0.6365726226145455,5.701109257026364,139.4358595301336
kpCY0,-0.4914462447985158,0.9389991339886036,1.8273104864975287,56.89095548586147
PptS0,-0.1956841402100143,0.9415853403080116,-0.2720128128611105,67.99415023615211
VG2qL,-0.8486509042827219,0.5800526601123766,0.9336894032756646,128.91490816997663
pxg5n,1.449654950372422,-0.1689908220826188,-1.0021153115854449,29.728924581777115
Nh6sL,-0.4538010993884317,0.9476145066505398,6.083642527760421,82.63923004644187
aFbGx,2.0935897599333058,0.3039955202033617,5.118730982724991,99.32477279309605
zaB3X,1.4676032952508598,-0.4350531527143089,2.518454601153008,99.92482088021497
gEywb,-0.830864483199658,0.4663041516630018,-4.870680297702854,51.57806654348474
N1MlG,-0.0695788981095545,0.9524268858231272,-1.998749378312206,28.7079414389508
VHheM,-0.6501208156246026,0.682589074352802,3.5501558922031053,68.68890003390948
kzTIX,0.8470818610420768,0.1342921315302724,1.4702799238748283,81.248252416297
9w5gJ,1.0418254953516906,-0.5087922574882855,1.1779437005598818,50.14908531220108
OTRFx,1.4309977283422932,-0.2539060277302488,0.313020727386883,103.84249018124775
TvRPb,-0.8905088206159332,0.635979819216507,0.2502521324786268,25.45067370132632
UE1tO,1.0131304409324828,0.383507113893618,3.5545991855303725,156.54855849438033
sTcce,1.2353807944135555,-0.4476509733834666,4.626022002674851,125.07830335539684
u7NeG,-0.6562753207562089,0.2963136350811443,3.6370214969680754,61.33695386653388
9SCnb,-0.8649663273729924,0.1563592326927502,-0.9454819644044544,82.39556403861792
h3UL1,-0.8860605162869641,0.4345640882896736,-1.4036154988237963,56.49204825337984
OSg34,-0.1100626882576508,0.496277496623302,2.8939868114351994,152.0968328504566
Iqppd,0.2065507576564102,-0.2580187906142818,3.759415677093272,147.6657119856814
gN8r8,2.02922285761098,0.2609561736957614,8.156437697873308,131.81970553421166
OS5cB,1.9314732924823497,0.4518989203493293,1.5992883318993083,95.2997872630778
GU6D6,1.0798853042714325,0.1587730506905312,2.5888571340427613,31.09769762379593
bEYnw,-0.6459028320176363,0.6701995506630403,-0.8425232970279284,84.90670465862087
ljbQD,0.4761217795755471,0.7999087608810485,0.5324517024772379,41.63823816614289
87TTM,-0.4151625406510184,0.7970314117403514,7.738743411612639,132.97610338860133
1XNPz,0.4059796251013784,0.9618304892576937,2.9346558771495386,37.90165628045113
io7EW,-0.7642357739761951,0.686723076129009,10.065222902938784,144.5312712411527
7s8XW,0.2048895128078155,0.3485504600762366,1.849941822504088,26.72608447607275
onk7h,0.0854829666428636,1.0383167951858288,6.11733902674596,96.47256250934863
NK5uR,1.2623831742845877,-0.4183017304858301,3.506527570685161,164.2072830331918
5JOA4,0.9639245244298372,-0.4848367434299797,3.8125265462685984,103.04408353705904
wRmPN,1.018094350609938,0.2602291102950557,1.1624775969134005,22.493550988060655
mAVyv,0.5764750667136285,-0.3535758252678793,2.6327528740921085,80.14636045762715
UAKFY,0.0544050860152254,0.9350648984240024,8.109631184648894,125.44395693402444
ohZmc,0.6191038273425777,-0.30054381727888,-0.3795215152485278,130.972978060792
1hurx,1.5035426055548842,-0.2281073619139623,1.859689548000801,85.02167414166438
6A3LB,0.5049006833680707,0.782260239224623,-1.0954442852508786,27.481484994229017
1Fial,-0.0113388813205441,0.1529744805531817,3.389461078665541,150.2491165980626
3AJLw,-0.2771725965489233,1.0024880998368613,0.3042745005760621,28.61463058755015
KVwhZ,-1.1101608925254869,-0.0038206941253614,7.458511331328462,90.87549691011765
jeYJ4,-0.8784208548529424,0.2936435666647698,5.182768434568216,151.89519274119232
EyqDn,0.0915096676260698,1.048393360395777,1.9405844212374923,101.4984652842238
LIeu4,-0.8734614022534268,0.6337418935864628,0.6624015698460104,143.6915110509021
3vHzW,0.5854919470706872,0.6024610748112691,7.195351111362492,45.35323020367175
0b5yV,1.9862612068021817,-0.2027630147240028,0.4099036294129936,100.89602162919458
pESr2,0.052700558029951,-0.0441221170977927,0.0382998777945418,88.90226309373874
Xbbdt,-0.1635433350847681,1.0861713753563509,6.981147851121332,68.19924994439226
sLbdi,0.2121426326671576,-0.0609731573398729,4.819343351139409,111.37067506268356
tJMZ4,1.17026641742244,-0.522280072817235,1.3490081703443724,184.1380897339351
dTxgk,0.1954076770233867,0.9559257415015232,3.191246299663561,61.224328744047895
ilhvs,1.6218755715929682,-0.2029717673005956,-3.746459910749184,75.71240123559652
rABag,0.9691807885145146,-0.5134238193023858,3.3327818568831007,77.0370547509383
0VnB1,2.1040232348679635,0.4308990244631519,-0.9885147174588652,78.25665382755975
23tcr,0.7658900539310391,-0.4778665730298649,6.025160085326187,183.9852889334751
8J5uE,1.645161812015972,-0.3441013460297153,5.818702237321229,135.39308347473926
pWDGu,-0.2836607973500986,1.0485591120592848,4.190869278939712,140.44608532025072
Ozckb,0.935512790484436,0.1287202239472975,0.3133219640402122,33.709748566685995
kvxK9,1.055343251095482,-0.4774394478852261,1.6651860594553536,108.01013478973393
kObnB,-0.0053849209228439,-0.0109217323289721,4.819553656865414,55.28279379781568
NHtAG,0.668221893284497,0.892075450594206,-0.4070226138529769,131.20090139349406
pMoRx,-0.0317230737589103,0.1627785892486274,2.713310684921097,99.769107660623
VXbAX,-0.1154691896527594,0.2559766972709913,1.2758851709906962,163.12724220443604
ZX8dD,-0.9754505145898844,0.1929047085059315,2.3088577881613523,37.54000700076187
FKAXU,0.7985623927942093,0.5345351395931891,4.020128678914372,25.118475636928977
AN9LV,-0.9434604844526888,0.430827567876327,0.8100793855780362,27.85649815264939
8ReYO,0.1050446922935952,0.2305930435945181,-1.408732299774579,42.175057315775
HSZYq,-0.031765356872036,0.9622082332370592,1.6770919032889886,36.46599980573156
Jsa6J,0.7782654439782298,0.6468265620253065,3.825833716017212,101.64670370882534
oBDoT,1.9720458867793649,0.2516171812872718,1.3339762338765415,109.47453701594608
6ioPK,-0.5409695507343073,0.9384647377273212,6.987192875792693,83.34561115468829
XeUMY,-0.0226817076138542,0.2848082773886793,4.2262965796077285,120.75317160749292
sdFQ2,1.5150564619622142,-0.3475936289363242,4.624058850467777,144.21766569652158
VtTeq,1.8861616519448228,-0.0509605195210805,-2.675609678756756,44.41918088046001
tagSx,0.5955319810005231,-0.5347048670737113,-3.9217015603117713,63.91608100145053
UwtFl,0.0259516723126577,0.6256657279039978,4.337742678433097,77.27859245442991
op2vK,-0.8389115157913141,0.7337488903349,-1.1202307086496237,73.1150541264117
FV6Mn,1.9126107256386573,0.2240163093718608,3.327037627329996,133.44460444031802
sy3ai,-1.0269670125920396,0.3212711146485632,-0.8220748402347521,23.58456040495685
U6sM0,0.3649061921459367,1.0274458069432588,3.756382912513701,30.16876577403625
PG6xU,-0.820258542145348,0.5334165118991611,2.8681070284143115,105.1475811381528
CXhLb,0.9412846959735108,0.0861308131177164,-0.9596711454215514,39.75778574890347
yvzNl,0.0841218984698034,0.2223837649809583,3.794468888923357,60.242901672551206
oRtEi,1.8612081692423,0.3382597676519355,1.2211615000140517,128.78462852750877
1dCgo,0.2102450458639333,0.9552680415079732,0.3927341336765664,10.594069428593098
zHmW7,1.7802022948436973,-0.0110811809864988,1.807172418229375,59.89448319533853
FRh7R,-0.0393079478140487,1.0257262834310985,7.770399609613434,120.67828220118044
9e27G,1.1287180386979003,0.2897089546117121,7.167683493634591,159.34762261883927
Clqqo,1.1014540148870342,-0.525502605934102,3.1932915163978084,57.77455190016211
PWjEQ,1.5333673139925632,-0.2790912534333442,2.585907073645039,128.2228112488578
OehNo,0.6773590346030209,-0.3089614625797827,0.8340901934800833,143.92903193426957
lg3Ea,0.7481020480273396,-0.4834627448745449,0.4022482355315531,109.44901934251573
0pQOr,0.1406158593375363,0.1563897516416005,-1.6752604275322511,79.54991856213248
ZFyhx,0.1314226407374803,-0.1914648177919974,4.559584193526549,100.87109897129449
4Bul0,1.6708741616143536,-0.1239092004315616,2.6312361726209166,107.28096520865438
E7cNI,0.7960112316864442,0.7578200451507071,1.4585251194714006,121.27928535302192
z4kD6,1.930141338386923,-0.097473734903093,3.0043814745601094,101.47286062621114
JRR6I,0.9136275257053932,0.4378202451922559,3.029673477449869,58.79470523225216
uGBgf,-0.760376755267963,0.9614393338001316,2.2077088245110867,23.335262500482468
LdtQH,0.9400593980395486,0.347896503626827,6.060442723474719,77.45010020959629
nkbfL,0.5570357635363347,0.6271569319613427,1.8655114815175693,80.6990736488171
P55FY,-0.9808703421124126,0.0925905542716466,2.98168609238474,106.18999190918264
pM7xf,-0.9106030558006418,-0.0703184718838373,2.830245896843916,25.762056059145323
l4THo,-1.092217086356074,0.1382894213218488,1.6491330485746674,57.27151873438272
gf166,0.288024479312111,1.0977358309623595,6.474906951109222,133.93342236225146
OHyfp,2.093022155006846,0.1927902545172494,-2.751612741270127,49.28602995398398
ERcqd,0.9688760034065708,0.3722196032743028,1.7137943863540044,89.4980927878035
nIegL,-0.122599753845884,0.9826597958925396,-0.3980552223419579,61.38051660042992
TiMpe,0.9326112517414856,0.0622532677113449,-2.396945667247941,66.09569477436924
XzUBn,0.882660200486011,-0.4968559251675894,-2.5160469530993645,54.46453186378166
pBIZR,1.0646210878684408,0.0475640203571061,2.0627801286369363,60.55373470264638
JGNei,0.7098462504812558,0.5650168224816506,5.9132693823494735,132.45123417292882
8kvpf,0.1713548684193702,0.2036656908179786,6.0831041690114604,126.1681375740966
klIJL,0.8588249666653878,0.4673624677340521,3.426518824510681,28.560852990322168
LlglN,0.4916684103144331,0.911185285162976,3.350409594889828,101.6011989648074
7FQNO,-1.0542058874302422,0.2183201832863717,4.770226055252131,54.96510181058193
eYthe,0.6675733269878329,0.7599978075101705,4.257675696905111,154.43477704390608
lzQGK,0.5401036014638094,-0.4032873542852131,4.886974438999268,92.88428729602542
Y6Nml,0.3596092479873468,-0.2065368698239482,-0.6570223376690569,49.413593704321976
kH8rK,1.2166349210056775,-0.6160278554922217,0.8827574700355374,125.535708964179
4wnhl,1.538949211306856,-0.3123010901505443,4.6275870939219415,47.89075345523976
q7g9F,-0.9301943822378388,0.1558711291912142,6.994457269384178,37.9818546983596
rPCIk,-0.8563293860912687,0.5137195808401954,5.939374428035452,78.74085484181087
tFhfM,1.8403140364189907,0.061089072109368,1.4655768892112273,36.9060055948523
PVqEn,1.4157084153145314,-0.4765163330250807,2.690918308971293,70.57424886585748
zBYWo,1.7813854839300718,0.210646795337871,-0.1418145550957849,24.59318387655575
eACKq,1.1152781764008304,0.1342945061600977,5.170506202273289,93.09647989325023
YnkjL,0.8583493264199582,-0.3169519896257642,-4.406649136442813,48.06075732483816
9F7W8,1.3142933089113624,-0.3038586927237407,4.750719324246594,124.76245655459206
eJcX8,1.743189615962705,-0.2108054883625261,-1.5918548152968022,84.14566653133801
Oal4k,0.5938510956983428,0.7069148967625485,1.0669765063816992,52.90188443219175
qxWbh,-0.7147278229340278,0.8810238265998706,5.10159962328393,85.23614263049527
4oida,0.5337797064765516,-0.3283728817740016,5.578400903612853,112.97580243166672
RRgSB,0.8406488908235834,0.4542356890834048,3.8992473266578656,61.21730568192947
rvzBm,0.8701228172539166,-0.516466272611955,4.797169994788863,120.04527944078364
9UHDT,0.611138504702201,0.4766160293112547,4.158289675345105,103.08773463902892
cx7IR,0.0357556209080386,1.1190255756505725,-2.5970154417650777,110.49047984339492
ui8AE,-0.1963800070603184,0.8263855380993388,1.5097822566042551,49.625331715085146
AVTIL,0.9529409769483556,-0.4545445039746143,7.862682285480186,144.58603797193814
lkfhq,1.0177411880186136,0.4392825625074381,0.0072564242036046,86.5584852111894
76OPS,0.5591547235298603,-0.3889502373046981,5.323559379247257,123.83115531763798
i4yfr,1.8457859918534727,-0.0269137155124433,2.7905719436614134,162.53169848104952
jVqBD,-0.1611754187754868,0.8923165940599666,1.9873819097554923,132.9192343843741
Grlk8,1.0264699733705398,0.0500254894432489,3.009604083420064,132.9175274804658
AeaSG,-0.9648690168162346,0.2615675645670483,-2.8387935650914207,30.739407745033017
CLrG6,0.1788060662665354,0.8869355365299828,4.034812776713875,130.685752586816
cfqkp,1.0793467723914316,0.396635766588045,4.05354349235764,79.93660470962404
dHASk,-0.8779192620164603,0.3934012338948153,5.827159170527634,65.58136777903776
LfFpp,-0.9362478556882496,0.5154889544624963,4.048114886347166,105.17906412386142
ia5yD,0.7340351714475023,0.4619937696307495,5.823683403675134,114.26546522103176
Q1Q7U,0.6357084817788902,-0.5323427997553838,5.147042417474024,144.19438853269645
WGYUj,1.1462072470177147,-0.5234368814484845,2.893389723130854,104.6941244481737
zh5Cy,0.8778610667007762,0.6310428405524929,4.796496859935055,128.85221772462884
LH9oS,-0.0688728121072695,0.1881689533553756,3.5647309573242763,75.60285635132044
S46iJ,0.2137728496820084,0.2153887955741576,5.864930803049789,100.43204119976504
0h7Gj,1.7392653266797755,-0.0956385171148897,5.8759433849442,149.90134409205402
IGfB1,1.3075695340684037,-0.5293189221828528,-1.4200133055464317,41.51132863865737
UHWQK,0.9059561643621842,0.5352738785289399,8.295571515307259,65.72970177860657
W2Jr1,0.7800024928016683,0.6374474360266172,2.9301247999695432,144.32131099212825
KNg5K,1.7086415313760055,0.2651473669712015,3.431481356964059,171.3384566955391
CAGGa,1.816863728039762,0.4123906340002667,8.135472342647379,135.8358835475288
5H1u8,1.3876271055184206,-0.5483998686282101,3.786928161794719,120.256862286986
NBOJt,-0.2438657081090181,0.9579570381366244,-1.4549870286438455,72.4737295019486
aQKlY,1.8284408171145856,-0.1587280429936416,2.296348484672764,160.4200276487419
rDfLn,1.88341155319492,-0.0730887627562175,1.658605321563262,124.62740503137206
ABkLH,0.4591842973296305,-0.2370611064592187,3.8506957833506847,108.80754717935493
TPWbA,0.6897534033447932,-0.47901438659444,-0.067938497635513,60.01665345522807
HzyPD,-0.921550881395498,0.4198491146627311,3.2202867985325407,40.38457454553047
742AT,1.141844554178393,0.1203253168421713,3.198157174262446,90.26056631408537
tLCKu,1.8666576287874104,-0.050150079779182,4.264962583902287,148.0583364012496
Hib5W,0.0998026577345138,0.1098281676683249,6.672881944997263,163.2805432256623
ezOIR,1.6434300194715978,0.0124264441188675,5.319514312830363,171.65288503068822
yINKK,-0.3251428777764063,0.8848796360620832,6.653707842953839,117.60046671628864
8WsiF,1.6881375130190397,0.1282633329678211,4.160824643753101,71.54293749247387
Y7f2n,1.9589144605117743,0.1147878397879104,6.7549641325466565,107.19126226905948
gWzCj,-0.8138567145373222,0.3056786547469999,3.8239411097323055,50.503563042297785
FtogE,-0.2392704789013743,0.1074022192678603,3.1967541766914813,84.49685913178726
Tjvkq,-0.204747632200808,0.8658207423614355,1.1982705078378155,98.6346906334102
2PT0N,0.2273391896413806,0.1081754377724499,-0.8074479735653112,26.387249484335605
s7DOH,1.5321974684797404,-0.2681533730790257,-6.342175620726807,127.9143338870109
qmfNI,1.5656413263128688,-0.3099287413226605,1.0647592799277958,80.80287013727424
evpEu,0.7564794835618509,-0.6227439405580919,2.854187725121229,106.38835702048333
sVwgq,0.5538368176714371,0.9242696141399234,3.6538156194658526,45.43375204211175
T4xiM,1.936767087524203,0.3373424892029398,6.74500058382133,148.33993543582298
9yZv3,1.914297161756136,0.5684751120625544,-2.192513465185076,82.51497003726637
xWjKb,2.133409267854074,0.2899698067225691,5.16118247495398,184.69379320328585
dxVjc,1.815538110797948,0.0382269599178243,4.34254824821927,120.32272151386164
jTjWT,0.5177496794963267,0.8269874175403731,-1.056976011302074,41.617922201673416
UazxY,-0.3754664655732157,0.8963822816815311,3.976267721443453,91.53459367812758
fiqtH,1.2892572508348807,-0.6637296346293067,1.4414947854727134,53.95311705556587
2SmjP,0.1911154813321678,0.9979782579138534,-0.38377086446026,71.20134483250095
2Q4Y1,0.4422824625768564,0.9615288532042638,-1.0858290349526454,32.96378141155565
N3zzS,0.1659346024846732,1.047339960065906,1.2928773753915448,87.88391725097419
xRPcf,1.3759122682037688,-0.3441973150790474,3.125912826594484,132.64972886467567
hUbiH,0.8194128633770689,-0.6033012967601329,-9.070355326364783,53.04555430609903
W7LVB,1.7498842958887544,-0.0533274227023533,5.836466332750797,116.45444678678598
IjZJv,-0.0916743716061431,0.1226084666798162,2.6636509172550205,83.40008410665891
0r6wR,1.8484267481764087,-0.0940983948082457,2.2432629390178813,82.49106986905076
sEvyH,-0.911899804509124,0.5055549107158414,5.755266638809763,61.11951554787942
XXZgq,0.4602986394116125,-0.5438185254588518,11.921658676403224,128.38051461412462
luMKa,-0.0531068956621402,0.1128394027531282,1.7254121041844406,51.56791393921261
TKOq6,1.0528233687224164,0.3141526980665526,-2.3221158617778173,25.000264269865824
VX1Z8,0.5471369751017033,0.739283111311354,1.4626592022306424,77.32742892112894
bWnpo,0.7439815666166197,0.68903230330414,2.0227446287201203,27.022745161773408
EQiXj,-0.2628485250084688,1.1335196565382557,4.343977365577358,122.3088824428106
peZrz,-0.2542357223424654,0.910322971084274,1.2889525347214852,32.05762494807879
KFBiU,-0.6122065659370807,0.8626537159786569,2.8497207435980307,28.62930404867165
DpgDM,-0.0986488645109726,0.2642577245870942,3.1469541628202404,140.14188072413847
liUTg,0.1116763921859884,1.0166162265915255,-1.6749993628037112,98.70285547266845
AOvpT,1.9429086565236349,0.1300736545458681,0.8187327424115762,90.66886678678016
PkyGy,0.901893714195038,0.5613909687258587,-1.5037566375645766,5.391493617785151
I5zLP,0.8834752220500028,-0.5686033350539331,4.801317748308301,170.36203663513382
S6us2,-0.8165207186655942,0.7744370277731852,2.889815366548801,16.215450464386876
SAhso,-0.4938697873545634,0.6778808066840489,-0.5327106142516852,31.009003913819797
bfemJ,0.6086430846465711,0.9153531055635864,5.773819253793128,131.11771015503308
24SFq,-0.1900420414265214,1.2374384847833653,3.716023710771631,112.87174390935756
45TzB,-0.9756709257641236,0.5740972860985423,2.1848679550838965,150.7124174874103
SKvbo,-0.527879957642405,0.9984883901966924,5.389696193471672,97.4831132477184
KE1jv,-0.7130545727727234,0.7432935694909599,3.846765726787255,82.23545278714143
asS0t,-0.1169647876140657,1.2321897899936207,1.4753287408880733,77.53605967304524
rJuwJ,2.0276778882067994,0.3020273456477732,6.794902185529307,75.1422291814568
q9P0v,-0.2814626752781146,0.9334234209993866,7.283128983229625,46.19750915576466
oV8Nh,2.0335103788512368,-0.0900487062646663,3.3084979697499453,159.28986341726542
OnIAX,-0.6588116286713032,0.7524480672692037,1.2597391356312848,91.80916498956636
lT1oK,0.6498557228585963,-0.3527652386674804,2.0251240944937345,75.26623659931946
59Hhf,1.9955860430114616,0.2329475324768531,0.5062348398255441,65.47944752065857
uCfLm,1.4934127248842433,-0.3351995447409808,8.713254535730883,98.49138674057352
aAPtp,0.5609122951207617,0.5298461298490653,6.876415625506575,90.28773796809544
04zvT,-0.7612209056764685,0.6105839581938537,0.4170894337704355,47.52255071425566
7gYLz,0.8791360402826406,0.6330243850858441,5.147590743656363,157.77948860646688
qCU8r,1.0662158613919588,0.1852450334757768,3.5222227756911657,60.89438848923685
icPvE,0.7046395535757192,-0.4171419074004433,3.6666050787353663,107.44282621689683
QIiRx,0.9800218819135768,-0.3899885128935349,-0.3898923666682583,54.86154758528652
CLS2W,-0.6179836061747334,0.7121405764422996,3.1739118225712253,69.8172442898774
tRaJy,-0.7685074070564879,0.527283799629419,7.428829664511532,133.9030221178609
0WqtF,0.8706732745328758,-0.4103415477209407,0.9334657554551576,98.23594937125
qGTLH,0.7327842629798423,0.7075562868935892,-4.2821664532462975,45.21469744480635
MP9fk,0.0420897320627764,0.2092632987816199,2.31582157721096,64.87759747697832
lCQL6,-0.2741672610747488,0.9324929475779948,5.328892730571974,159.90661221664905
GXJJI,1.903438647199848,0.4117864388990486,4.793878740133104,95.08700019153716
w58eD,-1.1737193550547391,0.1072708192407166,-1.1943657717177385,3.0888815313132176
lrxOX,1.5920682632012964,-0.1936659489231923,2.646213478889671,78.81193580836582
yvvRa,-0.4680070253476283,0.676816038220919,0.160819129365725,30.146574670957357
Vfg0Y,0.8556118163139707,0.5362066572887132,0.4196596687743362,41.44252848480304
3h1C7,0.9675774490427808,0.3189129866924901,-1.2051941704963385,1.0227693314614803
CP0o0,0.8381361662087611,-0.378984548365636,1.0465152980274133,72.97595118535766
ROpSi,1.123786475144667,0.0368969745250577,5.762977710865915,85.20727055482563
VJf1N,0.0253147325707072,0.0287296915498774,-3.4639374860730374,97.3296970205298
fpIkr,0.7751512976964084,0.7347183614710112,3.8191217159219,28.665707289113215
37Q1J,1.7213198477115963,-0.0934888555155352,2.7191051044127814,118.66004032460891
crOud,0.061486601968402,0.1543488469706382,-2.5881237169387257,28.654454587524945
DfnPs,1.9241813945045183,0.0228145703058708,0.2130653558858335,94.06826191631028
hvYIx,0.5368596584175744,0.6556836404179279,-1.236999657253648,29.48404539375804
lxoUw,0.1773154635913137,0.0169776910725941,6.176465918410232,160.6179083018229
Heo1A,2.000595934383995,0.5440969557835145,6.466915745675763,131.6580188165148
vmnmH,1.1303779132924443,-0.5674403448663589,4.149887876083612,154.51815556185107
vJATL,0.4037481530866807,1.0220625793885123,-2.724569701912381,33.88207340807359
PeMoK,0.764660084566767,0.6514064079466522,6.736276387323311,137.89716700529982
U2R6o,1.8216225917330788,0.1607454324222972,3.5147165647116925,34.06815150672619
sk1av,2.0039798726426867,0.3795626820877702,0.6709099693143432,31.155127085569355
iz8al,0.8070112342700142,0.8632401949198856,-0.2766082989121624,13.639498988801362
PfTBJ,0.0774268968537408,1.1814512467055784,2.0922623400463656,52.00117585568896
L4FtA,0.0715043724950449,0.4957777551107697,2.6839601123077323,179.04296587599077
rEumM,-0.7906102549741284,0.473212378835422,0.2967990903211285,40.15877615848135
9nFnF,0.9276253659120972,0.2326816393311987,1.7432063993604987,113.47215613752824
sxFWq,-0.6204062385720255,0.7598979401487578,2.1932541053328247,128.36898347523984
wGmXN,0.8903986933121032,0.5513693233560322,9.009261767974008,139.59076757483334
fyvS8,0.0466866353939227,0.3245611964246842,3.9171664546434153,107.30282047647566
xT8du,0.9753059732230064,-0.4853400230912273,5.2704564350977225,160.9277843587465
FsJHs,-0.8436829000798874,0.6805682200952108,2.8595799182250428,37.010451480335966
mM6sD,-0.0731858714115932,0.2314016726867296,3.4984693905465294,31.849612895736605
RgYjN,-1.0839405516404892,0.3015439594568357,-0.7791245833676439,87.66928698851395
BRkQP,0.3039042480318075,-0.1028202308374779,2.6903170598500314,127.4649504245575
T0g9G,1.4631956872671932,-0.4352704218276458,4.961166993953106,36.79830306858923
COsZW,0.1320463233858546,0.1654705729182926,4.274831980638156,97.62038823261808
36Lhh,-1.1423561130070243,0.334588248477553,1.7419192589415928,114.52324009149676
w1G20,0.5888067777515119,0.8033877287413148,6.23986082168371,100.71079577548146
m7us7,0.3949112442596905,0.8922960894421748,-4.05495526382378,0.34092331191423
RLVrA,-0.4870279642923959,0.7373654549333868,4.258506328919862,132.05702557652506
X96mL,0.8374434648958413,-0.5569284287763763,0.7552890119076798,83.3090051868342
vKtLr,0.2395621854682765,-0.3576429639210945,-0.2374992845156751,64.48087708975908
YOWn5,-0.997437347806722,0.3136278504185312,0.85487606111298,12.850627908554864
i6zKa,-0.0249835669728726,0.9141801307536452,6.160838358342983,106.4233679174252
0EEIh,1.8747411694364955,-0.0589851520752239,6.0757491719261845,99.15782911904384
ncFHO,0.5929915703711992,-0.4332232665252386,1.5537451025288185,70.5704388686179
4lh8S,1.0678414400990537,-0.6129477439103398,3.2552882686039784,152.89751400587076
maAqY,1.5306057281251777,-0.2389380132782722,2.1623327375431654,181.61154878450893
Vm8Fg,0.1513736735334055,0.0725384000202179,1.5271598198080345,67.10642632732225
elUDe,1.6384806528197164,-0.3150146081635062,0.967203594306676,107.75709557115792
sBomi,0.425684772133781,1.1067309819967992,1.0879224710038953,32.570772908330184
gkan7,0.961138486650519,0.7763525801898141,4.537300608580248,102.30717483178115
ZvYue,0.3522727720143694,-0.0612175035970849,-1.3730590284590858,77.63632938128929
6avLY,-0.1706584806322454,1.016529128699276,3.921298583416229,84.05537537801186
nEnd1,0.6165543983270946,0.7656903031857695,-0.5991920611281163,114.63160374558603
V2jEY,1.7549377564256523,-0.0590455576885028,-2.03754969938717,37.78317568514667
1wqsN,0.4435282503886422,0.8642361807188035,1.4629151037759365,91.50538029948837
DNULE,-0.7956964369460725,0.6265094085996277,0.6091724729023171,34.37442703250501
ppvC9,1.3002472281235276,-0.4533485008846265,1.2199012555038165,58.07358309448926
8NWvP,1.8965708259661875,-0.0927371885209496,6.844489669038457,156.18131355009774
J2SMu,-0.5813306793767271,0.845339566834358,-6.550160147983108,11.496112860309443
rsrE8,-0.9274230731244878,0.3455801703428069,0.9977991505567624,48.30906497138046
6wN0U,-0.9886649511817248,0.0380654339234478,2.5649107414887933,98.52373452549678
tFeNL,1.1259923027461889,-0.2219600927459022,6.802576498443836,132.4668559147647
A88Xp,0.7434485740232817,0.6784349125400525,9.06372923124088,96.99372677837364
B356M,0.5621299053906711,0.8815750466946469,2.430527764009542,141.17531132809046
gcFmG,0.1713115083886197,0.95237576798344,3.0074210092489944,86.91311925194358
vea04,0.9659678032503042,0.0574246366480182,-3.787304255856628,86.57350214205069
EwWin,-0.3979736455789179,1.0991931275823363,5.022355693227851,144.58229280354598
zIXBY,1.6901118125282053,-0.355252735922731,3.668055770411143,176.992295693454
jCzeD,-0.0652170367738174,1.111951348536674,-3.685395187926391,108.76839489110506
YFo8A,1.4382121000250738,-0.5337184603568195,-0.006302888846428,55.32607142263045
RDx29,-1.056954984825132,0.1931360255973502,-2.2081623075188963,103.94995221082311
QphvA,0.233686609501445,-0.1319934993233756,1.5868652347846357,50.98513964234106
Qmpqo,-1.0528590325146874,0.3327866261886315,5.608825516526223,122.1384183869448
2lzVd,1.2558860826286236,-0.3196583194964426,-1.5634766396237798,92.54476735843238
CN3ro,0.4327528411764402,-0.3300607518460758,6.017018720471491,119.84946235543856
N5C5i,0.2497212419251009,-0.1376342573262563,2.9134976111260213,100.18026610335932
0VbKF,1.4479196136350776,-0.3797317190047436,6.935056290531584,133.82873660045658
n5Fpl,1.87639215571363,0.322436636057839,7.905032273765867,134.37091697813142
NlUZ9,1.936250445476426,0.2604741694924725,-2.911533999216453,112.12779497064946
Hp1DR,0.8291955822638742,-0.7740277991282516,-1.7280895176381663,53.28099929294444
Zzjs6,1.8578012678361533,-0.0520042970371254,0.8832475426321609,121.30943867093885
1CCJl,2.0269582883154227,0.295406406651126,7.506997564522532,164.28455168583096
r0LY6,0.0347061775081237,0.433247022351998,0.489334017661965,58.713113736497526
4GW3b,0.1632125927802582,-0.1185014534959583,5.547808463198344,95.58504370503027
lTmz3,0.1315434042032611,-0.0578794259825312,2.493926137402187,182.90095346510992
IjiVN,0.3144366837235632,0.9502345330726374,2.811903383349789,119.90038789252846
2TGs2,0.6596972670186413,-0.4850094471548878,2.1995805506209343,42.9760767328775
6TQgH,-0.8357930610016833,0.4807810301121413,-4.662520489911919,1.6486792976305766
pOfho,0.0923008492347564,0.8722070205956532,3.5926046392799904,47.287364828725856
XJvAJ,2.123334000382224,0.4406801273259455,-1.1466135404894742,66.64669602576664
znFRg,-0.253514707784794,0.7750695942774775,0.113417614825324,106.86444953698324
qhbWf,-0.1680942133750015,1.1811179326418522,-0.6899346514840939,32.399648343976125
XfTOl,-0.0145487128112149,1.0548072310014456,4.209702795069544,97.25391509025408
fV6XF,-1.0391177864222965,-0.0188843065743195,4.263255857655979,99.98549857713846
qLghp,0.6880582696702722,0.7526553229013241,1.8585676871423824,97.45072342671888
lSqMW,-0.3835775936327033,0.8575047413773902,4.408491737313791,112.6484626696721
MFpRg,1.9735424581134744,-0.0415923151599366,3.2316355925786686,162.37171958732114
6fOzM,2.0798628815438973,0.4128143535534097,1.0621703513937593,56.685580575817816
aVVOM,-0.6388484007287879,0.8070459766634955,4.13654389125759,75.2144950927302
qBPXg,1.9225386944298155,0.18538663937609,3.8301550101973674,129.88342491515945
Ws2MG,1.6994366093548392,-0.1218278540137281,2.8969473673933908,101.33565190716271
6j5lQ,1.0232204926834534,-0.5172966596756702,5.7532481240790485,55.999667958936605
ZikNJ,-0.0069127226450325,0.8233711427018506,8.390949934266297,157.9481612735286
90paW,0.2023829128327131,0.0800514629973982,-0.1845446686526484,63.10140626460361
EEyKf,1.4075505698881106,-0.2301381423323454,2.5730362316546187,181.1104970438973
FSzct,0.9340622042576048,-0.4585746346997006,1.3854918991082743,99.32206807445164
7HrpD,1.0458725730584135,-0.0124305065123488,-0.9114592699200555,18.481366318892825
12teJ,-0.0960405074557898,1.0157660738422385,4.552922741113669,80.8879185986365
BcpDQ,0.9830743341517292,0.2806398097179347,1.0804193979453605,79.73744697997076
MfSOw,0.9587363975940804,-0.5657514987549699,5.135636500638774,112.67503510222024
Hf6rt,0.4737988180056536,-0.4976419062741951,-3.854252635421023,65.07688878122686
3JD4S,1.6630392812292851,-0.0819208075028189,-1.1896248219193557,66.57907470709607
D7Yy5,1.4964138605126909,-0.2836385229930257,3.209717826257244,106.98237339496164
q6fvH,0.1257445899797993,-0.0466810421572042,3.761278291742844,64.89816281225556
q4C1l,-0.2373394961820076,0.8703911245959265,-4.943475758807094,65.4850976131017
p2s9X,0.5749235602272783,0.7930817909638851,2.9911326709783665,140.83399665690217
FIFLE,0.2074757917655472,1.010858467177589,-1.810805002452449,99.33829135693622
J5WyG,-1.0042586433746132,0.5590152808254906,-6.004490823342403,1.216633904667239
FY9Ug,1.974689474946585,0.3875981849434108,4.968251163056014,125.61141051087796
3gqHK,0.0569765928126538,1.0537134875905072,5.386763317228903,124.34897633643422
ZwhKw,1.7485821551332494,-0.3540903186210172,2.735935602773038,114.14778666103848
wLTbV,1.7008942344645834,0.056759992651195,1.855623909117652,40.734282342122576
4kP1s,0.5490378571825666,-0.388434464062192,-0.3115055952882124,83.46647031918505
U3ZjZ,-0.183489009120428,0.9934049502643686,5.672070051427451,111.87410273509497
umsq9,2.089159983820749,0.3732910312896777,7.0110732492175,135.91105017404058
uQ4pX,0.3535461030697224,0.8713904218689694,1.110629156895213,104.4219576121908
dl8My,1.1744607608944542,0.3498214481018096,7.6542414068927105,142.0069766139914
UjeNc,-0.2523849542247368,1.0703198721465703,8.725405253903304,131.02945865294257
Htr0Y,-0.6106826358152927,0.6316000407893778,0.227084252979667,14.836507010706448
oXdZ1,1.9679484751779983,0.1011392291689862,-2.5870573867207542,44.23724380634727
lnH5E,1.6542219035051022,-0.2313403036716447,-4.079320154279129,86.53475488806018
R4TUO,-0.1618361159673553,0.9304860522655196,1.138895808796046,82.88243336944701
M5FIj,-0.7042655618528855,0.8745481916049204,8.766016826102796,138.4575043883632
4aYi2,-0.158245758038165,1.0858586916878243,-0.2956209569956174,109.7004559318892
9Rqby,0.1868802927279156,1.054591672351689,2.855770401140433,105.09156882989134
IK47E,1.2802994104215426,-0.4547329526047846,0.3732557322587077,59.67636088684998
ZO6rm,-0.0144216033077091,0.0958139815468909,-1.921905006984096,29.472356931378123
Vs1HH,-0.3423843428655796,0.9125979481916058,2.4879316875170567,18.072830712989077
XRaIk,0.0329180208423902,-0.278426510282016,-3.4025794679652663,61.4342302226259
roFtk,0.6660202966170155,-0.5628535706080999,0.3719233444021252,35.74171727665456
0qNJD,-1.042730744748729,0.2529762404721347,6.089684493661518,93.7292902490608
IBrzC,1.5424006248390485,-0.2881280123706234,6.100212724797813,150.5844229516536
76OH6,1.213904225148279,-0.6461041856986319,6.425958930401572,130.29394888644984
J7ky8,0.1867029578560983,0.9560487673924464,3.6644064760570383,68.523513257534
I3HTk,0.9565705520684316,0.0151489675378255,5.401909391887166,130.70232513927766
pyRCb,1.0537655081473445,0.5588157104879057,8.963654742380866,100.23997263044755
EyCyA,-0.4357398190686291,0.8853632551412549,0.7275167041072201,27.036954280373465
m7H8I,1.1957172398144873,-0.3798048674125641,-1.5127972720736702,133.33449352755326
dXdAA,-0.0269161043573206,0.0919657304350875,5.660795065488411,156.5314234651826
mZ3PW,0.4401751116154903,0.7683775523972856,3.817727542549503,30.40609638410056
moxeG,0.6338224477552158,0.6903562495328804,3.66754866424052,72.56912628249086
eMacr,0.8512595558594971,0.3585162034845463,4.955413833124688,98.33178596455552
U2NgR,1.6032153099968158,-0.1710760066669003,5.152632546908947,96.1760351053257
CQKst,-0.8992401768988612,0.2408138694479463,6.037659683276139,48.131165496934976
yirnr,0.8151471770013492,0.4289091531944377,2.5388965394891865,91.13051295796166
xPrYU,0.8903762291948689,0.3425853709569522,3.2683652091605224,57.767119216308615
MxG51,0.3569101637026526,-0.0797801580456843,-0.7283948060313745,78.40076697085433
MfBRj,1.8893384672493871,-0.0113408409065539,10.812069525665637,150.69458599004614
CCMAu,0.1643858219381898,0.1905473309871446,-0.8318311416372758,59.416157821122574
pp84Q,0.3862485137082935,-0.299334852110663,1.7076396358764812,71.17300470146928
QrQng,0.4900278511338962,-0.3357614585137041,-8.368056439299902,56.23243860426727
aacjE,-0.5162599864795758,0.7581081396189133,3.463611604090877,112.37803742081805
yT6IP,1.222786301792124,0.1929333455494232,6.355209502437727,101.61329102697503
l3ps1,-0.6576899087611051,0.8141076918312136,-2.5505456881946555,9.194734113569565
HWQ3R,0.2251991447595792,0.8206715929877252,3.826178461206765,35.49361802943442
nX8O3,0.9040621264309112,0.3635265895798398,-1.9935040007997689,122.99304789333256
e4ZeT,-0.5093502186891166,0.8217046917608358,0.8164421891168367,61.633036776616365
ZTYr5,1.7617505650893557,-0.1753091734059533,5.758261100436227,153.8327617808978
TGGiQ,-0.1195461941009322,0.3001880040251351,6.993826946884604,143.81330603370677
y8J6m,0.003467863368084,1.0406333955494391,0.2421577209626573,109.86871269450988
eTDSz,-0.4840799497927197,0.8440794502823071,1.1660392404204574,124.51008648513246
QHAJK,0.7033410354178594,0.7694333546795653,1.5946141062584904,122.33568050458751
2pHlJ,-0.7890131457281216,0.4951861910388765,0.3334681419657599,2.496001881785901
ZRmok,0.9550117359529964,0.4681148900425933,1.910872724303157,5.839430419972702
rVagw,0.4149154559826392,0.7878926520204154,2.0837850713104142,88.03305114682874
af1Y8,0.981562449626677,0.101976061179217,6.630865547362447,103.94698942744922
98bQW,1.9525265130685656,0.2791765509771573,7.288193612772511,162.89375834108645
QJPLJ,-0.6811772825640368,0.8710501807821245,1.784388958143548,28.07564281077759
xB5N0,-0.4696021107326379,0.8303569226293336,5.334331960094452,150.34577023145704
rsfEB,-0.0846851834525409,1.030064233258035,2.774769893956375,5.587929984757978
tXzVX,0.0764571548240957,0.9150224293744172,4.003105105598978,82.66206010340986
Q4i8I,0.8911376746860418,0.7272793528009718,1.4001185102636562,106.8003838875212
CiYCs,-0.0857210582919459,1.066370439804048,4.3108768122869545,63.08925812884251
95FHZ,-0.8491573412987452,0.7457326847327883,0.0906090785791762,34.73743530633223
IS4qL,1.8643782297071003,0.0551112074397698,5.583106065854959,158.7024887110702
aAyBz,0.3676271697399247,0.9606817467903388,6.005637209008392,131.8398980865101
t4jpP,-0.7590764756223414,0.5376896153574299,1.6540571088916427,143.32478850290835
OTNfA,0.5587959982420986,-0.4281005964150955,-1.1824871394321046,24.339021452736976
tkgvT,0.2283535200065367,-0.123580524656276,1.105465182089639,51.5834230126634
TLZJ1,1.863822444536308,0.1515417665409512,9.740062961781543,127.14871970089987
DIKta,-0.7132310016873549,0.6574497260254489,4.009235786408551,161.73023373106116
FwGqH,0.8661313134058004,-0.7137732229768344,0.4980015119625666,48.29257559783584
1n6fx,-0.6911092483309917,0.4249455250414029,6.528707449892467,133.53973986679247
X8ZmH,1.8996050190477645,-0.0718268846892379,5.131994160829134,133.129974105094
8tRkV,-0.75698406027354,0.6402907325921443,1.1218674062318623,64.90823348109186
spRpd,1.7657772015634314,0.0395155395837453,1.4342076673868405,118.13024227177972
928RO,0.3237989064915219,0.8230622008640736,-4.590743483522154,12.092007687178045
EuzQY,1.7594011885863607,-0.0344740969650274,7.640286914432387,125.31135654434136
6B39Z,0.2921063632961702,-0.1966829027248043,2.3540652109712825,107.37446780072482
QtY1C,1.9000104074449804,0.0758475845723557,7.924244481694223,129.7873106761766
K9YCE,0.8791862221553047,0.4249439089973486,1.6896946789164484,56.85325684767428
KPbsk,1.933850209898686,0.2231747779288892,1.8653674161921847,131.83482275884023
1tvvZ,-0.4003369671874257,0.7546031863432389,4.833361845750723,152.45590291197365
nyAQq,-0.0171111562167209,0.8905409553227605,6.8787178810994885,116.85798757670572
Vuoff,1.8484878165813232,-0.1107362655403482,0.6896353441330085,59.58130382794322
l3ivf,1.0025708478279491,-0.494414891481344,-0.190907858903672,52.2317320742082
Qwhc8,0.9823208298757272,0.3815544707177677,5.157791647083508,62.28316485436415
5hVjc,2.00097288014133,0.4766071490288808,-3.5142686627298705,47.4441396149213
uevvh,1.6571837820657138,-0.6209315368083353,4.297125832797786,130.90603026431685
PSI37,-0.1279838124173973,0.3649403716389421,0.92290078435421,124.65242969276484
GQVJm,0.2314749873571102,1.1109731037816195,3.8568561873863016,17.934998759974473
dRsso,1.5660623002194145,-0.2818455399241434,2.306966756199712,149.1487177855346
32bBN,1.2450225415206335,-0.4331898913598985,8.226475049966181,149.56116430970715
qEvvg,0.8259473068578256,0.5929055304314368,6.598792555601702,78.35943282272422
ACGla,-0.8887381380093125,0.5385203115534146,4.26504060065123,111.3043109827274
y79Ig,0.0194277500687489,0.057123167638019,7.057446728657383,73.25537894427487
nCeew,-0.2002661168624014,1.1720455309233362,-0.3979951241952839,29.150504566141773
sH6PN,0.6457985568355044,-0.5042570520143247,-2.5557035493280376,60.71927179885324
pEpYe,-0.0567672018643303,0.4133322352648597,1.933253292099542,106.46209030025572
bDqos,1.597179880815112,-0.3444510323231548,5.499387554241576,176.6637490129955
6mdSr,0.445135222827009,-0.3483642005402305,-3.077786768362176,26.2164627060462
UK4Vc,0.4492795137934383,0.901362553297659,-2.7520576602560323,27.750252051062837
cxZRw,-0.0977044481792344,0.507412467632304,4.283275505857707,149.13530695046663
7O9AX,-0.29309030603415,0.916742448742122,0.7190407393759193,57.613518602943856
cU5ad,1.980137412478608,0.3952844228073507,1.0796553794622017,63.0531141128411
TFFKP,1.5277626178868755,-0.1945961750900249,5.373681264233309,152.39542728638455
TgZ19,0.9596849918872042,0.3290311470490425,6.22143245366385,96.62193158888238
eHtlZ,-0.1871083967920385,0.7943682019080169,4.026379687476449,39.20143370901829
f4AlE,1.0888398748425296,0.2888251963363892,-1.8385732735558185,0.71134923556698
tIypz,0.2115042167308208,-0.1959176587636862,5.058868676117912,104.5876664023318
Rtjqc,1.5658668852800954,-0.3656633801971528,-2.0560884031541846,40.44433173391873
efJ0e,0.9385179383998776,-0.3370902265006494,5.471716930374721,128.7049377100255
37yB9,1.3782840005472536,-0.2336706754411839,6.812820290363888,158.5120340516305
SOlWS,0.7043392204080628,-0.4087490356116307,-0.1764572828626369,49.81404638425739
e35Gu,1.5176401007657216,-0.4919257441767956,2.091157740376119,149.1868489031924
zqvn8,-0.9430258804424458,0.5292531000510116,5.589112650886119,60.27940938877276
dSW6E,1.5469973601049594,-0.1859190780384059,3.2702877498879213,38.45107424364598
1r1f2,0.9000410478460674,-0.5974251249366858,3.060303302243362,124.0815410240694
gYud8,0.0159120409336659,0.9160408184966063,3.1320650008066937,74.09595171592551
f1tQj,-0.0772615535333048,0.0497027848373889,-0.99399331007584,56.27534554839182
tohkq,1.8670923786369704,-0.1787205905803626,-0.2301999714521301,131.53147033878926
uNDKu,0.3471379015255841,0.8169209337464512,6.955611542110213,65.97960261806715
1P76a,1.6167145099763132,-0.215987297000734,-2.4779525496087382,67.94683990462018
7WLPm,-0.8756198474356474,0.0683484863025151,0.9640868669164248,24.44922967019023
OX7Ym,0.5682792101186125,1.0364821752216775,7.1342706643888,113.37515605040292
bv3Fq,1.4874280708699097,-0.5195214921105786,1.8869450350392645,155.66743677255462
USNPk,-0.0616976223345897,0.9501113546156524,6.879745304068374,135.6025517261011
1eck6,0.0471733869355769,0.8935215781680078,2.870437866973705,121.1214770178436
yr5od,1.888807688253112,0.1113821003110754,-1.087649322498331,101.2040993499728
tdxTi,1.294086806057784,-0.4808606233541476,3.639457321137808,147.81383624311928
q7283,1.0489851276972664,0.2999667071401249,2.917360011545083,137.76530858713997
qj1Pp,0.7960734423284929,0.8483635858159639,3.795866691655892,38.78319290118421
MOhjE,0.8108087818541931,0.3801239848121907,3.463838523307199,101.9221553445339
gRCdO,1.911793263296312,0.3849162463955004,5.755837047440772,80.67330049723644
IOO5g,-0.8918564050404232,0.1335573795253108,-5.356445371743527,51.14360286190557
OdrWb,-0.3761213355175438,0.7830941541752771,6.704074203456032,46.27809371638999
gBHwB,2.096759846278494,0.4485439150155723,1.06793404524784,75.06582954010527
icPTM,0.9328770836889818,0.1814148239826931,1.6508922876273753,38.03543924378043
AMxfb,-0.957485488646956,0.1558601736100133,-7.4455846768826115,41.02930359438005
UAAnR,-0.2608677569248707,0.9493162922931048,6.773460080856309,146.70164680965146
pjeSl,1.7608857521742662,-0.2150758951700602,-0.8730992674875936,49.58352139524924
ZPsgd,1.0857785557581234,0.6015352529257806,5.064948603750693,120.70447224183842
5bGgX,0.4965568956980625,0.7347733782889091,4.639088085850718,64.53344123332192
Q3lTf,0.9542379878218192,0.191416955366022,3.322566718452424,104.714619456867
7ytx6,-0.4736809055015616,1.025208428415439,6.512742328666171,105.2005254620002
5cFhL,2.1374946160936137,0.2928778137439816,-1.2065495026208186,50.0627778911574
FYzBq,-0.8309392024108991,0.5624611666902151,3.6724570205987215,30.29546851673584
yYGlZ,0.4999391609074226,0.776959648758207,2.5109704010966216,156.50233084025723
kscFm,1.92112504416636,-0.0598069511258267,3.670813653631804,133.3243131015116
9se1p,0.6456040342110505,0.7786088904899203,1.211774328855554,133.79118032360208
wBT9j,0.6737650942912939,0.643845102976679,8.394037436416472,58.76416416205296
UH4yK,0.4213604473498106,-0.2742596866839253,2.704575944957792,79.47876668371745
hc47N,1.933276152154627,0.1957525638126578,-1.5848675051583327,42.30364939498759
9WopZ,0.8495345062596451,-0.4787086337277551,-0.9183686031859946,136.69067707868842
9NIee,-0.8902567092509495,0.3495849708327087,3.6245589386540114,88.83798869537385
JVDZo,1.0618773799868475,-0.5494128149260832,7.302806531818898,129.32109356000132
Au3vE,0.3392391632389374,-0.380222093749751,2.9191145831714667,173.8565674260137
jJKc6,0.2181574467884462,1.2007112747954225,3.840798687085172,42.7519404215716
HhB6j,1.2531998246182572,-0.3239762545225768,-3.227951482455585,57.79857313719581
zK8IN,0.714084189148909,-0.3925825543919977,9.939313841217096,146.47457635882003
8U94g,1.883946136959022,0.4478264249562645,2.2313362447490803,50.81954644136346
n8ZMz,0.4142376175800481,-0.2543624979867682,5.519533702257848,149.5893900408936
RXjxS,0.4908862321300122,0.9797174030628004,4.536696935716054,151.7118144225677
i4knl,-0.6981348788812608,0.6651747495170144,3.687980042173927,2.6002711168380173
yiSzN,0.2135305621997957,-0.3161633873051557,12.114206439583352,169.8590884246261
TYAmC,1.9415174827785624,0.1555834485902855,-1.6338186929867309,68.44450771309315
6KGPV,0.3881009412280155,1.0727231587928066,2.5222022969804017,117.143217493706
uRnZe,-0.9156010107221928,0.3539119076908592,8.010411212392608,101.69954077905864
SHpDa,0.0730128168701557,0.8995153577793549,1.9255426950722896,55.9206817294649
WuV1i,-0.2710132164621799,0.9882911766463004,3.612077611159677,69.45988535060647
Wab78,1.9560415398331192,0.2689248286173661,-0.3691550951688689,71.57504379643827
XGui4,-0.8193756874646732,0.7298568567516769,4.5620522809316295,114.04734393018876
z6aHy,0.8843445077493921,0.7178314816438359,4.120127586105676,79.87553000183709
DpwC0,1.0047256782622631,0.4554227366246349,1.8940514265044632,25.448315906927725
0fkAL,0.5982425440144532,0.9150585898298356,0.6395534305437374,25.469440126424075
KqMqO,1.0477486267293297,-0.6281072462059905,3.8424391648844782,147.90799105850633
YbZxa,-0.9523897797721852,0.3409662218606253,5.072467414492731,55.563260048484345
kNZIj,-0.374956253671556,0.983520251693155,8.08340276387297,97.7174583885537
H3xWV,0.0787203716120887,0.0724730732349067,9.675488146448902,144.7744711257317
1gUoA,1.931547728134413,0.5013268532244188,7.851124435553465,114.34241900154676
ULtjf,-0.5689838596612302,0.8590251130675386,-0.0005171634256875,106.3405108260018
NBaPa,-1.1449112433420352,0.3969554003455638,-2.446726597928457,71.09014749640411
aeFsu,0.416046183644168,0.8740419856462052,-6.0171412792152585,17.988016821567943
Gqa7D,0.7820869047018765,-0.4228921885510127,1.3703858834268072,48.15815900565785
9pWAF,1.1983526898833805,-0.4312164884113832,-1.6194372931145753,78.73741529634987
gfdzj,0.5844639836397271,-0.3831678287146115,-2.1203171047508755,99.04276935128756
g86is,2.069508586376954,0.4966082069144381,10.423501399706003,148.58488673990917
KSNmY,1.7528307757603483,0.01692995257892,6.201593343144225,168.7781837853021
6aOB1,0.2655823337318733,0.9822758859515114,4.196250827462519,133.4573726955712
7K9YF,-0.8399028034435116,0.5039678525006567,-2.9974538143354814,17.532902525614883
CcUpI,0.165284666210425,-0.2279740963352617,4.925043886046517,171.8019367956688
h7iAi,0.3439191576162473,-0.4436131853922792,6.271434970854914,106.4870853278804
BvHdR,-0.9860391202792548,0.0538267119381408,-4.371409000189044,43.21657909600466
pqmDF,0.7700737955191398,0.4862669499895296,-0.8587731253650369,5.429110342612862
dzaCq,0.0263135411250121,0.007688979433607,6.7513018601789465,144.5251011648065
fNXnf,0.818476950717842,-0.2767467135955561,4.088140349519698,182.8236606363884
i3EPn,1.1083693900388865,0.074003816754501,5.775287048663284,52.4144529459462
3szAb,-1.0024413974326982,0.2158308415680936,4.028513985483492,68.95263279533232
NLdug,-0.1725325131472967,0.9601485211535332,4.190103648488397,85.82774636036974
QZBcP,0.7561267971227248,-0.541488926702976,5.198373643677908,94.821816535884
5ZTEA,0.942259768274312,-0.4865820013721479,4.702747807009207,130.08797106618078
vPGUk,1.2558690646063342,-0.5528694700850095,1.0166297937238753,90.27739486264234
EkWti,0.0910723610822037,0.0960079822224772,-1.9358517888996407,62.51827011605944
vej3O,0.5862338399906308,-0.3025747032110893,5.30901702984804,145.85379623684162
w37hV,-0.6471998916367694,0.8278358905722198,10.350224019206143,111.4525542911083
lXfmn,-0.5670050513381586,0.6173313686177712,0.2210421036500891,86.48309429952474
P9WRb,1.2802963691099896,-0.5690151828153545,3.631239562816879,98.58576319603422
6epPZ,-0.334981725952306,0.8184302951963539,3.808407796336209,82.8717520528661
JjKbe,-0.85121591981599,0.3954512821300613,5.8048357890271856,103.42468349894703
uD6by,-0.5686858045406663,0.813022964362864,-2.3762617412685363,30.08347931765917
lpf07,1.946334134163248,0.1519774645400904,-1.2106161628918286,43.85395017925477
SYm74,0.8222815443158094,0.4531429351596586,-0.2410247183791285,29.007819685786373
CY2ru,1.835105273746744,-0.0146566509766562,6.458517718163121,136.26978536396874
jqkD3,1.6101205586910123,-0.3079172772551153,2.448478866214243,87.72846915362305
4w83t,1.1642149432253244,0.3563079572920617,8.073145720944341,127.69748695556872
ZgyZS,-0.7970582659235759,0.4417006027211082,5.38534872606956,150.99222634386626
QapYT,1.0498898621514778,0.2068166469940405,-0.3908917086452004,50.42884428528826
fY9kH,0.7158003025008611,-0.7004865200474858,-0.9353419765023396,54.01990912214829
9ww0h,-0.6197296748312378,0.8265423328524142,10.55666044545283,156.93779554237466
Sqf10,0.3056881892471132,-0.3896677628715558,0.8081252319906238,86.56947811795084
Ff1eD,1.0531205127256416,-0.4141701031143318,1.9194056991748,52.20045018881461
4Xjbw,-0.3178312613931992,0.8695563581208418,-1.6512247039443926,49.001152698602326
6H53J,-0.2448483128855174,0.8415881341420126,5.150868952628547,146.83242382143956
Swz8O,-0.8677920746705051,0.3815479475907149,1.769115841629377,61.3755854457953
X6ny8,0.7401034282663883,0.7055840929107366,1.4476431174115718,40.52752381897625
eSFhv,-0.9923478627978836,0.0678499699036743,5.1558156957629455,158.75387451364566
VCOgp,0.7206226835834167,-0.3958684876026322,-4.518592158874278,33.13397238208797
aNQMg,1.9221449893511804,0.1921925380292981,7.561458819913932,147.1091353085017
wBbVQ,0.3661593303635109,1.1399595190809375,6.693289831821621,96.5141209729381
uCng4,1.8413336819790949,-0.0237646950550882,-1.873113365469709,61.90930600411922
RVJb3,-0.3313353187423911,0.8686746744099657,4.186669413703835,126.78228456889636
NR1cj,0.8575193189684714,0.5595319578722242,0.4788981944855824,89.88459105048916
a40VK,-0.8676995592429175,0.3384974935320623,6.412801897571659,107.375137696069
340LJ,2.0061654182791497,0.3497698573614592,8.171488866173227,149.84537421186835
13fsr,0.4929237610356271,1.0573081408371197,6.292281095702963,112.060708606463
0RpzE,0.5532979533428213,0.7721831519894191,-3.3373544377182416,130.65737166095403
X2hrD,1.8896482791557805,0.3186952954718812,-1.8118070888589897,48.105315363799576
KkPbu,2.0519002146376817,-0.1198584307163687,-4.963201886320262,26.422452966681465
1kQDI,-0.5116227801952429,0.8851486978399705,-2.2397663505474434,135.0595001444129
iO87j,-0.5811091617774501,0.8914336433285824,-2.062125353024201,40.99498798483411
qcGn7,1.5119785020045484,-0.3127322821655479,7.706332163826167,146.21015003342666
ijLWP,0.4478044857652708,0.7167816715815711,-2.620053942358848,32.45350706973413
US1P4,-1.0041493002635995,0.3900770532444515,-0.1876100585369322,37.1924497734944
oBWVS,1.7889423427174964,0.1316172601840781,6.881104839052153,135.00718105659809
EkySv,1.92851252477712,0.4603628823736157,5.934412833314131,66.52788275057114
k97Bj,0.6723094146477884,0.6736226393003848,-1.606828442555064,102.70323109511456
uRmMo,0.947496771768781,0.3511835503742487,-1.704491854988568,16.34933824868506
nOIVO,0.706096072705541,0.7706037831103162,2.8456246898463773,59.76926999977714
WIfIc,2.0552827456833382,0.2387272872470514,-4.473267039541984,45.22531373797554
eMgf9,2.0848115301428383,0.4641576731045406,7.4249583700010415,129.57560891721252
13uWA,1.9411476085413035,0.264651382157305,-2.770109873421704,82.84991188465321
FgpEg,0.8867219209957221,0.5939432493442631,-0.2421093337663886,51.8453267294517
QKOja,1.637792847762484,-0.126719235755426,4.794049651985027,118.65223863347146
d9JVi,0.9182558143616752,0.2792123982576299,-0.7729140403514196,79.51471322779969
4sQ6u,0.2434349584735149,-0.1655378482007176,0.3024360188618548,27.078186955142854
Wj4vx,0.4638713811868953,1.027551474176056,2.6292597873653207,51.395621960889926
v558w,0.909420260147334,0.6870550684368375,4.328616056363603,61.172394584676105
tasHV,0.8467957499038543,0.4187355004551235,2.449156257179857,33.84330462578955
3wrlt,0.6471754301521285,0.792443640808446,4.888915366255505,114.8771471780626
XAb2J,0.1907376056976964,0.9796116208262045,2.1094370642308458,30.81738972426506
C2yx8,-0.7638106492008729,0.5529758290420147,-1.9670512048214928,62.37671754442087
8PPMi,0.1513574940938555,-0.0083833831561133,1.3693738015149688,84.28256141724864
Vrq8D,-0.406489204095546,0.963347974257546,6.829588691638647,143.20887260729626
xFX3p,-0.9205244353491654,0.2368181906467186,8.295930905917475,121.7978499499678
LlG3E,1.0583135773935377,-0.6374995089372577,0.5886189954549659,176.18500169625202
NJhy3,1.0975666688461654,0.4403476034960766,-1.1135047227180186,66.7919390147783
l7KN6,0.7132675066136842,-0.3951090423766869,1.698200630557676,109.55097460899673
DxAMW,-0.8178292335118281,0.4536418699387131,1.7778906091561633,83.5182137205597
jZpwz,0.1848326891229566,-0.0434408309529318,7.723123172405063,94.4889224326752
OgKBB,0.890483333269019,0.2010383958740469,6.065731795642381,36.30253027725208
oAaZo,1.4440260589620224,-0.5934623740004707,0.100483413958305,53.350691530665664
RNuEX,0.0225343992518894,1.0459887898503295,-0.5856053780279931,109.1767375537696
LmBjX,0.3246415300369601,1.21052322029238,2.197695525424608,143.91604974033635
WEwaM,-0.6775036338507131,0.7288710122368424,5.9501894695607325,138.93604864570202
4A0hG,0.7963804741558737,0.7659315899305721,-7.038407476196406,38.688513943713545
2NW42,-0.0472860313429756,0.2227728215696789,1.096670196644392,30.38252007165705
745gG,-0.9759090724166312,0.2482348697130894,7.954379640560032,95.15760476398188
QcPTv,0.7088305670522859,0.8815126826414442,1.5316604476590605,96.43131625612403
ILzIi,0.0914522411328582,0.3342534136989981,-1.950563145691112,22.89636653560284
YINKm,1.2684533664054354,-0.3296138467969764,0.3041001102985949,26.938282860882364
BcVmy,-0.4960681193088671,0.7065856654879178,3.3044791453005447,76.56412041711374
Xj38m,0.7143332239364197,0.8119702176581051,0.8725490805606626,50.26119119523227
ct5Ai,0.7360450214218235,-0.3771369035494185,0.6777872001103292,50.97765502251767
l6jyT,0.8373610062413668,-0.5405147983624053,6.5524995834287125,154.22944191788474
AXpBg,-0.0733031585965198,0.4893119174288012,0.4198013615409976,27.17908481334129
k0Vsd,-0.0418823259255661,0.0319764832574817,1.243798944018142,45.0528615283357
byjFG,0.4381890219621933,0.6379470453977214,6.403423397771912,129.203496226811
5xhRD,0.3903338804629123,0.7272998064450915,5.692956424560057,124.69845127794804
nh2CG,0.3613192924327807,-0.2221966247521504,-1.237691602423037,87.25539403209255
V75vI,0.0237801825656032,0.3821924528591976,3.439188352543636,34.786132702094484
ctYVh,0.0952727557442227,0.9451676236792816,-2.9752266810983063,87.627594263648
JOiE8,0.5423445791480381,-0.4311836256363459,3.545998763260908,185.05218567098044
97JCh,1.8835107452867543,0.1519529189539229,-5.420980251685399,52.70565183443989
YISTe,0.4954336049370203,-0.2550862264133564,-2.546423441861992,107.4972441482732
K56RL,0.1454140574043866,1.0739290785749471,4.987037764163265,58.5290650009019
PK18L,0.7388560465668881,-0.4062256723448013,5.1660521378482365,164.33746941844382
bZ4lr,1.8995076212500024,0.1781665365146959,3.936863239604072,159.3962197155972
IDKph,-0.0639343602100842,0.2567269236484441,0.3036135885570523,96.259250661494
SIOjV,0.1474963664050176,-0.2029242276006106,1.6628364690193589,114.3568386402757
HADpA,1.691455699772986,-0.0112671886393398,4.468547676987741,105.59713463603627
PBFUY,-0.1870085677091407,1.0503020468722677,6.875010477522535,106.13887576687048
dNJan,-0.5497452826442875,0.7681785453328556,7.759480475290289,86.71164874696196
e3Fe0,0.1843916858060037,-0.0806339687965861,2.4711660111933718,32.18076870182721
4s5Ej,1.297005640427771,-0.3782624260137704,9.915916751073276,155.70693385983515
AZV2H,0.4342311196104824,-0.197911026668172,2.4005771387270505,89.92246507459828
9KFBJ,0.2233509351478635,1.0417152664666065,2.0255240363292635,69.10073328216426
akeVO,1.055821673032698,0.2282902813919195,1.7217818750300486,67.26232118088788
jNGLV,0.3694912469420646,0.7966440396595384,3.830267094685876,139.7635262937539
vq6Ng,0.9379174304665946,0.0413978001374486,-2.452607385309636,21.91975898960859
RXeSs,1.397512406726177,-0.4285159251652879,9.2314871808365,151.9115679182599
Id8k2,0.4672883725474037,0.8148251669488218,-0.5510142583032563,20.65715841260929
KMN3K,1.0003798077642596,0.2437695203571405,-1.8654788118835348,110.57604639984172
0B6vN,-0.9333854468815838,0.4034851857622933,3.704339052750474,105.5542545776502
7f2PC,1.2469184393123385,-0.2968816114932189,7.888376715347687,184.65511824800137
hRI45,-0.984576518863936,0.3049625565642637,6.61998914302336,60.65102390743227
eMKVz,1.3637384046552672,-0.5104303248936708,2.1529809741490187,77.47912349283752
HW0UM,-1.0177252070475218,0.2866691190146999,3.83742596361264,18.638759149131523
J8X7n,0.0712437995595254,0.2585308432465895,3.3838999061161217,42.54314941703937
Spcr3,-0.8265872573335583,0.4079274400634876,1.999203689644496,154.5869197542064
TUr59,0.2093141255169238,1.0872885422735363,0.0730546748463809,93.0018297628682
mxusU,0.7912951800522221,0.7189376550243579,2.290806895055351,59.983896671863455
vdOk8,-0.238607294735778,0.9141869171461652,2.512299426292436,90.4776972247335
kTJ5n,1.1679869630163005,-0.5846176632934469,-0.1278695586820168,51.78877530391874
85gLa,-0.8546780508225628,0.2160216374624686,0.0507935934623315,32.89314582603346
sWe8Z,0.0606394030355639,0.3689544219707069,7.0346409515968285,143.49277934929984
2dXIB,1.3536815908401136,-0.4655067045422575,3.4436832406929216,145.6312285805256
iDpQA,1.9214550796148304,0.3423467870663721,4.606317922781823,158.6349689367619
sdGEf,1.679659064633513,-0.2748857883707257,-2.9711920783686216,30.11533785384212
NBGHR,1.883169417886638,0.1731814398301326,-0.9217936888566844,77.14220989796434
g0YZn,-0.3468875866860097,0.8615018821843197,5.590171576841625,104.11103463073322
gWVeS,-0.3974012917033463,0.9377540561704576,-2.3454331038480696,72.74089875251349
uaeW1,1.5049045926899067,-0.2333427386518419,7.1852728630568885,95.51297491435842
MtUMC,-0.0846501265190661,0.4504632250045438,7.404110743962327,121.34924041654278
liVUP,0.2055895633879693,1.0493981250761986,5.443737927216816,132.00438277005077
0E4mk,1.5485376156487414,-0.2075062727618021,-4.78773027301257,79.66898287686928
893Qz,0.2133098923899014,-0.0361664865967626,4.719313188949036,73.67319825947271
TaqUx,-1.1835966104053772,-0.094726513232406,5.5043334322672415,54.38751165491068
BnE8b,0.5692989584199261,0.88202688915207,0.7195990257137548,95.59696900947414
Xchhe,0.5037450763919161,-0.3901065542628258,-0.6746292577791956,26.154945792571212
BZsls,0.9479555812721526,0.0151903988226846,6.1926636564961335,57.20149669454239
r04Mz,1.568809297568803,-0.3783332883085941,3.3176839146803205,98.52558111931866
Rg91i,0.4878054278364735,0.8795789636726621,2.6835731307556303,126.61663015759412
0liP4,1.666170453243503,-0.4511401482381805,9.48223109635941,158.08266661845937
Z1gPu,0.308188923853648,-0.2972347052653008,3.2709095521261853,55.42236006922106
I0yeh,0.7729074949238524,0.5600197586935873,5.321136222124023,125.07933037903258
qLKzU,0.6735366825479349,0.6412104960888387,0.2055420982440108,25.728980530326783
JoshJ,0.7898156570728038,0.3910391173108443,3.5557847349572467,87.69254274544267
kVg7E,0.3536383487887331,-0.0411125030529682,4.547272564904625,136.0016914672607
7fOmU,-0.0723028644963387,0.3856390315993185,2.9182817204666764,36.81824236114222
iWqan,2.0596925883071515,0.2264321097525241,-0.3477086916819386,52.48328850574333
s6myg,0.9146077326135948,0.476304167901586,2.2775846133278046,66.88495956413065
WxbOx,0.9844103193092404,0.3940407513336629,3.785369119916665,53.89218392498493
BWAPd,-0.2113156762360714,1.0251753492044875,1.1867376798914346,101.16432195081424
CYPv3,1.8332680213343069,0.4079718254454144,2.091173228008377,132.39998243233975
1nONU,0.662319335380887,0.5300404954164811,3.971862140898333,80.75205454661103
j5T0O,-1.0638747079410775,0.0810220833414944,2.693826518571273,38.8193608282652
JWKvo,-0.6853755569178456,0.8002004188037475,1.5395439944828224,35.758632746175685
uHJeE,1.630910921663102,-0.334937220181823,-1.1498433615506305,82.67099437918871
4Gy0d,-0.0712911567614077,0.4725750354570066,-0.6441572851093622,106.5747720917724
hP1PD,-0.9984517295018815,0.1247059562415742,9.390703129805123,145.5473086196972
QcKqI,-0.8309101472584951,0.5354859809279258,-0.4336503299059682,34.59595604822153
HOD10,0.0357523295756621,0.153402900788379,3.4127629302183147,99.8342309075588
ZSMX0,-1.0439496950018894,0.2673986030081888,1.141205631018491,78.16801105099555
6wTJB,-0.9029841880516516,0.1986382635530933,1.2272680046943714,88.82366947547855
samb0,1.02204544290721,-0.5755385142378275,6.2826605381910845,146.8951525793407
deP0d,0.3044119025815341,1.0428884127019238,2.261159692749969,122.96403527190064
ioxIQ,0.8098888192804358,0.3248292665685847,3.497066333612188,68.88625403361614
B2pOe,1.6846717541453051,0.0739426740677532,5.413883775149974,95.56784171525877
FjFEV,1.6598202084213154,-0.235246856550763,-1.1166722465505323,48.362736136878695
PSKha,1.9738455055389816,0.2807584314468317,6.3473564773531805,182.3292191561205
GUWV5,0.8033292809230759,0.3703354101324479,5.149209737258067,104.6229788816782
ggfmq,-0.3080344321010266,0.8224432235307519,1.3439512335739074,123.88961136569392
0vbwc,2.0207965844623823,0.1198333290812742,4.264335436551459,96.87994685005611
PJZhz,-0.5911102236135279,0.6104338727555894,1.0205959583078776,41.1378804181207
FwC9D,0.6138131682267636,0.7604453902629406,5.216331212141625,119.22853686838424
7jEfl,0.9270571230233884,-0.5450721052539269,7.512345211916647,134.48013014336263
fNRFh,-0.5131734975909439,0.5794021297028221,3.0656337195579417,124.54306684311078
n91XH,1.0578883846307825,0.2209593887247376,2.7284214137563736,144.03181932025393
Kmemu,0.5367247575428897,-0.4286225757106169,1.2753683258586614,102.3180027526396
pMHqA,-0.4033543820380637,0.8632872115599125,6.026119493848418,137.84696011607974
7Kzzx,0.0477723193392416,0.2233222064213272,-4.959242152705102,84.23649665120483
NBAfi,0.187998743980736,0.0819439163117972,1.6855413700748412,126.11797529120209
sCQi5,0.5038402302512274,0.8212646975304809,-1.8379590464611,29.271623166460053
Ft2BQ,2.016830845063832,0.0116396556158077,-0.4277598437323271,128.94186331449745
UBgSI,0.2056663341389144,-0.0808090454145498,7.7163259820190575,142.6379281402768
wxMic,-0.4061453945656603,1.0080955824298956,2.906315588537268,55.12795897755264
JSyrM,0.8193874308655671,0.667011223871396,2.906923902537568,157.4961172517494
Qw6lH,0.8877799012100798,-0.4918342012289349,-0.3847164815967794,122.566685622713
DuMkM,0.9773575247279132,0.1297921090490926,9.303661063730162,99.25664706361415
IvkZc,-0.4937954458860098,0.8455944194818322,2.044122145460262,159.51336289235817
4zge4,0.4485096082711933,-0.281379613980205,3.714332143293178,124.69131473086802
15S29,-0.2049721340961729,1.0301994735322315,3.818193626773208,157.43592787263333
7t34a,1.2801134656638469,-0.589210940423614,6.315471906823957,167.5431384305828
DsGFH,-0.0495333778944871,1.1313747613239449,-3.3520239547015827,34.3131532538391
E1Vbi,0.3612733029034371,0.8584034792445818,1.9665298780283964,59.130093285085486
yJIwO,0.8726399120328593,0.5674660349079019,8.505777605764157,151.6248169276184
IJoVK,0.0117105329730367,1.0752921139862548,4.402811100490025,111.3574211607588
N4kOz,1.0180680184088566,-0.4738678513909034,1.3648193519240024,52.2577915581641
H9XwA,2.043114687671234,0.2212816268207628,0.1127745130220249,60.8604922427164
zA2pm,1.9956633111149256,0.5322478939491169,5.632949040774925,121.46992328293962
ki7zK,0.0436793832916446,0.1163218483569343,-0.1559996855243753,38.30863507144506
eJDuC,0.1172646580912259,1.0263633892994444,7.292291748475633,96.34775588500707
luGbo,0.467797896345089,0.8846918675039248,2.9779394494548788,27.42832012535117
HeUFW,0.8476231335462475,0.4589428525890756,1.1121392516260924,150.75744690600413
cFbci,0.6066085631482434,-0.4344523097632394,5.009812609365921,27.693384965425604
ZmOgm,1.0228219884865966,-0.4715240308987383,5.095613505405519,155.2388524007949
AEyKQ,0.6747440293216299,-0.4195774745229425,0.8725390672152574,55.02790692391949
eVmHZ,0.5172269590548139,0.8255082877404396,1.0006130351594007,101.45094508591876
jDhoD,1.1280440349977383,-0.4907701911865525,3.065250345519212,26.270388160909054
W2Yev,-0.5024031937672957,0.6866128363354139,0.8722461977692395,73.27405776000782
rjJzT,-0.4351365975113263,0.8577664457589373,0.0479012712729607,35.544538497133324
UNxih,1.369697106547018,-0.2372612197922432,-2.230879638617519,26.592014485238085
te8oa,0.6997484342317839,0.6377780342414632,9.177768220016226,76.61462213226702
sEVBD,0.5736706527766905,0.9453820920628204,1.558023931262558,31.533814639973045
64fe6,-0.8326030113489953,0.4181291700271889,6.573251496781349,62.04834839362632
lzl7w,1.1285168158026753,-0.6001519821911191,7.551144630906433,131.23455452605083
LDUYg,-0.6411730036887056,0.6674580385704107,8.08212409097522,9.784805415836455
1aG3b,1.0358556727153374,-0.3579059945210571,1.3280283224112923,65.89565116104829
rDGvK,1.8955846348908865,0.1388225175756723,2.1694713362465903,81.49036587638436
MOemI,0.7925823955237026,0.3034262316997826,1.48245840990431,87.26362469532035
rw3hb,0.8432393783093056,0.605657769968535,2.8367753659236388,135.03553549674922
KMEev,0.2225750125427066,-0.2867319748467645,3.2086364508755083,128.95228007476442
w6xb4,0.5050523845818625,1.0968421116886844,5.3626100685860765,143.93524744615684
lIX46,1.0676324384870346,-0.5290011994090547,5.548403013570916,157.2914341628822
MErcf,0.4329629614138351,-0.067947493455768,-0.1676075081726789,127.43451979124728
cf0od,0.1372581466371,1.1086726791573125,0.9746435684056304,40.77464587946414
7qhW1,1.6296433441674996,0.0072195637766071,3.8651088636521655,138.27773293706997
tXvh2,1.434865393990231,-0.3912190291228122,7.310671938688293,112.02772034578544
eal8z,0.9207439694627308,0.3430543953265697,7.062559087447981,158.58170211961527
pKXSN,0.238183002182598,-0.1922784823682515,6.446960511176784,182.11334703851688
5RwZ7,0.6792487713076862,-0.2739044065136463,3.4091889991781947,104.3202893111998
6JBnH,0.079837213603886,0.5909805998763589,-4.185334864238253,39.26829852423681
sP5Pz,0.838937005855307,-0.6014022647535988,0.9923505423535384,46.08295644884266
U1s7p,-0.3235172907458494,0.8304761502284415,0.7184487759834055,33.67033993585782
cgZkv,1.652079828676801,-0.5391946601458172,2.484105968021554,85.65983604963415
pW6kx,2.0938358916074087,0.180402335256163,6.7661680515928975,136.9798724139275
vBvuW,1.4612471996498315,-0.4477693542978737,-0.8635586779556029,53.510753281702414
1z19X,-0.9925082776255364,0.3777457954682444,4.055972800912866,152.78644134822054
6GXNP,0.6947155848500409,0.6635739881452348,-2.372184931965436,38.98316262409949
3q3jI,0.9111706000998908,0.3934187235138485,1.894128777072028,101.44109551582748
vZdqX,-0.18876162913619,1.1267139799476311,5.406106418881646,130.73540375833954
KU1tT,0.1505370028609345,0.1479810563078511,2.4968937732980354,56.45308057931645
xbmoU,-0.7767298939655408,0.6053940021841906,4.094960552820454,103.64720161328223
ckFCx,1.897848830703216,0.3402928977676198,-1.4567650284479976,82.37504581591226
gsOds,-1.0043727664916562,0.3117521917297604,-2.295056943963893,17.37679183125334
jvRgl,1.0325560851694298,0.3221118292567562,-1.3459118956608251,80.10605915663007
62G8a,0.9290276823483854,0.1945919376137483,4.071196960026346,90.27441234248886
70pzV,0.4507115260479801,0.7712647175132634,-3.0969811960230658,54.07669864987893
UdGwT,-0.7485391351000124,0.6001866664887184,2.3022348063451696,64.40266456991904
qXA2v,0.7081644161466065,-0.4714608937836397,3.415614483481044,144.58377586658992
79UI6,1.2705920495314147,-0.5641900121538317,1.5299364961099466,85.74676817060038
WtHxG,-0.9192154203318224,0.2871555089224135,5.305806745095664,137.53050472482568
AHxl0,1.5226590617606417,-0.3698220603859336,-2.023831788129792,111.5693275618637
EszG8,-0.7408892171908623,0.9406466901894492,2.9509634585556586,63.80226897844236
sbdw6,-0.1938899413569034,0.9725936982786202,1.2957254947553096,59.44576917845769
N3AdP,1.9235174582588648,-0.0967170177820588,-0.0269929219312348,102.16797270447564
gnwhz,-1.0319999545054328,0.3304870771173685,3.0240167215441485,65.28705909285097
D54p0,0.4638711277367349,0.7287163417248316,9.853971295218246,125.9181900130744
bFGbr,0.7276761189216335,0.7782534782884227,-0.4924520115459603,62.88778526126774
SI9Go,0.8238754522070523,0.6241106370983831,6.07183430441852,136.63540154333765
O1dRp,1.9213627358884893,0.1408978979134583,0.7687722399496586,171.5908397390735
0Nfw7,-0.6679057498108694,0.5755534296277844,-1.3432319001235296,6.588986020996968
qGWxp,-0.1809146612313663,0.7320480065658576,3.603440918480141,84.85229499261207
L9QIl,-0.1772597910354438,0.9348137716584024,2.009573136221957,128.31493551955654
vpGGo,-0.9724310494839212,0.4375095505912502,3.2412940172157665,81.41633666550405
F0Gmo,0.9369145492765552,0.0982596870141967,5.216769781572084,99.1524668908298
Y1m5D,1.701595752633536,-0.1315953325277975,4.855207653589912,49.33727321142772
aHstX,-0.1296638968386628,1.0696785898630812,-0.731027215237861,49.850284180110215
zDEhg,0.4889253302095278,-0.3503562823465665,5.000227505407102,160.11291920717895
Ald8d,1.5990432478308187,-0.2933943138900307,3.3482193174036285,50.85770481057925
R9Rc0,0.8062422021909076,0.1224856480977474,1.6585060497546569,106.5234647554624
wtnFp,0.1105768783089381,0.8416872495088512,1.0578407894052169,86.15881284169909
3pWnf,-0.487933419827339,0.9742548747804648,5.468418364890269,79.89766426198425
VDYsa,0.7974504253287511,0.6946429276296876,2.930353754486667,66.74094509850426
Aj3pV,-0.2832918461365154,0.7401484139403874,1.5722693240468848,112.13672656910578
vG941,-0.5467248447749632,0.5291458341802011,-2.8226110619256604,8.104555843093557
eQsU9,0.2618824129105612,-0.2296032372513818,2.7939393528755803,119.3941577602718
Occxs,-0.7827936688349901,0.399494590718448,3.1057448152790905,45.335899361089794
Ku9sJ,1.9581929391065973,-0.0066189742515338,1.3312368346248031,136.9290820294066
XSn6D,0.6514233972506327,0.947415515729512,-2.9420175475609462,88.74668855857757
4lVwA,0.9213976989127032,0.0571425983949211,-0.7628590787696534,19.84699247731857
GSyLR,0.1295039049285614,0.9111251625321616,4.563253441051091,29.29700510260552
dJiSm,0.392036740502889,0.831251421583878,1.2691439550748211,32.11865488246092
RDKlO,-0.1300184867937209,0.297540992717744,5.120065548707913,143.31618025389074
iotg8,1.902763247512294,0.2736993323156676,5.2787895392134345,179.35866797660424
Wm5ld,0.8483997931042508,0.4620303792556113,-2.6252904323351545,51.89067442287704
F2sht,1.490619233527538,-0.1742119300521064,-0.8031143253131656,98.3868474865336
haucK,-0.1250055489747764,0.8963834849723519,3.615158726162001,131.04424088878443
4Jcda,0.6997140948531466,0.7957104687098959,0.3069059832059877,105.1769572732412
Mt1pI,0.2756241912183089,0.1710430648211696,4.304536256913173,50.878758604677074
9qC6c,-0.2436281324647933,1.0614689431576303,-1.2841907091463516,36.693390044741605
Q8sV2,0.436317635444714,-0.3742221018594069,3.818088284123355,118.25038360896446
mwBov,1.165326511506325,-0.4999986535168942,4.129593154362504,170.372585993392
kqed7,0.6778328213753434,0.7445700652105689,-1.1702995934353393,34.683232952832846
zrwme,-0.8173909822793816,0.6790342758504075,1.837130409360044,52.03230784309376
Yqs28,0.3555179777205622,-0.2377324334416646,5.53078577148723,125.2631227970173
OkNaD,0.7000917276469196,0.3719005613408849,5.550335138602433,77.74529973427434
S2FfY,-0.7157610271280378,0.6148470680378989,2.187928119740135,127.62886345863863
DbH9O,1.7954939434314294,-0.0070492868780925,-3.3717399036109468,27.539702309045826
a8LAQ,0.8116981123950779,0.3716190792406552,-0.0104625965090696,73.59428210811512
h3B4k,1.5499635156181508,-0.2505123419240042,9.674413744253007,150.13229620074125
lFXn5,0.535405268832526,-0.3463690482541724,-0.8969558675737102,77.15291365920109
LPYFo,0.5155201303402519,-0.3028416279657656,3.2207861704893537,116.46328341320404
4PuMA,0.254309438462415,-0.0365849963390871,-0.2140611644818322,45.47338469884882
8AAEE,0.0912746129982751,1.0260063324262672,2.0482496021153183,1.0726151381978224
3O66L,-0.4502681094782485,0.7384217070833692,4.349805202329853,80.4172657196258
GjZWD,1.9170791076790747,0.4631361104750153,6.060584627308527,39.57465860261433
CufdK,1.8743437715668272,0.2459153608349907,3.462989348986795,59.388090962117154
HNEfK,0.1553678171129588,0.0268043782561243,10.5589024672311,96.05401386955764
zIbVJ,-0.7241957131444008,0.2812228587818021,1.6057975141264802,29.502518800564985
0p4WW,0.0069514566354121,0.9907247726431204,9.068943093819945,124.37302380002532
Vg6Tz,2.154134955716865,0.3246350749723961,3.998552886156487,86.06615987217286
HPpvK,-0.7632914236401275,0.8387932794642775,5.834317687618686,135.19899207453926
nhG6S,-0.5218424339791494,1.0517123616165418,5.444589135969367,42.7672202022806
gU4nU,-0.7069535913122036,0.7447384536485436,0.7638731065097839,98.7751757320848
zDytz,0.5957999644550287,-0.2617675001148516,3.0083048118415285,142.2792407602782
ydiA9,1.1306441252936936,-0.4690527383123981,6.083946259959505,157.0511906432492
m9Jog,0.3942419061323879,0.9958178969969944,9.790883410930295,84.13349485230648
W1r4O,1.6174055640652991,-0.4009119104603709,0.19125345095427,147.93064961609335
pMxSd,0.4752130888543204,-0.1606734115890736,2.505524908817128,133.1492969809736
a4FBb,0.8084966976096047,0.5425879509730461,4.039479706676681,129.2834621065696
1wYQX,1.043743039645339,-0.4329007769242403,2.791660475335247,123.3249273269546
CRmFR,1.1174399445708725,0.0064712567443756,2.13446077098311,17.167904110260537
7E4lK,0.2546385688604428,-0.3142901241408872,2.169688338867461,174.60938425675477
Otqdl,1.2369760539839971,-0.2557895267359815,2.6546457619361306,74.01463909661204
lAZiI,0.353510760962404,-0.0974861998911848,-0.1786285448429068,80.08795328122984
NKc6K,0.7020186819084687,0.5356717599387759,5.22334068002082,65.98978394353597
S6GFr,0.1636051728449756,1.0143675828460268,-3.402337526426785,60.33175524740114
Xz4Ex,1.1182051814003666,-0.3747052341868373,10.453415172046276,179.76379309098365
zL7Su,1.0466994721908862,0.0919076890421562,3.611390836799605,25.9917769397276
0PRjg,2.0440430765788657,0.0708929787922585,-2.7649910098711747,23.64415951741092
W6v4B,2.0392932391697047,0.3598408446094241,-2.480346984898984,110.35061846988684
TSi4L,0.1429041196598889,-0.0146980389699862,-0.1537215756700942,105.74213190665604
iWoyU,0.0070068028048223,0.1520866351547744,2.9911121957561635,68.92911938943132
olalB,1.6634439168469537,-0.0866154002391441,4.9200127909105165,66.81587323710286
ZQyJR,0.0678335270459597,-0.111999737112454,3.799430779106849,131.17138682801027
oVhcq,-1.0814291708495831,0.2481309749122715,5.718924612936,125.94384763065284
sHrmr,-0.8700766044804271,0.5680384577118267,1.6608156938121552,82.36778405413887
hEUnl,-0.9147914849278518,0.5289997630153229,6.9652377652898325,143.35088564025105
EIg61,2.014549259175773,0.4941095672298265,3.659550357457852,129.89320670191674
nDJvJ,0.2860121838218959,-0.258618951979625,0.2199120719757324,97.46723361269308
3pc8E,0.7138786256351025,-0.530135788454259,2.694141213672152,53.19577884098846
zoKl7,0.1192504207223502,0.3970248502572259,2.009681226370211,52.54728379564085
XNKLa,0.8132029561342059,0.5248520667055175,1.3999032899031234,66.85416928927282
7QrsP,-0.0092024782677097,0.3824753689999295,6.920782022640662,146.85998980771836
AthX1,-0.9262008987373338,0.3065145680143856,4.737816064505652,132.81213152480038
RLHTL,1.1034083104563146,-0.4116597073583849,10.761502273729857,154.09969865555968
QourJ,0.5494023810266591,-0.3266884643603038,-0.6737610061324111,60.17591619935715
rKeeE,0.1577987292408892,0.1312837228261183,8.838749407374758,134.96766339305935
sY04D,-0.8064291498796748,0.0749314250891241,-2.2386876270006946,10.331020542975743
8bbLS,1.7780130715648763,-0.1720174761083233,4.962029141205168,141.0016615344281
yFJj8,0.2801530453011686,0.9501607923741212,1.2688560603114785,81.5130799932145
vMxqE,1.313623347497829,-0.43438115973962,1.1121782075255255,131.05654037237605
GJpIt,-1.0745789525362244,0.2826153291688865,-0.5141635434684262,48.51836791195362
HRWDv,-0.7255501320937265,0.6074758086970311,2.317939804148463,30.70844369788236
ArOdQ,-0.048543429727136,1.0365642535681965,-1.5178502347356897,24.751265841508847
CsVS5,-0.7792549392379676,0.6639179499848717,1.865894719394108,96.862080835844
Ct1Pg,0.4965854649218321,0.5422833218065536,2.048951756653059,124.51477965910232
S8COd,0.3287935365630921,-0.267212520942867,-1.5207976833000965,112.01865297154636
Jih0H,1.8548067450062369,-0.1213153383244807,2.663847756471781,120.84232283325436
SyyOR,-0.1825816436953752,0.2987031535579316,1.5614248354786968,22.428586098392877
i6lVb,1.0885671934581684,-0.394829814626823,0.132978125554779,118.46340950679809
JTOJ2,0.0614324331931316,0.3312890846692426,0.003287685366614,35.24301501356754
0cNP6,-0.094322389510533,0.2780977772308449,-0.3610688663559932,62.04903630198418
rY3Nm,1.6791043537492525,-0.3480256429140097,2.711389193432439,56.61657096078601
OPQlu,0.4637495829784619,1.0744892781519944,1.3325719276049564,47.20846280617103
7L22Q,-1.0993886968383473,0.4102607481962097,-0.8447662869969732,50.47410635506815
Vw4mp,1.1085274704145376,-0.6830908096973801,1.1977309828369227,123.0286377211374
MsSN9,0.1255782456993862,1.0185632203745068,1.6260658963808148,79.93406297664032
eFsEo,1.0408451520246358,0.0850570557936033,7.110057754424463,141.5037548915396
idZsE,-0.8129093387291899,0.4310810060929519,3.5178321989988506,142.68055572254144
uFO5r,0.5978890743890033,-0.3527113689638976,6.772129076800233,141.9360106056917
UQZEv,-0.7769383412045966,0.1807476019712502,6.976478522629519,123.30857988387552
3t4RR,0.5547186507241588,-0.4573090914200245,0.033180617861289,177.33715778588382
fUh9J,-1.0893455364256384,-0.0055504004351887,2.3696955569098352,82.47178610661872
Po9Of,0.3405384676481952,1.0312796062819496,0.1386567179207888,26.835464118450325
BK7p0,0.5604282824625176,-0.4655284205706113,3.0619693681481164,168.60026658490827
Z7nAT,1.849546893863378,0.171278326544054,-2.1863117206712617,54.78848550303558
jh9X8,0.1963003768027322,1.0860809517373748,10.413232399411664,129.17197466491214
8FoVv,0.3302515802410714,-0.4017078605748737,-3.241742619473792,63.39999077076249
tiI5f,0.3732569157554191,1.0193207117585852,5.8169859911271375,145.02281856495492
iFhQt,1.1828728679281308,-0.5433103183120371,6.0126338978233695,107.33838437817325
wBPDf,-0.5339936361669304,0.909778416979544,-0.289082656932329,94.85115279331887
xU0yv,-0.291434818844585,0.8498844598251494,5.052054588177032,49.94199221331476
cSpEq,1.9476445766102144,0.4613642212620474,5.680298154659227,147.26006737383966
oH8gv,0.8613814750350771,0.5141428439594229,4.002897484199562,139.13002352519322
LT1aV,0.2252339482763231,0.908911217654043,0.1299266181627483,51.61428587678871
KmGbH,-0.6819700049453848,0.8365689266995939,6.844268000457689,63.710833845146006
ovMS7,1.1841170714105345,-0.4119368810264047,3.977066228107156,144.2585621814646
EpN6S,-0.9718529195106048,0.2543038506238382,0.3634434556117598,39.370428618523775
SB800,1.525601678644697,-0.3049701427554457,-2.983414494204335,73.86397883980106
UbJaP,1.914307938763529,0.3692776757642273,4.823373494916666,144.08328490314267
SjLh8,0.3260223070860213,1.0778015531812684,2.0322725653732325,110.56573791130316
B9yyn,1.3837492660565385,-0.3400112955885741,0.1436851025864036,50.34365885359056
fAYEp,0.7547039737833178,0.6492818010430299,-0.0335258353292911,72.72392021829324
hguyG,-0.9065192228267936,0.6901374762804654,2.309798052368928,123.6604299807226
9OAPj,2.012672464605755,0.2601474027065408,-1.3983200667904698,57.65283913927112
IIT8E,0.8815742276650842,0.5510631991552221,-0.6761688376273787,42.190806272962014
evh57,-0.3106327353990273,1.0639281313360742,5.400921222953687,125.9142026396209
DFjpF,0.4345087455382301,-0.2046892126914279,-0.3357091865125192,45.065797894392745
fBuZ0,1.26143270365231,-0.3334372324934051,8.135385072564691,152.63992812741787
x5w5D,-0.7417137483752525,0.3247280174480156,0.0670474530329783,111.46010093709825
NelNV,2.111693644622603,0.108993580669602,3.983336784922052,64.83943446794478
AjEAK,1.807144015272321,-0.1612266531025798,4.2622465561482565,62.18407423374443
m5ofU,-0.9399560794468982,0.5309142066594676,3.863780368213319,120.15015429926108
fsS0q,-0.6100274987118435,0.8591730613538748,3.5845544869340764,45.95822348160265
sB45c,1.8678888863225287,-0.2080472482441043,6.7337844466526455,152.15645220872642
fGQSg,-0.2914302407083041,0.9630867645376652,0.3733033118307119,73.34354067605385
27nYA,-0.8363185141220488,0.4520388485168465,1.4468240398451273,76.3814842558536
2jKLh,1.5784889697892193,-0.1140585646108744,2.94400001546302,114.4760076463504
H5OaL,0.8974775141619736,0.2051827155741435,-1.350316342940569,85.16734178001414
OZb5d,1.6723150998218186,-0.1757654759529208,8.021387311194061,130.81321145837413
M2pgc,1.991996457582612,0.4135447170355841,5.459360234680884,54.518835422725175
3aXdH,2.011527845751373,0.3531170471012965,2.071385433280129,48.19600685285954
MSkqH,-0.4866718890408862,0.847925192292603,5.421075630573967,17.056734405963496
JqqwR,0.1100511430569045,-0.0485647362112632,-0.242329776229022,50.01410720852775
mQA0g,-1.0229687856461576,0.2617023089736337,7.375560019295942,65.22174642152535
m0VNx,0.327071559309578,-0.3472881325555361,-1.0284949914737584,144.1334327746513
gn3bO,0.4567582706767635,-0.3246734994902109,-0.7736778589453066,120.72860615278856
RaXET,-0.9069730131983198,0.3340036395473721,6.726854335906308,127.40307984656746
X2AL0,0.1468136715597217,0.0132324951822187,3.212682150323,56.69809133749767
B4QU7,-0.9587315080790568,0.3450119297058179,5.462047669489919,139.2444224902712
KrjGY,0.8669332810179768,-0.6393191920448033,2.3138570161986576,104.58370572184296
I7uVf,-0.7969074666436541,0.3133351176208602,-1.0627002743748648,27.80773324121826
DUtIv,-0.4031507518308184,0.9021065523606586,4.035587102728641,5.010975113188972
puvbT,-0.212049136734056,0.940664904512612,1.8461033396716728,125.81965128386152
TJT4V,-0.3194630957908893,1.0635797948230596,-2.501269871182623,59.14245989617045
qGYlY,1.0439880795847758,-0.4472516079002597,-1.2115462944073905,128.01873561269434
DeyGT,-0.7739812911482181,0.5738184925830923,0.4226316588641268,28.89738291179786
09VBi,0.6486152663161007,-0.3553307198678229,-0.416662844292758,98.98646888297183
w1zoA,1.5413961613621174,-0.3243286865065223,5.692212842598258,150.49419726039196
NhxNh,-0.7913314516701213,0.6061388355057615,3.9954564423310135,37.16690775199206
q7qrR,0.3103316305273737,1.019348181049848,-0.7523766932030025,74.10453200731102
if7rU,1.2372943468983717,-0.2933330936082628,4.3473024530748,100.38651252475915
9CNDd,1.7116721121524208,-0.1037149613998934,3.18140849116602,84.05901292988234
9eJQ6,-0.4926023959237128,0.8099990946726356,1.6755052108328692,111.18493645167248
5AI5P,0.0845354029227263,0.179953153690923,7.972323412040361,160.18052945281283
CWUnN,-0.188443256003652,0.9443929072166632,-1.979500379061592,12.384612656020188
bxHb1,-0.8269767458836398,0.5353400235752934,1.8031102539615416,36.03269248580065
XcTVf,0.6254934339326426,-0.3674962940670155,1.4734941303594686,123.20242053404372
YRZaa,0.5098064156865865,-0.4385731243751764,2.10307101129524,70.80415932735792
F1ESG,-0.0561638587790265,0.4933442706485702,0.9189629937494872,90.0722734036275
Bn45S,0.8997123171648058,0.2808435393181703,2.3856365081961464,118.4131974625017
l77wC,-0.4644200442968545,1.0084103467980308,-0.2437826332513859,65.39647304503174
f7bzK,0.7699174963035181,0.5476053783527726,3.5293717338075163,98.26837671934904
0F3uO,-0.1078444695310787,1.0057715557586508,2.7694845860225947,87.34064512607905
8mV7B,-0.0856132967526852,0.657455876119595,2.3367564564219454,56.64541354658918
tQyuI,-0.511533385145521,1.0408197153292489,2.1697583124305497,76.44811865994676
7SN79,1.8372579962120568,0.2163375216498992,3.263442195253205,146.68017782288902
5bFot,1.5616980592810448,-0.4663886158233054,3.912143136166144,68.91668831501404
0roRt,0.1549513662550972,-0.065483789292278,2.9795177438506872,175.29923019620395
CT6BQ,-0.0128880031367809,0.1205961301753712,1.4496271209994895,57.103287102317104
DgJ79,1.8870572368341347,0.2842583377484665,2.3858501868234354,149.13156172663562
QTfXo,0.004138918159834,0.1639055077642552,1.1660756785122022,90.58524188141892
a7Y0K,1.404546208608313,-0.4117264165734963,3.2680895417432136,160.90824031358113
ClNLw,-0.0712449025419923,-0.0893158313992071,-1.5655239164130068,62.11786745212224
qbRZZ,-0.0259077446074778,0.4892441833652856,1.1738427664486872,64.54059025609654
cP512,-0.5426229320307376,0.7374048589980606,5.375662712665799,76.90161230784778
CT1OG,2.1248222339868112,0.379772577571541,1.6244936931276035,73.64056283614384
UeoCD,2.0434408656693406,0.4306113972044104,3.81756647315532,134.4578739264659
5FVWZ,0.0578802697773395,0.2143840521953814,2.5146507551052046,173.65607445424254
vpX0V,-0.2425748766092936,1.0560190739811606,5.126267716182337,22.27693084200166
lLB2f,1.7528787726539974,-0.0212430502689203,5.898624247867464,135.43434288612147
DNSMq,1.632443617632258,-0.3420725053737547,-0.3576294097988293,28.291159457331304
jiu6V,-0.6286058895714726,0.9629333654000896,0.1444634913180261,18.62071281434607
pEVWV,0.5055217625511299,-0.3221426130183777,-0.6543964738947226,25.186444205909982
nioWe,-0.8610258917573729,0.7663819230482711,4.52915629427541,159.9597258714312
Y3H5S,0.8307747891138447,0.7863711295424377,4.826509296821337,77.47254459097101
C3xIR,1.4024420959437742,-0.4331115121358993,0.7075948870814731,60.22995290853376
qdFOY,1.261957615790566,-0.4260599992384612,0.3352370229136437,154.74728056557302
UFOPo,0.2847110061010169,-0.2285400960310641,3.307544352577984,50.117559101880026
t6LlL,0.7062141509806757,-0.4417736124221691,-3.943632301588123,33.365122577780376
i5Vt6,-0.6083267511351632,0.6840340765638293,2.4662923569286184,5.82556388763
SBaXn,1.4991453136333712,-0.3806820207440347,5.485155727160504,133.80113317812717
Y1245,0.8429625290713129,-0.3135833125918433,6.964395766292268,170.76002393560398
s082n,1.7304991485844463,-0.0563182662357421,1.4586273369536096,136.02886622771143
uRiGc,1.0193979176622987,-0.5639572568416932,4.175781612363301,112.07857057012592
R11IM,1.1671936410838035,-0.4270785158508032,7.604428603612393,126.00178413374364
muB6h,0.508475818304353,0.7407019561981821,1.2742349546488865,20.7114247311338
9eZ1K,-0.8850191345498776,0.5389414405781686,2.0420596154014925,126.5020797588512
KID5j,-0.5306800280273065,0.9294831616481684,2.1631482870445744,50.87594267889672
pIvNu,1.9248056326977991,0.1368969644167221,-4.455335705243408,66.41621784048506
Jxru5,0.8056220476018844,0.5557019488556157,1.333687941501033,58.858922727467366
hjsiA,-0.2919332878232501,0.8017927541868137,-1.427731439942863,8.897035680686608
4XN8H,1.337208630822337,-0.4148394881793997,8.843412159024695,108.1447914420728
BBFuU,0.7959622418078449,0.5726654695220934,4.4313654666858735,97.79392211930956
dhnbh,1.326170001550429,-0.4351681391659236,6.839087813877455,172.3136939866313
3Zuna,-0.3116579625709703,0.8941522091028744,0.8886491988187406,88.77796619276602
HUacD,2.0975544953215017,0.1606633133942488,1.171117067952179,77.86446205015609
hCB6g,1.1563746908286712,-0.4263181477270736,0.7186420564191227,113.77801258099367
M2nsQ,-0.8119502587488301,0.3504315437440412,0.1318485604359689,112.52407168046057
AkyNp,0.9867215746112188,-0.5286734980219625,-0.5634580522534486,40.898907174624014
K1hMo,1.8891138211536893,-0.1008652253273612,3.6770044227717698,94.38568869417723
CZAvN,-1.1366083227127564,0.2255322803750684,2.8012328928736387,58.21731928972004
idmqN,-0.1568960274765987,0.8714847022521535,-1.7795136027644194,26.910860517531805
jbu4X,-0.8686498824598485,0.4793020740160179,1.202153903196636,77.04403093817204
TnT07,0.9241110564452426,0.70333665899719,1.0572750842516745,126.72118132824646
zmPbq,0.9918547938422142,0.4908486666918359,4.023571607472567,28.24547351257872
EowDW,0.4620876850294579,0.9740064214568692,2.392258533265221,118.29651622853468
QzpDX,1.8263719470019,-0.3928935947516018,7.3704026707910275,158.07526366875612
Z6FnS,-0.0242226454835948,0.2239422989213297,4.862492992478838,154.895963188634
xS0Nb,0.6759140319492608,-0.4106756631928634,1.7276823758177329,121.6317318818268
Wcjhi,-0.9541661243319453,0.4390424735829597,7.588634407613567,105.479342731349
NSIpU,-0.4123575423498416,1.0601891542799071,-3.5227943228576506,9.3776259217239
WvFOZ,0.9703799796106388,0.4683439858887274,7.500253430837258,101.61126702758844
JSSj9,0.8688518155047299,-0.5417537405628279,2.728977506890924,24.88421687801172
SiYv7,-0.2496511618113598,0.9352823670772172,1.6107642198648506,10.365571986407708
g7q72,0.7794816506075709,0.1124141534852765,1.6116183243370057,121.75481329345912
nxsGh,0.9488009307160148,-0.7243584658988811,3.089594480546461,101.49483465168984
YIzWy,-0.0767773889362821,1.0197034720211215,7.902938965441892,106.61800073975652
6oUt3,0.5399080098070437,0.8145890149843332,5.638118551989501,132.86659251453955
RhQwJ,2.1915842078686536,0.4992306939298591,6.305858977559102,176.72468847974594
3naq5,0.3571079893473777,-0.320327110495996,4.546579735587648,148.7663437317416
ts6Eu,0.674083661215816,-0.6083447095934873,5.883433533498888,144.9367264398922
1CnMY,-0.3654467708321055,0.9126035623320602,3.6306379625582896,40.49812327931654
TzvZA,0.7920716711478237,-0.4635356774394539,5.358240065117454,157.30264474274546
okdPb,-0.2041967542776878,0.7752732760906766,4.81046888509363,45.453447230991706
AVQDM,2.1836587951390007,0.525618102082954,4.978755570234814,172.9612317372398
CioXn,0.8570819133447366,0.3228713170566119,4.160173275876836,113.34116888508998
Wiba2,-0.8738539522246851,0.2289383022753232,1.9895412073674457,144.00703334082047
86kiC,-0.0200608454827819,0.8930026370780755,1.5087824537773191,123.89707558801226
celu3,0.8845494517416945,0.1509594724559964,-7.807523916257097,32.50715882161878
VbZOi,0.0714312489573029,0.0246157007964612,6.738087126678876,165.5619276884619
lxnCg,0.2228447911215602,0.8179024135982894,4.374755838875487,113.87408380088266
eaUwj,0.8872891047121935,0.3060323023715873,5.733384556838452,145.81403864966524
9gfJ3,1.177615444267769,-0.5168638591906847,4.558033327785964,139.7143961357792
fEl4B,-1.0844275191084531,0.4622018565865528,10.232858446220654,143.7379650805318
TtYsZ,-0.7680807044247258,0.5101945076238882,2.1575735753637613,25.30074432323253
IHpRk,1.3404984740530268,-0.3739778036007263,-2.206506545111039,76.01242091075176
NFYeV,0.0988428651025095,-0.2718547521842655,-6.748242384611232,43.32763927191674
305TQ,1.537073856467453,-0.4434373226464566,2.123064409736953,94.60937451107382
9cIvt,0.8945952002825263,0.2259048726000841,-1.174732160070875,90.43902063592007
yH8u8,1.8999391089543844,0.0103019018648123,-1.7836234184796318,33.86903910094808
FHpKF,1.8899793612332243,0.2655131901455425,-3.1390088987088265,124.41259819577417
YVJeM,0.0305928453687231,0.5993027235158084,5.304708144796815,175.6760207774189
OAia5,0.9352213402536512,0.2881930591159263,5.068950222965968,124.4205179796443
Dcbp2,1.927874792773917,-0.1426370466013029,2.7721050786558825,108.93366503933484
Q2kaX,-0.5369308184662878,0.8349138432984715,1.9728005090317984,105.52118607725154
6Hd3f,-0.257960384591975,1.007000020643105,4.888359337916317,126.86443368327356
c2atu,-0.3884994826160902,1.0080577125603911,0.8548893050869966,92.19755320755354
fh0aJ,2.0336389947739715,0.6079795748904632,-6.914914505047051,34.84594553270597
tL0vU,0.3399482664295297,0.1900679986917912,-1.5479150182527264,44.042912695471095
f5B4s,0.3392109323259712,0.9991791246888944,1.4157244281307677,15.627653372793285
7pmWN,1.470047022538601,-0.3246178013593628,0.343745997944756,53.86813237203392
Nk3sk,0.122717439257331,-0.1353060515476037,0.4989729929126857,55.693497950339655
krY1D,0.6145884031484388,-0.4464517895856793,3.521605008508315,45.09096983567483
M9ACc,1.0203824765288851,0.1980051829729093,6.850364584728805,95.8193136941364
zWBQ4,0.0062448983971262,0.1296011392568338,-6.555899174651325,84.93522940203519
zSn9s,0.2232491753543742,0.6959051480435099,0.0536149446698399,35.615129176986095
LUHTn,1.8313820015852835,-0.0401243718798909,-1.4754643807007453,72.89115651681006
xFvwL,0.8759317197846092,0.3028756560939352,2.8078442735282136,25.689411358091675
goXTK,1.3026400524186592,-0.3424271265779654,1.4214180987516358,96.6487885854056
fCfNj,-0.0453951418425503,-0.111568998847258,-3.435616073188325,25.8329930266505
V2CHd,-0.4759302643035804,1.1047475011559524,7.512155054403991,52.42492419674388
WIzBU,-0.9984573883101489,0.3495742999592584,2.2818105472840435,35.740572625756386
O9mUA,0.5731228464757556,0.8045141547949207,-2.5983195718492973,12.776176251956224
B6dUC,1.4009418999292609,-0.5468734884155608,4.336982684544024,160.9955103237935
54ElG,0.7793542847001923,-0.7241710261289275,1.2622594522364552,74.39827768776809
S6PqZ,0.7954755350748802,-0.6909930105457058,8.064774269886628,174.86060507274706
eQFcG,1.1038419384287768,-0.4065120693120531,5.779855652842596,182.87916609573205
hk1SO,0.9212005513900698,0.0868821719082395,0.3557812524682944,66.59547753352668
EPgaL,0.4856931078005861,0.8151183774936336,-0.9272675072213254,55.50615123674229
lYb1Z,-0.0656820734171118,0.9435048244804088,5.673845344665095,121.31705495964007
djuCF,1.415971755593194,-0.2562828742428512,1.9565325944538672,52.04323539816434
WPu9q,0.1991261903202856,1.1880796134317484,-2.3568160106659555,32.758685367500824
g1wcQ,-0.88074211607505,0.249572284667474,-1.6931587869330356,49.89128918519008
vcUFh,-0.5620332891705316,0.8702395612326395,1.3848932762591644,24.93903251017007
4MbpX,0.7040842264964573,0.810580713658825,1.9741559851731727,62.36266198158925
248Sx,1.817817266535072,0.2291078337796489,-4.520478470672343,52.336983016202
tjEhM,1.1777862307912794,-0.5061617134312443,2.6232974264902853,87.10171400946007
VEDmR,0.549335308574491,-0.1670019288298258,3.866465341305988,57.87332994907942
PPw0y,-0.7716809455922689,0.1305322144437463,6.242684300799746,162.03552820446373
pyrDF,1.8384234817531089,-0.1537546315398472,5.0989683055882535,87.24308997046842
mgdgc,0.4540547158875384,-0.2155809332233171,0.9265227795666112,107.688162990929
FaDuu,0.0426783080561941,0.1976710103884337,-0.6931354941903094,67.6326636167066
V8LB9,0.6279515740388415,-0.5064168494411012,2.732589820364604,100.56847452247786
FbFxj,0.8565862059606929,0.1424528890259118,4.043284026165384,150.26028630125268
yFPoY,-0.9744968030268164,0.3391505062157907,9.714072254533836,138.8997761663659
uiltH,0.3287818470583788,0.7538793441788815,3.2673207923757306,157.10586993738417
Lzol0,2.0067035871738232,0.2311165889244331,0.3862856965164071,82.7867006962122
iqGOS,0.6890423221690827,0.8888826273020083,-3.0018218755036825,13.568713080530353
5MMX8,0.3635437686622177,0.7486470534418074,-2.5789616180163284,78.58101532711369
rzga4,-0.0611832820113679,-0.151865804466879,9.65944570883125,153.84972499906007
fChdn,2.010235994182211,0.6140438177401437,2.2018766307398896,53.43116035496425
PRWAF,-0.9074494289888032,0.6764497809732876,-1.4516132270280424,35.88554102126718
rF04X,-0.8178064795366966,0.6804033714219999,-1.321952129003738,99.16848391606564
yjeUd,1.978164499684843,0.1745439326062642,4.679998364682851,141.35498943165473
6APme,1.2740275626687598,-0.4350149961684073,-2.828972855109022,53.469327508733386
n3xH4,0.7679140088079739,0.7139074309648692,-3.062847499325162,84.86999605004806
p9eou,0.8546718231941884,0.342353607753174,5.473226744170576,58.99558587253324
xyz7m,1.888135046127956,-0.2353903772063951,-1.4287595136504887,59.35769872580276
sEr2P,1.6188388183389737,-0.2554859271052338,1.315043231318675,60.61028281543148
nHUqr,0.19545471605792,-0.0622695487914632,0.106203335009959,84.3462862378621
LgnTr,0.3390171173304409,0.9219524982001585,2.2100540998793483,124.14437314025068
6hZXX,-0.3207459822689196,1.2076911642062935,10.151651679832623,155.99297828249829
bPj4W,0.1075882440145824,0.4266430538726738,5.6768609281513775,157.22116225469966
r3DU2,2.0346029232556933,0.5012637034736879,2.229169916014476,92.0739593542402
lUW40,-0.951140291251208,0.4478857495843641,-0.9100422437533888,99.754833902427
QQRWb,0.3426392674730328,0.9151357970625108,0.7762825745086867,13.825319338332816
hZxrl,-0.0578810782052838,0.7816778096666173,8.332671594404449,139.7620850302583
ZxQvl,2.035918918781165,0.2737846626619081,-0.8838405556589226,71.6238510808216
RRrbG,-0.0640833134430102,0.76724175005187,-2.2704380484338027,48.21242202541448
1SxtX,0.8986395622425891,-0.6297303824428899,-1.90885233986927,81.62277760877848
3yTow,-1.0826878871890582,0.0219182201529675,3.315543834546524,138.28203037292812
VBpoP,1.864681960344998,0.5610944271107243,1.0202747682869786,80.8420760520562
CQymD,0.91965542312078,0.0594443127731802,0.4426105106090282,64.94562742732292
PoLx3,1.589032098048434,-0.4310680416741645,1.3156857228136185,138.69010385652132
TNRH8,1.0118746604210391,-0.0724140930657564,0.2907970884941906,101.16291252420145
B5cFk,1.4747659167294973,-0.3814914259941144,2.8931961595974265,64.09703340813584
vOGOG,0.9950702233183488,-0.0643630029028099,0.4370082540347018,82.3971626494958
3dpoq,-0.1201934518251833,0.4968543504814634,-3.268884855729252,101.84511895957932
7eNE8,1.2006681227958271,-0.4389845585991928,1.1896614455313472,88.2517803833347
T6m2W,-0.7104009036788349,0.4153977997484305,-1.3834189554161782,80.90820004279135
OyJZi,1.7068586790417004,-0.1640293486326794,-2.9754725565044864,49.83311881868176
D5rBl,1.3203495246363903,-0.2540807229779383,3.1317303842786783,64.13987246874822
WBQwg,1.5390151815632631,-0.2651990076611655,3.8931393772524863,138.91579449801995
V9tGT,0.0136203637499168,0.9315833310467044,3.1978875054986617,111.43584356218084
ZATXX,0.3725036729502541,-0.2406652209729789,0.2918322163532424,69.97517730122276
0vK1X,0.2330164018234444,-0.0377846575816214,4.635188455694776,88.3931476369025
2AMGy,1.196460563015208,-0.4302921824650366,1.865893370096578,124.25162283595222
pOBb0,2.053140081379176,0.2745791168037767,1.4893621547766045,179.30895252922198
oD73z,-0.8833111178679144,0.4457679181880133,0.7872707084158309,51.86684196651991
fA96I,-0.8723606866567375,0.3797330106889925,1.3526551516212486,87.79265380786102
MCBYG,1.3668057847375017,-0.5367172181629354,4.900921388450928,37.02230372579196
3fkmZ,1.715532769870404,0.1773886075718439,1.681432414490451,71.88361806839872
7K6n7,0.9610362684365676,0.6524347760747479,5.770383920011637,143.96102676383188
dYDEz,1.150642041816354,-0.260742545866533,0.0881610564923676,128.24044375331763
KNJDi,-0.7124600936020955,0.7702835971825754,7.225058066279244,121.7225769971392
09FdX,0.2966877045106706,-0.1472667050217019,0.4996898541986581,98.5402455906313
w2A2b,0.496774856501087,-0.389648712698546,0.2136947570642814,70.84948863564323
XN2IM,0.0619941369935006,0.3499337159054119,3.2842520314789887,119.5162106270474
SQQ3a,0.4400583441723193,-0.3545561911643014,5.7183837128197474,134.2691264280004
DxK11,1.8953160185375288,0.4108261664224509,2.683156628244335,175.7028754315543
TKk46,0.2035705360464681,1.137077041728229,2.492990362898774,24.95927726291297
VrzEZ,-0.4836382453623204,0.967625771661064,-0.4043208693774254,125.43536669174638
XpNa7,0.6113189085102073,-0.4769901274351807,4.1452142573048265,176.79202455084794
AQkcX,0.1825531965170844,0.2172727196837562,3.1314690142255897,144.1624905961944
2xCQ9,1.0001041285536392,0.379094870571077,7.638579119180416,152.98990906591726
4ZTVR,-0.9198865762476872,0.3854465452743824,1.029506121454932,103.04867198241728
PhVh4,-0.0215316566671997,0.9612505976734896,0.3406351100839516,26.647031706339163
RMaci,1.6855695335398586,-0.1749105713470083,1.2578744549092944,57.63704495774012
d8hWa,1.303894121106116,-0.2898567085835436,4.767022563388724,90.61671542347314
4q5u7,0.0782061077570766,1.0269096738403014,3.1707467016353816,80.37953922098052
F4Hl9,-0.8649696466721684,0.62160304814605,5.080293880998485,161.14838276779452
ExeLW,-0.7158731617280042,0.7170415217518218,1.940806451065608,112.2536503443506
1lvE4,-0.0290549782853867,0.0758946537053705,1.361618548364269,134.00145132308597
Fp5PQ,0.9212669447914824,0.3343823660583535,2.7935375074282383,103.55750311009892
5oBh1,0.6021411534406421,-0.1025609156907905,4.5792814976641365,153.53856734892443
KBJed,0.9765816514176524,-0.6705993928928491,3.9599865405019656,95.90933298785411
7q6jW,1.3160801877274737,-0.638795449585321,0.8965091012980082,172.0243589160525
zDUnV,0.3008191707395425,0.943279801429952,1.3779712825535428,41.64976472413971
ONFoy,0.4241082788900735,0.8425310355528717,6.9593292953365,117.44159370287544
gQbRL,-0.0353183317176512,0.3303576818437183,3.1605363333211187,87.57601241924213
p2piF,0.6553901547671028,-0.5010262203567114,-1.6166140106399736,80.97734397112295
ukxip,-0.8514563436039911,0.2909660994580881,-0.1401017677025551,59.14737834377621
hctju,1.6120150846363075,-0.2246925735370427,6.703985457625276,160.044647384916
CFOvc,0.1882798325728253,-0.1878063730580317,5.444934502620303,129.96174973882532
jyZbb,1.7269060647354315,-0.2835615885757512,-0.5644258023814296,36.92434775055092
hSc0P,0.6734414636506393,0.8602834331852232,2.215466034455236,30.88208894827241
BmX6y,0.5889592472876011,0.7758979015603208,1.883526826425312,47.54338922555788
tHdaY,-0.0697806460303154,0.2383949547854089,3.562149702810677,72.46590659775794
FzdcS,-0.9115476500835206,0.4060712260225427,7.100213979094669,121.46750260448462
XXrXE,0.0551543368117771,0.2792677716371717,3.603381582948991,129.68495552106435
Kxh9t,-0.925352218988585,-0.0217696377434282,3.0072638099653948,157.081789724516
2bae0,-0.8498556598934655,0.7961842548446687,-2.425773992597154,78.89429630982337
DKIom,0.8711466526524929,0.6341808483179906,1.4769021017921966,26.34745673767504
psm9K,-0.1058707190845224,0.179658194136003,0.8537092881338892,87.6818848502256
jizcI,-0.7080923776915148,0.4366105445818772,1.5840045121879387,80.8358130722879
q4od4,0.5815505482398372,0.8714670290117388,0.7183268046048321,57.7414559610242
O5x0B,1.89113577794944,0.1493659837588483,-2.572934543519315,83.13696684715195
iksGA,1.7211525545106403,-0.3025579052550503,3.4753652411485056,48.11123114613892
Kvbb5,0.8219359777903329,0.4819415132067386,4.700967817852868,100.69973366619185
bBWWi,-1.013094564366211,0.1490158056590891,3.3515539212081222,136.06641147211445
cUsRl,-1.0669978380821914,0.100873154981107,-0.4742934699204101,6.427959349745567
PZBES,2.0475121581978453,-0.0589979205720102,3.9462165141332575,81.92549637970062
QF6d0,0.5816195857139139,0.9846136681705452,0.4525990021586282,58.07727121488189
9aQZl,-0.99099256356512,0.2173704080237272,6.7207290468334495,113.963434972164
HlKcr,-0.9677917368173228,0.1325846451165759,3.8644075870897647,39.20497494338232
AGvc3,1.3426471888963316,-0.245202868703892,2.575761245324972,104.47268458659777
HyCnv,0.6281358825708346,1.0797999498607471,6.5556705644985165,129.19742608813573
CduKD,1.0688080010255587,-0.6056320770452516,6.088940079905768,84.86544379806539
rXdH6,0.2237857727981466,-0.2560721231405172,2.586341516706211,126.67408362713664
dHLec,-0.0389635166605803,0.1494199180032908,3.765010851110193,100.75577811546962
5XWa5,0.3400564376025968,-0.2658260496278151,5.68751356838071,129.37497095916893
aPCZs,-0.9984477419640876,0.1689201416936422,-3.1726963464017763,39.69961503028732
yikA0,0.6980747862714018,0.6658390504382327,4.447392969278777,54.7225948738084
Q9tWx,0.1150121936068814,0.3205232222621723,0.0867718941689159,55.08354218675275
iI0QT,0.4484843137544736,-0.3355291677883933,4.1301073196498885,155.45357776500836
OxDqg,1.2521050627380994,-0.3047241754085174,0.8540380478284413,129.64837598633127
5zOwL,0.3418759031638514,1.0651309224670429,5.293805831306711,156.0314344901312
GJcXl,0.0833353117325788,-0.3892946069036552,2.428050136368593,98.22393327542058
tMn4C,0.0349667588122929,0.4066081896478895,4.015491060067159,146.8411900490269
VDPAY,0.7879898389388096,0.3721482665393575,-0.8598320900821377,50.10375738288167
D9gUx,0.0434963238358708,0.2133449645446914,5.242977314518527,108.86578559294595
VA2uV,-0.8275748874028032,0.3482432368074373,1.652066922729878,43.17734257677349
VuGzc,0.4453655239896386,0.8459997450068101,5.460513639946004,117.4556756118766
U3f22,0.911156007079876,0.1604805730342237,0.4465634094374106,26.978946441881828
YFyLN,0.5704684112946867,0.7213142626009698,4.253536797006157,111.734157540772
qyz09,0.5741422747579952,-0.6114529546603176,1.7375932873448847,82.68126414764681
LRNq2,0.8416108911386515,-0.4070754342863432,2.6609753123580298,31.973158346380004
blJ5X,0.0351922757215767,0.4762180737650352,4.5976799631418,144.1685662912584
ZKfqE,0.7915072832892615,0.5530583201512281,8.904974340121639,126.37858456939604
hVjhM,-0.475158851707173,0.859513831328257,3.087779297128061,93.45168277774452
PXZI6,-0.4947400249425179,1.0183557304883155,1.8306152112313856,31.42028882904585
iadGh,0.0859644458866846,0.5961602960358281,7.666697525989147,166.00183497902785
XIG5d,-0.5719387374128635,0.8301722394987023,-0.6782266942356765,58.320373133706006
3px4J,0.0137111048617491,0.941064849800044,3.393943284064904,20.18297809548825
5qhKy,1.9371801509670947,0.0696972387957909,4.283997642108917,181.09593925166584
XN9LV,-0.7276802320420641,0.3970654538058508,8.001697317957323,137.87759695553615
1g0Xn,-0.3756336986292095,0.7285159083369258,-3.0917147792849518,72.87002098235995
ceO6r,-0.4739864408792965,0.8879823631484327,4.525756622529965,127.9297466548352
IF6yP,0.4649338207811114,-0.4574577902383921,8.927652205753631,123.5128521996593
9fZex,0.9172068574547224,0.6637955933549383,-0.2284355218653178,76.39851647217924
fJPnS,0.8949697099184694,-0.5714176126776594,1.8832874306046443,136.15003781100194
u3JuH,0.9241513936160428,0.3199417868867035,3.1396711932528687,49.57689718789495
qotT6,1.8965791062697992,0.1603757281612275,-1.043705644314235,53.83795759858562
FjyzT,0.9100033665847302,-0.4500297967564704,5.373140074072448,182.0808056921464
4JVc5,1.3637066729498175,-0.3624040333049384,-0.99493480079491,54.640508056609214
FIlWJ,0.0089729072805862,0.4917984100922718,2.223317367129129,56.67571751442343
2FzY8,-0.8448212457112907,0.7007464629308521,-2.1471280013141785,56.72092264661003
M6RhG,1.568471609027624,-0.3690681089619643,2.1712352569844264,157.0981926805623
Dxzv6,1.87044747423148,-0.1154096817503599,2.4968966827618924,92.6848497621442
vjvC2,1.5614255186098052,-0.1298848754415194,7.23312135946545,164.16939265053557
vHnzV,0.7992386271905428,0.585793826028712,12.702830992710156,134.2728250627627
Y3hbi,1.4753869147356542,-0.4971442080911262,2.6430789772332326,101.92949754122272
X2UKM,0.7381761364972194,0.5852089867458823,1.8749311818502168,37.02322379974639
ac3e2,0.8466288220542759,-0.5501259157912167,2.289576822927633,47.26009928052803
5K3wx,0.2554162381678621,0.9532787619179706,1.1574377594906204,56.54167857601827
9ib8n,1.1978590081359513,-0.3515369748349721,3.8514048998262194,98.39260540503751
4YWMs,0.7267259338680575,0.8405500327445008,6.673162413198418,130.60066239210312
mSdMP,-0.636829274243251,0.969080017497634,-3.215552169128119,7.593182225636502
JEB1l,-0.464161426128621,0.9391246696825174,-1.3752636969627527,46.93798355604842
1SGEF,0.8923541560554088,-0.4189091879683369,2.5631165022254425,133.43344855079687
bCq9t,-1.240071578553234,0.3394857550643807,-0.5041395170689034,30.03068744405052
Rzwpw,0.1640551451577545,0.9217410785889892,-3.1690951367669866,59.50108526640552
q5Trj,0.3218508249677068,-0.0992522899817901,2.1850991429687925,177.69430005980416
3uoUh,-0.8764278533339483,0.5816967376846497,1.4500680341927674,54.65095278778076
hlP8N,0.6545664002609272,0.5912676737687855,8.474382192664269,134.91608070198865
xUsmC,-0.6980022907642518,0.450373773418983,0.7879831723246775,3.178270974236652
yedhl,-0.8101432567854343,0.3613511712143143,6.181116768356085,83.47041209749483
qQur8,0.1914491426384361,-0.2880211728901055,2.2799134935392567,96.42907728195604
TMUFU,0.1394810715881583,-0.0233119516967872,0.5979106625446925,42.49731751700856
LA6er,-0.3054447056562656,0.968709291384992,1.2968705899841346,110.06788097832823
2g1A4,1.9407970502509604,0.1701216975723418,5.347572934289143,94.89643848042944
Oi7pu,0.9413939078185108,0.0704047753534965,-6.504729564240853,24.69533825002529
wXM17,-0.6762582678695558,1.0318671366182373,1.7174323865362506,29.528219384001787
5ephm,-0.1251533115216496,1.0536062601316054,6.346217861704862,137.42380527283075
B2Hqo,0.8300958611250538,0.1529601736508421,3.2615038056004715,88.51424896531054
eDg9Z,0.087063640323139,0.9906955185712136,0.3072489878816889,79.25902953811325
WuTnE,0.1395623818005962,1.0946389463568025,1.7437765136835073,54.56352074755092
IyItH,0.8255224040183691,0.5878161059756252,2.1089009231828406,149.16295792910964
h1Vl5,2.1367305798609526,0.4551828589877552,6.181991003550428,161.74199766923823
IxkUa,2.095884108830808,0.2791973523315117,-0.934078221349386,90.85415714902376
dOf6Y,-1.0036102686459758,0.1549972472240477,2.924628499463636,110.3871932894941
hganb,1.9328327988392635,0.0486744997614331,4.876937364012365,26.91481221078104
Omcbx,2.132042768674445,0.3624065266000074,2.1844588723621694,149.36028069949492
kpUnN,0.0432562500100222,0.9148857202355588,-2.4754880044989074,72.9814078642825
dyxVO,0.8292861786611307,-0.3434669689394441,0.7476205434312159,137.43905600074743
R9y7R,0.5232077221290092,-0.4683888787584009,3.420218013985395,82.66503439698764
9VKUc,-0.5561447434981722,0.8260143034509606,4.716543602875224,94.33200267112352
UtFeX,0.9239599636245752,0.3631602373971097,-0.7793053032834759,87.29885861436813
k34FY,0.3015401144293446,0.8817054138940924,2.0316313442393032,55.91558630620455
gRk0v,0.5488473959471792,-0.3510930113141755,4.793811541433803,156.07808020199823
WanuE,1.3143893351551592,-0.4990627922426397,4.917718478661309,158.52723170319894
UJRh1,0.44388785730771,0.9503741911037294,-0.6137900429309239,112.09757572961554
vL2TD,1.7535065859686705,0.2113692440714466,7.316165435617838,164.1247661995603
WfHlK,0.3636773992015727,0.2471015696848424,2.4978084394496283,105.06887232040442
rI6vt,0.5819532989978331,-0.3816896277931229,7.8036531314896,145.68926209707482
CvzLf,-0.3573891538976983,0.8558685204112862,8.602099555927527,123.80109887562654
DLAHk,0.0750924564600891,1.1574098806396875,0.5732918420132465,16.79439760037741
HWae0,0.7990427536031375,-0.7914009689724341,-1.3778073921606049,95.54052692301214
TYUUe,-0.339713148427866,0.9862785361289996,-0.5806035372632126,8.347934733047998
cFVyi,2.0979003187320013,0.5820802592109342,-2.557578940654623,122.3267517588882
mOsaJ,1.5383120174838691,-0.1192899534527702,4.220280885735226,49.73965414235778
uLGWa,-0.8554259566752451,0.0174162920042472,2.8812857052918543,50.59986518379329
32TgY,0.9621909887964476,0.3544744485021756,-0.4787476176073678,31.63522739057358
mJfqa,0.0252670957087382,0.9862671597074026,5.055902866134709,88.49908886754835
Cf59A,-0.7537901912935655,0.698569873201498,3.014228895449284,75.40016000864284
tzwwq,1.827135069296974,-0.1165106208950058,6.387443478692898,171.25958304444407
mFE29,-0.6597001348665572,0.6769282715564042,1.6515762518329962,94.61773734888592
kovIt,1.6082752479165712,-0.1682880679697349,-3.877162206992141,28.54312141835433
icp0p,0.5257021404993595,-0.4190066929422531,-0.2885547753984476,83.70605845528496
vyKpy,-0.1320161205291335,0.215781052630412,0.7759645236237214,105.9925099739844
58TJH,0.3013790554980787,-0.175059774628038,1.1019038387533324,130.58134655200124
dI9nu,1.6339697131861184,-0.2413416364461425,1.4612743443737626,121.87967006324286
cqhdJ,0.7968460322564079,0.6899428641555706,3.446487600899391,79.78559328725346
sZoEA,1.8581963486560176,-0.1553103724445426,8.2920137310501,145.47348212710207
QnWnF,-0.8948526155082865,0.3829032643242404,-1.1296244003127285,20.910285969688523
aaXKs,0.1373958410037831,0.9799454252073172,-1.7809423059739542,36.32293985941792
GNVKa,-0.3002999499224697,0.7647617607591748,7.457512279094232,137.81007255326355
6yvaO,2.0936330120228903,0.4503371971093175,3.664082301095783,35.94832218596153
xDbcA,1.7921130012005864,-0.2900959463677712,2.21966110147962,121.6163555064294
Xh6H5,0.9488680406653788,-0.4532288134510567,4.318921566790047,73.29951174057422
i4Ig3,-0.768829378571597,0.3725474142899581,-1.3485207319713566,82.94358507382816
lfHuN,-0.1361478506160122,0.9694121901340312,4.961458265308678,155.98425244322175
bo6Bc,1.8308941000553207,0.0515348729276495,3.841157091127138,133.8545466205522
y7zrq,1.4691747692554782,-0.3771294800612312,-0.9341334519771474,126.19513521439364
CIUTS,0.1999039762352121,0.1100728937099955,2.462111412682138,61.77067365627047
UGKI8,-0.009825078028736,0.038583065169765,0.1572501296016866,122.4852424613168
SWdY5,-0.9176795145746636,0.7683323912745803,-1.901200625376214,28.275487542788767
l8eyO,-0.9884720086403292,0.4033894774778826,1.95555323996739,34.31493815286326
CPCCq,-0.8761712787524538,0.5229246294834198,1.759298967060651,52.91314660257888
s6gcK,1.6650352652525893,-0.2080151102622809,7.873576368222206,154.7411486202194
k9oix,0.0662784157609105,0.4077741388853546,2.9118614111403787,122.13714366219112
YUvHu,-0.0539726174296565,0.584347063633785,-1.8661707589488623,60.82676097177527
Ef37e,-0.9933306050790972,0.1308600067020693,4.1264591940450766,27.11278104046464
ast4V,1.4126177069593084,-0.6142116348826069,0.7241260642617409,81.47085916793917
24nbs,-0.7818747870527568,0.7232805082522975,4.562192048303421,56.47164804850111
mjfhj,1.8463202028327883,-0.1166992469979011,0.1016354349381874,91.3578877357018
UlEHY,1.8896179945508664,-0.1447762889520093,7.424307420187429,182.8754010846188
PzIv7,0.235135243102369,-0.2476452035349194,5.893272662781901,133.93006650454393
o7Jkb,0.9170001097579036,-0.5517401459524791,1.43980219506953,124.15726007934248
Q6ufm,1.3538862817075694,-0.5313501994166381,5.750554262203594,163.9730683028933
hW4yI,0.1985753555233575,0.1948618519904144,2.829043435979953,148.31004895568432
zAKjw,1.1641841107760451,-0.6222189162138847,6.946659817385509,85.01222594853688
2PR09,0.1003021815379167,0.7506982195821783,-1.2126265825572493,90.62898782406864
h3wgV,0.2485091006503263,0.9446579372016908,4.746971161815719,98.41885045110642
1broH,-0.7208265496440254,0.7392710341267453,0.9375243974235764,102.54809434463806
YXXmB,1.9818251227546049,0.4371894361583615,-5.7230865136274085,40.731433262398326
UYLe1,0.2731049358981448,0.9396846604913076,4.983671133109326,136.69817431951054
GoMcM,1.1340220344284917,-0.4098908484343573,-3.1435577895972573,54.588202046127776
yyB0j,-0.4124201699663782,0.9949314647601152,-0.6266739805374151,85.2886618917659
YNr9b,-0.9235321271243252,0.2960573830997222,2.1718797828992664,74.82597985928102
kGvwb,0.696650403029139,0.5763781303530012,3.426230670041712,113.48736882221802
Q9b1I,0.5795609345430395,-0.4197404456892685,8.459061037765577,97.18661742905658
ZLWTx,1.3185800625954198,-0.4112696335615657,-1.8615032089425176,34.31160711727646
C96aw,-0.5253817918075543,0.7522083784949873,1.0300904959312809,66.05918424316356
G4ybi,0.3666449927777224,-0.0048883881572185,3.6796067501475336,175.51427141667278
acP9R,0.3390815899212443,0.8511845854699217,2.6077190939933867,109.63875730382608
nZYNa,0.1807590349588644,-0.0804589663946294,-1.0336990420369707,67.31133826601224
FiSFT,0.9238466513311466,-0.6908461452481818,1.7570885287333526,93.5202654822268
378mL,-0.362935801527105,0.8383852714004225,-1.530742807935226,88.41548770935373
M7RJT,0.406750566787431,0.7648242537647792,1.7806048158677357,39.76813563283933
iO5Ed,1.4714667123422895,-0.3887253252136797,2.978109294863156,78.95467352050613
1fnHb,1.5312877422453042,-0.2580955171163355,2.6678658031181057,64.90023327610976
0P2TQ,0.5001093970320191,-0.5676990124804265,2.11175941640596,175.57222627201045
bjqEN,0.3051182457711556,0.0970130576792035,5.402919895897171,66.4132283247458
8S0wP,2.1707754837751843,0.3139135289802901,7.403024704932745,46.8591862787256
ohb8g,-0.9677403725315532,0.5427291687143212,3.8345528142057015,86.35745930439805
inoRp,-0.2660262373567492,1.006121401767612,7.923898912780029,149.9503004453969
0fZSv,1.1664256928570214,-0.4589986416569571,4.807134774264633,124.6231321234954
SpzTT,1.8494076035882656,-0.1053189464866515,2.7519406086301474,42.53536204184677
m0C12,1.3237635205113298,-0.3674119849954917,6.883011330680263,111.84633987627268
WgbIb,-0.3241703450390296,0.8948739933427559,3.812117487114354,65.34165638948546
eeBPt,1.6239575681509584,-0.3699202194595008,5.348887632932621,159.53372024141143
XiCi8,1.7391132773954676,-0.5827302981664106,3.5354181318426185,141.8181891000717
P8QMo,2.166255758779632,0.3279636145252641,0.6481096907180235,151.1140478734766
k0VmR,0.9235765261379618,-0.5648947498634306,-0.0650806002851085,43.73563654634737
raHEr,0.5569608789288452,-0.3568561987966959,-1.4617176349715084,90.97961017340978
02Ydi,-0.3656423594089947,0.994314054926456,8.332674082526985,64.12753667673864
ixZlM,1.0167339000013034,0.2623174579377919,3.5331103663841708,118.63868734755307
u5qnL,0.7443299955043192,0.5824678104351515,3.969226117323172,108.35722404202176
B0ob0,0.2829340020545452,-0.1887568368460708,4.380453260876661,161.20871205823502
nS6pT,0.8566225164665304,0.0714356572796767,1.8313583743555355,30.18037865960721
IlwwW,0.9101197905927052,0.3126845694276012,6.048392088854497,124.92991233649424
s3eiK,-0.7408836725051556,0.4364440788686234,3.1154963775072897,97.7107662149413
xLHLI,0.8610411252485718,0.5918703788869489,6.695987158411559,71.94072371579584
RrV0v,0.9370048720230932,0.4309333830951476,9.259169755291891,101.62143401796784
3V3zh,-0.22029826638831,0.9657728460208248,5.110083803989168,86.97371441347735
KEmgs,0.5410999607883082,0.9189203824713792,3.3535883987011115,48.2756135172278
ayKB4,0.4295765151112011,0.8346184510003243,3.1855318289903014,53.2249828597828
zURx3,-1.0501614772237806,-0.0484185555318835,4.150285141867343,99.77864158217454
MFFOy,0.9173112497200177,0.6308212895881253,-4.057119981629629,100.4539507778672
Ky5z2,0.6232245034811775,-0.4443890585380376,-2.7910613495616587,76.19029500769105
fBLDe,0.6164529492552266,0.8615957559247222,2.1127324694679204,120.89408215824147
u1Z9t,-0.8970150701639545,0.3811002586731452,2.3739547880656,136.5626087461058
pqiRG,-0.5281376680304442,1.0334822665682275,3.792073935342876,138.42558347268644
bMQCi,1.9177698652704749,-0.0456495981988602,5.230560956200033,150.1978053646462
EOzDv,0.9306335989917892,-0.7147315273537509,7.651775261924918,124.91916388897012
1hBxT,0.5815509312892003,-0.4748751269787392,5.850041431841035,73.59430458768847
iWcH5,-0.9814485760541004,0.4863196624879637,1.4884281129411316,31.19844781620351
VQkZ4,2.080754882565441,0.095226292557612,2.670759310447224,143.1312629022769
vTAKZ,0.3069384762298685,0.7664353255747222,-1.948395052456377,132.60102002335515
yquV0,0.9524192447765052,0.4159390557879531,7.093431947041093,126.912980396731
5KasC,0.3359122462521212,0.987215980384282,2.659933771695421,85.40211679611855
VqzNc,0.8430573919317671,-0.5879679437510812,-2.174219548563044,44.363020904320415
WM15q,0.4400690028544244,-0.3922522205815116,-0.6459864195179739,112.17533229418213
9nXcW,-0.3324532485507429,1.1051880243724597,0.9851016886124916,159.54783545420383
tmSvm,0.0221279020671871,0.8910816837493113,5.263293216466528,160.21200604056384
xnzQp,-0.2253611363252152,1.0854198895486258,1.7747826465115588,90.76580946585024
ZKGy2,-0.9583580973620396,0.1856754422842024,3.124642361135935,99.7806426843628
WE0q2,-0.7788131378343636,0.3307455980560798,5.397772615789591,135.55851621510416
xdYYF,0.3537807666708346,0.8982929274760619,1.034591362985589,140.7506965394018
FGVsh,1.8170795538477296,0.0041760755691118,7.590152529403328,133.51984914599956
hkNCz,1.892470839396336,-0.2267615847064697,4.853849918131468,99.76058440151192
4fkau,1.0471036380763423,-0.4441296849051149,-3.4903761141205707,51.329620863639406
R4yhI,0.2763808924222882,0.8646044651526182,1.93743675010224,2.7253889930841524
2Gw20,0.1783912704550668,-0.1266611712025778,5.700787367423747,53.24291685983794
Fy9cZ,1.5415791604680396,-0.2545055551129601,3.430336573327727,144.0134395935813
iaXxi,1.2667802625436373,-0.3960558573961472,0.0622880218211312,115.44488573879424
Ndm2B,1.2509722335515157,-0.3546668477253253,1.557613902641109,34.12190171383502
IE8Aa,-0.7784252130976254,0.7311578818786458,7.208935027843951,105.03708091967086
qgFg8,1.9191407296022016,0.343403145657105,3.859529686581016,80.51655452712222
xkiQY,1.2937357065533068,-0.374479103487759,2.746584980677163,46.76034201931085
J3wIW,0.208568318811135,0.2360227144169243,-0.1263016250747739,38.94697294954584
aRfyn,0.5711803155701797,0.752174848979307,6.242699458643558,108.8272783144468
AtfgB,0.4943754844001111,-0.4453760186482065,-2.7837171406312384,30.758542914297017
LVzcm,0.9885158940101662,0.4562182824612,-0.1986625645163577,55.64838104970912
Pbwgg,0.3655686665280618,0.9680031783689584,1.5477694409361908,100.5185800824932
PAc9U,0.8517119618009571,-0.5317536282383983,-0.0236902977281454,125.514498593995
zivmV,0.2421470367741093,-0.0298143270249741,3.9296243959080246,145.0412736601501
dyJKr,0.1590205105165325,0.0453443930016643,2.1043259374875367,126.81326820790444
9vWA1,0.4347538316211015,0.6419095727606279,1.6455198158344542,87.15457763824791
frDw4,0.9389620596404952,0.3890449328606393,-2.622599600129889,64.6117931578847
OazTT,0.9919545380293976,0.3327987215833057,6.848712659047028,131.80351774504314
6TrlU,1.093935455018367,-0.6262377984190397,-1.6985084259293255,55.60842902645358
5gq3U,0.0076930768730243,0.2765544638961769,0.7918165733879716,103.26316181096604
G6XVf,-0.9097193744502856,0.4239924816969781,2.1067599617292787,2.36568134123288
ZOOZO,0.0655250057749466,-0.2374905586905076,4.942193057294052,134.6310708073406
L1YKZ,-0.9846041820978856,0.1962596733137342,5.935205602455026,55.59233278294108
cqsEV,2.018166257553105,0.2866929863775923,-2.22002287318729,23.681962478361985
OeqT5,0.1085163046566308,0.3829643591194025,5.395503642281091,74.22407213342514
RrBln,-1.0904854743631467,0.0340283767458843,1.6017414913584784,98.38494576869196
N705Q,1.9080187677081888,-0.1570189884108136,3.206104941272708,136.71298786578672
ctdLp,-0.8645711480449756,0.4532558858801975,-0.0366286036148002,133.5968696670992
oZz5U,1.0059908676223492,0.2102120057017024,2.4498375969272086,39.96215396762548
p9Ab3,-0.8810001527414988,0.4826511195447817,1.6775184163353485,44.21028362411074
g3SkN,-0.0119973061891895,0.3770520232191046,7.952395795513729,95.19013058574976
S1zBh,1.8619857018202528,-0.0547816046855248,4.4344288194996295,87.53884929522144
0MCdJ,0.3185446425083291,0.8330366642511562,3.660549583705187,145.929647291867
GLevm,-0.3675928343040497,1.0301535491632754,-2.978320526265001,74.88565384061387
5xWVX,1.7401383140274975,-0.1667954873664631,-4.1369820757563565,28.31120721125931
eIO92,2.0135889076664126,0.6785852720139749,6.455694651123466,108.41237160041292
xeqm8,1.059001997578777,-0.5490634815271075,5.28724447798241,61.35089197072434
gXNVk,0.8209175639977568,-0.4239630436748013,5.055736058383177,124.89837746419715
wlL6Z,-1.105171215332711,0.2052693665573992,1.628739891817574,115.05057400500708
thpgH,1.4446634983133475,-0.2507398572832029,4.911714571349975,149.51887122146172
hw17t,0.4603442807666996,-0.2888758501050446,1.3921947598274125,59.57366347822563
IQGID,0.284455703257014,0.1382802368326462,1.848905793625366,158.98527757798902
fEDT2,0.3129374324982648,1.0714580665400544,-4.218803727523101,103.27501159768129
poGch,0.1555532326006,1.0724207558818273,-0.0431390642598457,51.81603689229828
ViMH4,1.0078862199815093,-0.6199717789695922,0.0117587258062645,97.63794238524164
yckmH,1.035618860681743,-0.4638663205286653,1.0574979711807908,49.8533326778737
HXoQD,1.0619436107616909,-0.5724440983458525,1.4342248441427257,57.01444071408851
If5Jz,0.9872928009713344,0.3382656331542175,4.496089235058771,157.7316213152052
OuXES,1.9153138758298345,0.137929228930591,-1.4969680001854788,110.88839188349822
lTQTw,-0.2245907067417764,0.9264836424184624,3.430362523837072,40.64745252431712
JAgh3,1.873784185078256,-0.4420006893483725,5.400555073406793,151.21617633924535
5D0a2,1.1856479924039731,-0.3724207387773599,2.4852197116647305,150.3715351139694
IUSNH,0.963344010335821,0.1563603763539993,4.516797224745375,157.33900924463907
Qspmz,-0.2851370689962098,0.8901788180089669,1.4936239564947351,13.25927086281173
Hz490,-0.880912799363533,0.3498493414560727,1.0661118193777583,39.23946719049226
waljZ,-1.0779495335317495,0.51967435833656,-1.145104577688119,34.08652452421517
Msh2U,-0.4745028479136049,0.7702047518298368,-2.5276596639919133,33.86995289214178
agXn8,-0.9054675581556904,0.3756323149887752,9.446232796057778,155.68903111173054
TXUx1,0.6325429349991516,0.8104379974255354,0.2745862201217394,33.60194822517976
WeOX3,0.6121554767920117,-0.571561211975264,5.038675541752089,157.14830839479254
2uhkG,0.6720795636545994,0.6481451681088429,4.372846904040044,30.824229199787627
rFr4M,1.1130090817456746,-0.365413166656628,4.249005260638566,147.818058514839
dSMzW,0.7942519653567836,-0.5082984717026219,-2.3213196224377968,29.176009273817076
vgKCc,-0.7532727357442355,0.8810981084214917,5.003492947325466,124.78710469033004
UBH1y,-0.8704639256048847,-0.1088653822253393,5.705305684204061,57.74444656160086
xWIMV,0.4156381768931944,-0.5021119655670382,2.421718575559229,96.95389553290792
lyRul,0.38818143929776,-0.0601235420205906,5.87747560324617,162.10526223978383
1jTqX,0.0155034239538685,-0.002881720619497,-0.5588995132512591,85.57323765568609
GqhB9,0.385434987273072,-0.3436434384410161,1.1534523250163018,130.66207840032067
AOnyl,1.2937483873531126,-0.462466749342299,1.1210363438910382,175.31110701541664
O5wH3,-0.8515040603732565,0.5639409041256888,6.315293456465928,120.84460922469162
jiFsw,0.3101450078815996,0.8844217968404899,3.390249095396724,80.01375931401122
FZKDw,0.9875933277155388,0.3688326149072183,6.5871557603676765,111.6967686272117
sh4Ih,-0.7339113323736045,0.5305601441296961,2.070917889003159,1.0405384687128627
Ug8PP,0.5208448788477924,0.8856932264293398,8.361066925151441,130.45815691594095
y6dOl,1.3975010290180845,-0.5072796846659486,-2.40499412380292,136.3396827918546
V0WI8,0.2082660017898895,-0.3422044286238542,2.4779131389182685,74.51856575997627
fWYgE,1.7026471979057376,-0.0187623968327355,1.319601633810355,116.9990580241808
BoGMZ,-0.6102784224495983,0.7584869668119707,2.231869446117308,8.812120295330491
aiOUl,0.955602476153326,-0.5384747517309789,6.244813870908639,86.96845548015374
XxgLr,1.229705493688932,-0.5431862971250763,-3.5072510389120137,108.0810530873
H4TcC,0.9451697127535716,0.1276769504909488,5.045255454983853,144.82124205847475
N2Bnh,1.3017223701736202,-0.471831989592909,2.002039923256207,99.21855944275624
7oSAJ,-0.2648620587322981,0.8766902260033482,1.4778764621596006,31.066827447242
bnmNF,0.8358265332462567,0.4691868971726764,0.6842578293062322,96.92940277026412
zlDdi,-0.9429462236501276,0.1768106041306482,2.067212885363572,27.160441590301897
H1gLE,0.4399755067881289,-0.2844745586298413,8.112284634353438,147.8024673912346
QWZsI,1.5078524192881646,-0.2597132469556049,4.064211607480011,105.6738367400608
xKwMA,-0.6252270606717995,0.5487817612963635,3.7206856751530375,111.9145866203744
sPBPa,1.0132657677864936,0.4271313563778009,1.9849093731258287,49.50441603000976
p7ENB,-0.7717059990061905,0.6271834881756643,4.289981060795523,128.90081386960856
FihDn,0.0712569299864721,-0.1197785570157736,11.225021733825256,151.90018061843375
ReVqs,1.428090239275137,-0.1473600177102764,2.4613758725192625,23.341924457344053
joAQg,1.1775380320524882,-0.4642447863760379,8.457065977973894,149.9306287182086
Tcpql,0.7157564728056763,-0.4935955750788605,0.9906512230149368,164.1719804993025
h1xuq,-0.9886996569499388,-0.0462727469774525,5.326486649399015,131.8700194414996
10HW1,1.9171639597684385,0.0708913685264114,8.319445833909331,83.99014976123476
i1zfy,-0.9097699424461188,0.4378137100875937,3.959425512281713,106.07276838486818
p4C0o,0.0339267401128879,-0.0951309965075992,4.954827979975442,57.73503035470407
mcaJb,-0.8138207066481165,0.0475693071799573,7.225437541634845,111.98327800803942
7eaoW,-0.1010127918078775,1.0561280683764258,5.919099668123331,73.97553528218658
cPHqT,0.7938887542746738,0.26388696768692,-0.4097848309146235,102.57262654515806
Frt6D,1.9004419624598536,0.4887064112649394,-0.5735538096341808,67.20413036413356
j7IGL,1.5514989908668906,-0.3758935231320161,1.8151943868811549,111.69797294630544
Gfsst,1.8760902461316145,-0.0378900676926515,-0.5916505041315379,123.63916866622124
7a1Ts,-0.0456932700204118,0.8932914482822576,2.132290660530628,135.2481007939471
K8UYB,-1.0539718922579575,0.6083490935653201,5.123626637511972,70.03619823534271
o3xim,-0.2244167358139408,1.1109763852805394,5.687957803529417,127.61962775830796
5nL3j,0.2740194960487324,0.9291567987381094,0.9569893876415536,31.08448262359001
x4Gj4,0.6916047711155501,-0.4400905536192996,1.2649709743185875,123.81303042170364
lS2Re,0.1631096900635114,-0.1119953099978064,4.128625481963995,107.65358449352642
Wh1Oa,-0.3094899957753185,0.9471265445245308,-0.9863060654090536,47.885472176174254
yAmuG,0.8269434571763089,0.4965251609226787,0.5699913830800998,33.288483733953726
zaZZq,-0.0001739769164606,-0.014738274007637,2.0703881311107613,65.19003023307036
1fMtL,0.855156445638537,-0.0472396030782477,-0.8571560644485035,12.090929134867825
Zy63d,0.2522464520702324,0.2231415276786877,2.7133350873224824,149.84933346481472
ZZYif,0.983619065714756,0.1364677083792885,9.242945852378238,140.62334921356265
0wYPb,1.903181872812978,0.3823897666426713,3.644290091876175,122.18927410233232
lCXFQ,-0.7979479118553969,0.4371066608916767,-0.6031149978623667,49.98174268420359
V1H5p,0.301522883788681,0.9467286978600262,4.389851623314953,116.27929455421068
uWdiI,0.4666185884782916,-0.3603287933864904,-0.9571284335246512,65.0913714251973
7bYgT,1.6255837310868977,-0.4562301012689818,1.3722346772288745,85.14705773182818
mr9Zo,-0.9525088608678072,0.0889297796450814,3.3224961824254184,104.52410527047964
Y4CqE,0.314232318056293,-0.1656058409363189,5.527314364641732,149.7386125758714
eEmoe,1.4834977944258336,-0.277461552651755,6.6838290504527045,159.78765408086045
WPWMq,-0.0591523030538058,0.1876845047235013,7.459909436023389,185.15628422706797
ucWts,1.6385727733721618,-0.1114685219048676,4.65449072869417,114.79886193699356
pKFtY,0.9735589072936852,-0.4613404435268417,7.296025312863884,173.21117520500627
Y32qx,0.8368509932495093,0.4903517226372739,-1.7174112143250069,67.8680244358584
oFo49,0.287172743152179,-0.0832669576295503,3.5781853574336,152.1826128326583
b2cPO,0.5772183925093648,0.8900250468240406,7.570488527395747,99.60239396080208
82oUl,0.8149707413252062,-0.7998662224580142,1.2272865331219052,85.91696879975981
CmPuM,1.7877491677702018,-0.1836575260570844,0.1727730480491718,61.54108642456514
1WORL,-0.199576249172157,1.0382913639521123,1.142432073698992,62.85017922292045
sqIcw,0.4260719465710909,-0.5505606369625635,6.169179340539085,163.73147048907984
brZJq,0.7007944119292446,0.5537709103825703,2.915288843871921,21.99976226154468
TkGm7,1.7623792062658337,-0.1545356134306725,0.8125152078677811,132.6185157494615
S2Joj,0.9267932756275384,-0.4579100660153743,1.159260635384123,86.37038682383894
zAMaX,-0.7736564785674881,0.7392635255241339,3.803602268362276,74.94887792489776
nE6Lt,-1.0202442875188094,0.0866920179106041,6.8470683119511975,86.12977294492288
SyJHS,1.4796636847113804,-0.344919903220284,3.9654276700113553,96.40445219569798
rUc2k,1.0475629781790885,-0.6292991024560255,2.4057629696627063,87.14767357045713
Chvd9,0.0940483643338507,0.8460469880765528,1.0737320690557968,33.920420135213355
brDzZ,0.1068568613713571,0.2130421859070157,-0.4486531777182212,76.3758773544233
L9Ghb,0.8963315437616113,0.4759719019991807,-0.8393178651283857,76.89399338103034
mFKK7,1.098070414097294,0.2802893048832412,3.3007330755432647,98.89588068533
UbL98,1.2659879898199988,-0.4315090631991753,-0.6458632452579463,71.54457987887595
gNVxJ,1.1060171684054287,-0.340137114768568,1.38898451146803,65.71074063320948
utlSP,0.3597759815865158,1.079802937212765,0.7384363953085187,26.465811238593577
shp0z,-0.5035504349307687,0.8607936566587485,4.58724078916166,143.568746889194
dFIUv,0.6280693531782644,-0.4605943894134223,5.95286779979795,159.9656947296647
BhLVj,0.5041984028949296,0.8397025351765128,9.167246837636744,132.13294419397675
dJUN3,-0.6830503976095029,0.7497621443437207,1.081644090761636,4.312381732641986
QoBUU,1.6857220373720971,0.0184401413212719,7.074870575531778,169.60809901337407
awCWg,0.3941856704877551,-0.1732270335586291,-1.5380568653354063,84.78049581948255
O4FqE,1.0027916819827931,0.0507988497587642,1.7091500335242555,32.45675670335633
08hB5,0.3771377147841498,-0.3268093216439089,4.72434668785356,84.855843952333
Mpi0T,0.308208630769953,-0.1745853986330002,2.461372406596022,112.74919445412286
7qLwa,-0.1060188823022722,0.18554062301494,1.3400400457781247,100.97924724343775
kjCgx,0.0609421528743069,0.5448815499003585,-1.6411030082752909,36.39463181507679
PmNm6,1.868880900429216,-0.2353224619699869,-0.3697336247189464,64.81020081279141
dvOkB,1.3075885293461085,-0.4042081791305261,4.754456593178251,68.63800574269784
dwy2z,1.6715290520137098,0.0085064407380917,3.481988411137693,154.05370673601558
pZqgi,-0.0009470416048507,0.1976838379370196,3.4577637184619348,120.13729390958568
TyTTY,-0.8886884698399403,0.2165048842660684,-4.606252045785864,0.3468731316180554
u33Gz,0.8305126714350533,-0.6034647947188411,4.0077413539245965,81.30065262535744
fOja0,-0.7868704534632748,0.703556708262968,9.823287191129555,127.56765221737072
Q3qQF,-0.3872145899671158,0.9234542428978808,10.268101491761117,140.5323721979331
M43sc,0.3108844725794802,-0.0546074723338977,2.655283692334419,56.496833919887656
YQHh5,1.4170125283918402,-0.5016280213630072,8.039522779657716,181.684800621382
cUwCK,0.7134394878713805,0.9174196987645415,2.001287789060156,72.83621599797998
hkVT0,-0.573907058940282,0.6724647724927548,-5.000150298908557,49.058054421859154
Qqryd,0.8088492285577671,-0.5299257015489899,5.397751642547831,173.1371004780651
JOhVg,1.068826017174277,-0.0549706210814252,7.929232922634827,84.26750214872116
tSlur,0.6600723287341375,0.7629259649708174,2.2202453399034003,34.10633027761389
v0MxR,1.155325358603016,0.06752428625684,3.746918364131569,26.25643708771559
7jMjB,-0.5358061676603398,0.5292106765121196,0.7370882366859696,25.318577901685117
E0Nut,0.8217834738363307,-0.4570860120988249,3.815696431619882,109.60958498344104
3OM0m,1.7964135527509382,0.0682640340046457,9.508382729498882,180.03798348957434
8zjFz,-0.153653565886485,1.022685609159308,0.4050225225204558,82.57079390379337
vrTz4,0.0550691163220192,1.0851587865773078,7.689440832986133,145.1323286459946
5YrfI,0.608472010058307,0.8377787555230959,2.908315657560879,53.71920774599442
ZNTVs,1.3873714037046505,-0.3706480790727949,4.210378243639905,138.24818559123457
3nlZp,-0.2105209683685394,1.0210214324848164,4.62997613738697,108.9287528137425
hsikN,0.1260068641753019,0.0280635467344732,2.1951587514657165,135.8775011423451
QQKXv,0.9255036347692254,-0.5125792918007273,-0.4734565077407247,156.60981394898928
iQxRO,1.0922260589523116,0.4644491693790133,0.8929328081675374,135.599627637131
BX2am,0.0972019399783752,1.001124494325233,7.224043096141218,91.69945598773955
lzpja,2.1567987825877992,0.4901360215231494,1.018367940186676,96.93768997751484
QFsM9,1.2687872547815875,-0.6583182936741554,4.422599502144164,109.14104356539836
Xni74,0.4880585782098957,-0.3070904741369809,3.1486761175350986,162.33109117933083
tqHii,0.3686640441636418,1.0965629375231072,-0.8900497110775012,19.223813936916198
VQjpF,0.7942089059384232,0.2291795628271669,3.2259256090269304,146.41943981114454
UphF7,0.4904817804937629,0.7661881551392611,1.2499841176120792,44.95590588701749
3MESQ,0.7125448834419115,0.5701283499160456,-2.305825583667682,29.120759524137245
1Dm8s,-0.8801045768169937,0.5306704596176848,3.2630148867869115,60.72281240799593
3Lm3L,0.5041827772152944,-0.4133038834209368,7.30746409458348,71.334531512982
BpncW,0.7060377195783683,-0.3247757003484537,-2.6395194521723164,103.87338892871058
TzCkd,-0.2197339549485829,0.8984469289318531,-6.1696793705320525,9.297882471511944
RB742,2.088466272077933,0.1598943631395028,2.8398858689279822,31.626154370502025
u4VwB,0.1009880462283402,0.0225257990098157,-0.9873178438758368,59.39376199419068
qsmew,1.4262297525265226,-0.3189464206062972,-0.5674300711505882,40.33724440308599
saCFC,-0.9122639551341338,0.1218220439993658,-0.6574869205797232,1.7906523209226028
IpVZw,0.1599169141605342,0.9451360193688564,6.566781314209711,143.6459985260997
hOZyK,0.7665488128485484,0.5862800398563119,3.2865540925390966,98.3582486787008
WeEyN,1.6292855063154497,-0.4016023245001819,4.336456468095943,98.8822409653164
S6R74,0.7793059107878141,-0.3396827760922223,3.787121073502524,155.49759059081072
53lmK,-0.5976385975879812,0.7933841670539794,7.469778384168618,134.497402566094
2xtTW,-0.1123016932593312,0.7842808843114559,-0.13425407023401,129.31853104151335
ObUL4,-0.8721830711904826,0.682519983492271,5.147780961424148,61.50645460434774
2Jnym,-0.6451270295410994,0.7291684053128552,-3.1195386381050474,78.98972649865615
6iz7p,1.9225425010256048,-0.144620081591469,4.300379689700762,176.83268041712088
nzJdB,-0.8354239885314291,0.2663881342821045,0.1833999379085256,85.64652413736906
ZI830,-0.6063877542601388,0.8859245086836942,-0.2174558208311962,2.272486245323836
3hfrP,-0.6300775624630461,0.7989724384618511,-0.991056803161059,1.927740471494504
J5K4r,1.4983115520937171,-0.4655289802311836,4.640955457002002,88.4326254119498
5FREr,2.046735352963026,0.2098153811422637,7.877036869002385,125.9648947453018
ZzIKA,0.4051523075372497,0.1611210063362259,1.1140582349765524,102.10994131093842
xt1iW,0.1522719293594405,0.8579469685978673,7.660823166693363,127.73960635440622
aKBER,0.7138125273259622,0.6473094077009983,2.5167786069121703,147.44977712940766
mMI9h,0.2265689094719764,1.0914089801628706,-1.070758881226732,112.64648285138736
ybPXK,1.9139367399068925,-0.2399486993046053,3.811571873656869,101.18656869647332
SPKVn,-0.8264212455311053,0.906409199797642,-1.3991581149668206,34.62984017040574
ir962,1.3971607286590282,-0.515979916067884,2.0953041062912416,105.73241842144392
ml9BW,0.6552045448881392,0.7646301812167767,-2.4894471032992875,83.92971193089032
kJy6O,0.1084362382546074,0.0060489033490121,-5.513667824284087,77.43344278271144
nLXpJ,0.8739863294182321,0.5389391329012009,2.339029421950237,119.12508279669343
gdC1b,0.5899185911296637,-0.4932986645130482,-1.3181715365573676,59.790962412132906
C6leD,0.4804710774355179,-0.3767125233662441,-0.2597650673745015,31.13762743944945
G3Tip,0.7443447690751646,-0.4180024705990769,0.1515613724605148,37.63927686953069
oPFvY,0.8162759232862542,0.3858920821507097,-1.2578431959904417,22.16781276773552
qCeHj,-0.0461849956059532,0.8936540263967061,3.0585683166053563,123.77006420107988
MssXl,0.2319875962280525,-0.1999554254972377,4.442565865839088,134.31735762101175
PLU8Z,0.1947820197000066,-0.3704058172914913,-0.7210500480228532,96.4965949272318
DkQGZ,0.8015128051834359,0.7684925887227252,0.7181244819690077,34.1744176196353
Bs7jG,0.7952928780244214,0.5927213444916947,0.7567111348555866,70.3794801895931
lXt0a,-0.6102056259274746,0.9375371737100998,1.7897972149804278,31.739438608360697
31fVD,1.8465516684085548,0.0685695939577519,4.445371172022688,90.47899117311192
aRzsT,-0.8487016278866033,0.2060863488835638,-3.431470240522467,58.33386886506284
zkWLa,1.3969778622007591,-0.5560938554542157,-0.4523706367838107,135.2892244497076
Hretd,-0.3712170331367169,0.9709904809066144,1.9314480765045308,87.88348100303166
u4Grg,1.8559817415227124,0.2536591888996427,1.0313748751357612,81.90143956687464
ySpyc,0.0381588970103133,0.5774597346380201,4.574090055557542,64.43245488437842
PDPx3,0.361779385027807,0.8815696618568509,-3.1372841191205114,60.24642052381071
kIjXr,1.8540222182758648,-0.0265812697698161,1.4369679484071205,53.32855711549143
NERUa,1.7862375434536486,0.0630916500047609,7.193028502047429,144.97048586280255
zqJG3,0.1039157301986377,0.8893938500123824,-2.1101445324302075,43.84418147930765
J0VrK,-0.678209091818991,0.7518386801208145,0.2378740275211685,57.67679015516487
AXrtI,0.7104097192939391,0.8943127931072364,-1.5839990267784445,45.81461494484611
Uukny,-0.9099931649406716,-0.0256421396418192,1.7794098306073145,100.70802092837346
GQRrg,-0.3498962357854526,0.9799596215150886,1.9115273739433165,127.82840112301434
zXu3X,-0.9892680711070692,0.2854858165020742,1.9069891085410813,130.7291824563422
08CMA,-0.0888175882512539,0.4811982005012558,3.190602973116049,135.36905581417014
cf1Km,0.3066117089354644,-0.3833356017637871,1.4719856135679432,25.19355498338662
Lg5j9,1.6612302424228544,-0.2480047469082657,7.842173513408136,168.97060009031134
Z1yb2,0.5003974291920879,0.7726831346243814,1.9426043540314668,15.015761467515206
aD4IT,0.0156205698527654,1.003340281421741,0.8679827359452119,55.29045723505418
Tfuvs,0.7908269203213913,-0.4076071451203227,-0.2605274241008628,80.59331056770804
gSK8s,0.2578940457002168,0.956816493696758,-1.1371323288376023,16.43289382654454
8uo5t,0.0631153045240766,1.1612585190706708,5.947567249406028,85.54520025793471
oFg4d,1.6147669573321242,-0.0845489736893832,4.41331580996109,162.45640513381085
vaKiE,0.6529461814401981,-0.5659788367277631,2.7058014000971644,83.45207609847073
rAX0z,-0.0944478127178891,0.3904859188528221,5.732437053036622,112.97182439310886
DukUH,-0.5972492351342646,1.0733748237892968,-2.6867471090710464,20.756379407391425
8LqyS,1.852431966202151,0.0403780548988239,8.512617525231251,172.33937611615758
m3x6s,0.6859938894603341,0.7647722010194924,1.7930868131194138,111.4018781138405
hxIZy,0.7872715890421771,0.1562960827485938,-2.3931745379623246,150.6940090641949
adx3L,0.0053112047309812,-0.0360476007837736,7.612673504166883,88.21679751966079
eZBP4,0.6658635748898142,0.6350259627449462,-1.134074267298577,15.935343065591391
2OfON,-0.0582572168094429,1.033532330823354,7.039075545655109,144.47480926311465
Wh0Jp,0.2004168751703313,0.1545111867012042,-1.6903437139174933,27.73445672006457
ViqXM,0.6960630374700869,-0.4048037714298935,0.6960583279353267,49.69574135368903
s1FIg,1.0356069539331192,-0.4484377904610648,0.8167604300755575,88.26407204565521
bnEmS,-0.5910773977831499,0.6831077032971345,4.784335527247633,133.00964786306787
VHeoX,1.2206234407650869,-0.5173375270314181,3.457266117570766,83.4779321101641
XKUuw,0.8332105229166762,0.0247336958312163,-0.5808252118501809,137.04856288781693
nKk5P,0.2072358592194279,0.9155809266209308,7.8663553212325725,149.7746216347498
gZ9L9,0.3428678478396676,0.8145331553958968,1.0288867271278108,69.70435986810375
CfOPz,0.282227236032437,-0.1111624222151422,8.354505202966926,121.93891003898526
OueSK,1.143123384865721,-0.6103217815323867,-1.1602520481114769,35.07189795363707
C9SHN,0.3121690831034042,-0.3248898623722978,4.783913784103401,127.83034808811183
mK5ei,0.0501641296729761,0.8714348210586121,-2.309605359386889,39.052960027671006
bki9M,-0.0491158050435958,0.9860036590405749,2.3653305271019405,136.94675073014025
zFFkD,0.9372363511876852,0.1537477788979878,-4.298073683196368,2.5200632110517573
ufe9d,0.7329970554901352,0.5058852532691024,1.944869549772981,104.59339813255036
KBqRK,-0.2084770094287951,0.9572618731859428,5.987681583094739,155.95283682594007
gDXZN,-1.2329416839560918,0.3304019990218092,3.823377031196312,64.78496799791311
F1zo3,0.8573037421272742,-0.6541870761228569,-6.23054275696642,88.10745076927348
fR15d,0.2387900180841209,-0.1454035287623947,7.099738709259169,158.99799501399943
1TW7c,-0.5677689541151719,0.7187664934823669,0.7419661329071296,84.49490811336592
ucavr,-1.150149231010308,0.1720210488075787,4.201562623096529,110.23688022435984
yGLDw,-0.17542948155846,1.0244458228970104,4.404416654304431,84.18726999382709
0byA0,0.5923849389536339,-0.4396794188227214,-2.935238477995417,57.40412203470957
UUpFe,0.5780708799751749,0.8600902517111283,-0.7798664300011868,88.14260282622041
Aey5k,0.7712055810220366,0.7421765254914758,-0.0055834631979383,132.72451120251986
tPhqj,2.0906304436549283,0.1079983112769138,3.805059321935676,155.71294726223763
KkcJu,1.5568042896616885,-0.1985407142840677,-1.3345653301853089,44.22203366608942
PpXZM,1.0649561146755262,0.4204339701941769,5.868178226197048,106.80409716268
4VgQc,-0.8499436913049732,0.778393773659735,0.9647139493071052,91.8537714906344
4woJ0,1.0886293958321105,0.2672160766058203,4.840733503653363,96.2201453730272
HHxgg,-0.4098913839343525,1.0250045601857354,3.3876369589759303,151.91698132957566
SMw8t,-0.0460864504002515,0.9392274723035964,-1.01281044195424,88.77276580302687
84xZg,0.7913083260861712,0.4584487366746392,1.7807041278974507,85.20170576243481
bxD10,0.005979370177847,1.008518220345406,-3.942252036769125,20.383262900160336
PsUBa,1.8240829791051656,0.2068479732447961,-1.0720500052142907,57.97794473286212
rwXOK,0.8672235007961693,0.0751794197198364,4.503643476693249,157.89639269766133
9jx48,1.812574282316576,-0.0875687077448909,6.416269974870343,72.96123863980219
FcqLj,-0.7736307453207756,0.3978596042458138,-4.442697868138398,12.88812358634399
iFgRj,0.5932788444826663,-0.3640543237654629,-2.2841502210506675,51.09628787155332
A4wNu,-0.2997085415211283,0.7914447806526688,-1.3933823220479489,149.80428029310903
NxSC5,-0.7947684449381788,0.7035573203722931,4.307239060833469,136.9792141293642
vj19u,-0.2011963236233274,0.9171364440950258,0.9726375249912642,62.45660114669312
PBHIZ,0.9195011671237586,0.2089245375272702,0.133123404577974,17.753369935672897
w3whT,0.2580606495755348,0.0210431829475883,-1.89377933311336,70.66524232454952
sJDHR,1.8486580892038635,0.1131367407384338,4.3774886031324405,94.40213250957234
PHzlq,0.3210993515282874,1.2564672601873867,-3.46091276664298,29.253202130049
6pIB4,-0.6438979329318654,0.7659992177777899,7.795478815841932,53.01184404655274
tJ3ea,0.295861137056812,-0.2299524668519152,0.8397414123844109,77.4808792206327
j1FJB,1.126314896301515,-0.2808481911507885,-0.5251667896246688,56.31820294076043
k2CXN,0.3563864755889554,-0.1647439655803468,2.7582542638662217,72.20040627258409
IsRNi,0.0256750813105434,1.1614050595518732,2.4851712698605954,50.91165125790872
dScnF,0.6900284722499928,0.6851333244188922,4.174023146250886,30.13180557008518
ni91x,0.869597037715788,-0.4480634016027288,-3.910711654198724,121.67401097669983
V71CK,0.4679585821987234,0.9520019100370888,2.4955428698218824,136.03717205752133
boG7w,1.7481504185977472,-0.0814699340194098,2.797866629738298,109.67419231633004
zoqfQ,0.2382601579609114,-0.2520237380071881,4.860588334376846,113.2406149067438
XfV8a,0.7152205163368746,0.6016870368783066,2.036686853124466,152.8894216803457
uSyHs,1.9048363651420184,0.5505588494294857,0.5416176770731648,60.88981575937864
sxejQ,1.0589610192625842,0.1093005689934951,-3.693180740475978,27.028485531075543
NOnwl,0.7395974688992328,-0.614063461406905,3.186457711817172,155.6135719627754
8m5dQ,0.9981852085731474,-0.3279233151932659,3.10028233620296,155.88383963549774
LAkZ3,1.1233647644213594,-0.3670012598830421,4.898615347436906,170.66888247243017
fPF5q,0.0062103578748679,0.9831589506224956,1.8114596651800072,100.55717251181308
rijm0,1.8653856223356309,0.1444905777911296,0.0862837394211452,53.6923884250479
NO0x2,0.1148307575810437,0.1306677792198508,8.84588219182535,148.40224148784554
9W3oo,0.2607257385354744,0.8973306800799861,7.674135207166014,162.2752754293083
QW9gP,0.5793587434365374,0.6701664871824707,7.6709397435189075,99.25980984837445
1KUUj,-0.8234563078176202,0.7999161033274655,0.3715695824615359,77.0297690830428
cCuw4,0.3505802719277712,0.8472710929524154,5.2181426642990685,125.66748257858345
70YoE,0.7946199373891694,0.3511274129580873,-2.9465396121390217,40.42264958146369
KqZL4,0.3492632738092857,1.004166105393338,2.379428743057141,108.96055463709568
3BWHP,2.11051426065861,0.1190337011017761,6.782940224386161,183.5524749518609
r8Sjt,-1.0812254428064343,0.1084907803430517,3.370321682418384,79.11297413995536
JyD84,-1.026553362791838,0.521242569983187,5.608902774723028,53.28494522226679
eBCId,-0.6947942263443594,0.7729595610945488,-0.8486483696746565,98.68537052952868
f3ugc,0.9610602383265614,-0.3554247011140113,0.2614921828222599,42.56060350296749
oguJn,1.550606466494932,-0.3148379170017884,-0.7243055368645335,119.08731582370228
fsIR4,-0.7765292786336473,0.78538747449429,3.6025951805839487,148.5923106177749
aXtW9,0.3447856791761555,-0.1462912939658023,1.8839463306506272,149.89608015802364
QluYT,1.6062093773812665,-0.4778265437852871,4.0120174607282255,94.6885239506354
LR6vO,0.6244798510411145,-0.5352435170792169,-1.6390563063799537,115.0111025841948
FzpPe,-0.00857601211254,0.2278536790588489,3.969535965747908,152.8712739875485
6G8Mh,-0.9832333017807746,0.1059171504452521,-1.4369806535033494,87.2445236857084
m8Bnh,-0.7484929751745313,0.7056815139038649,1.2191484683684732,98.07749138337311
RCB1L,0.1601354664824632,0.0289217303461752,2.2368802146554887,49.141209113616405
dKHVn,0.6681657179147257,-0.5856638219032687,-4.995291991353545,75.00357230533324
Gec7m,-0.9831378120711034,0.0982438923966608,1.1391283861746542,24.811553913160168
0U4KP,0.2383348779924804,-0.170573805103173,-1.8784396659195115,61.48786572865112
hxs6p,-0.3368314143197706,1.0397775311354522,1.5157567849208289,0.8586690583605289
xEuiY,0.7585586384045654,0.6666927915044675,-1.0261321999310624,112.7154570509864
xISXA,1.8812575569824548,0.1450898641663005,6.383444133120241,154.0866310896624
1rdAt,0.8334309351195848,-0.5505721575531658,-0.030752729223511,46.66244498333048
d2HzO,1.986658496682604,0.3480278861179205,-3.4019164717100043,70.22783958718938
Yimc0,-0.985221942059167,0.4497203525127954,1.1271411641864597,84.49940733885705
Cu1IJ,-0.8627462305098991,0.5580852598637516,-0.8666811711046103,85.88642127221856
1K4li,0.6804295233598152,0.4202126461454373,2.806196940981428,99.67309519002386
7IJLO,1.4288028119346508,-0.3821647256260441,3.1001831743303323,59.14870975002082
FSfjP,0.0511071477973787,1.0331071324905765,-2.5291655879369594,112.35826061023432
C7t61,-0.4844234408335714,0.8723166563738016,3.5568126997144263,121.80492195012292
xNEh6,0.4473310267030586,-0.2412983208774065,-3.523814150909822,63.85904109060596
BVhvo,-0.1591746040545007,0.9408645620249084,-1.8130885250323057,27.40560326710372
lJi0X,0.1453972524699543,-0.2061811477972848,-0.2410049169670394,86.95562885452621
seqPR,1.748081676827316,-0.1743321192237711,6.212923534467063,97.85896653104967
xWs4k,2.0741082300620413,-0.0989665228834054,4.1392784584016695,92.44732134422776
B2udG,1.7554800324860111,-0.1404929799026057,3.211003010397849,111.09513521587826
RKcJh,0.0095357100383234,-0.0273291792038546,-2.0008434899048004,84.31349365669585
6fO0n,-0.6028601727083875,0.8424545299474441,2.100556549555069,99.57510420394205
FlJYT,-0.53554210986813,0.8982123672203763,1.652606563036046,0.6159864525691303
VDlgg,-0.9072366505075184,0.3301970622339587,6.752254939655521,130.63753345020314
UaW3B,1.8503786343028807,0.038659803728448,5.529099646230856,82.22890320202384
SLoU6,0.6067363053880516,0.6250135024036343,3.176289580895544,61.5894711607042
Zmlxt,1.2844205697236286,-0.5900446307434581,0.6794394990239123,30.90881265295402
SdhK1,0.0637586223967334,0.3854291964492543,-1.2217576571832178,77.20660089815196
flVwv,1.5511181306488409,-0.187234448333851,4.308911760977927,99.03713666889853
dVOrJ,0.9129786365334862,0.3892733752533111,0.5854748743096112,37.79899338616274
V1M9Q,0.4772678254890474,0.9645496502974216,-1.3618613549067513,50.17629570747694
V0wjA,1.4707352153336863,-0.3986079284029862,2.9924080844591816,156.27103078813172
ToEGb,1.417081344873584,-0.3907397775683074,0.351889910015849,112.54767865868756
l8r4A,0.1870882139124101,0.0339699232699258,-1.0261464031723375,49.67235468944143
BpPFG,-0.3398269591179064,1.097056770299662,4.385023288362087,56.89184669029598
0vvFi,1.4195337088397977,-0.3091007214918198,3.113898583931769,114.24895353362112
C3SAr,1.0858594657145215,-0.5626034115320736,-6.9299998703078725,45.69936659738634
29NJh,0.6258927777223814,0.8081696358007361,0.3016622809762353,38.94293661114665
WFhmh,0.8576753524679426,0.762417836313478,2.8629807092296966,54.74995969496997
EmaPF,0.8337391559141163,0.5136056201639043,5.790553472217232,35.591139513996225
OiTbR,1.4564793802256069,-0.4044652712972969,-2.7068029849884896,53.99670430628179
8TcZK,1.7441217971013587,0.1473536978037852,1.143674521181459,63.65791435285556
FMKyn,0.8376774350197284,-0.5376082408843613,8.164156823257795,151.0677245710595
DOx9E,1.1797347545340715,-0.555921619195728,3.16896576844262,87.6696117067995
cY9M8,0.2269537959741225,-0.1022395092705118,4.419140009678394,101.36361144363634
7U8do,0.3632945387486556,-0.1379205305520218,-1.4599471518019496,33.994854167568185
OXhj4,1.8226789992690744,0.078011518868757,3.497062069574689,94.45772095487996
dvPgC,0.946515913779352,-0.4197736881989325,-8.457412590482264,71.56462225184566
3alEy,-0.196348638882718,1.0165864361337544,2.4601551562662296,105.94571062755504
Gf9Hi,0.247449707929131,-0.3700254281947405,1.8147186414532448,48.1409867947936
NiFVv,0.2675840200986922,0.9103838984044972,4.913317887027566,128.1594737465525
xEHO1,0.2661098611432252,-0.0427210340409428,0.903878197889614,88.54548432167365
th7tz,-1.060444731453576,0.2925064895538014,4.443952311041636,113.8200738670842
b0UFp,0.8247860522310295,0.6242165866243461,8.920215729783926,157.21543838198232
AGdJb,1.5224153442718646,-0.1212407932103591,1.2060455586251244,118.62189452441896
wJOcg,1.8664312375533685,-0.0327968872973706,3.5931667581885502,159.98605980802893
4aGf2,0.8678882806698363,0.5903441520779467,-3.3632475910675432,40.42111396597821
CCV8N,0.8720498060645716,0.5572814237796945,-2.6460427386051624,11.82861713814292
zQUtM,0.2955999692129258,0.9867364118913176,7.65683606645915,154.72916714933484
ZIuAS,0.8305261476241191,0.7173140633545425,5.71480326643304,66.49461584165263
twH2A,0.9445561179789916,0.4200198095647032,4.177154505801949,123.36481563482435
7cUWG,-0.55353773956848,0.8689524576353986,3.721427631383497,21.187558304072443
IGvfu,1.8523577005673737,0.3413601881888585,4.224287755945394,146.27402064291192
G2Tme,0.0775074492624712,-0.0622241779971131,4.191245693198867,122.4004758392126
DKEFG,0.0015035152946312,0.5199869424209591,5.326890008218545,113.33281006727871
EGwZ6,0.7741551891645321,0.6993542061170638,11.19029730677338,79.46393627071113
9KPvV,-0.7690637228017285,0.2207143619842495,3.3487191102038203,144.57555682128955
CpCZR,-0.5383988416275545,1.0272380584944056,4.610186461638422,98.30688405401123
iqh3Q,0.5406191927625769,-0.5785119955946093,1.6459282235830752,49.16350584101835
cNqnT,0.3588806426024157,0.7777472842070564,-1.929114173095384,80.97721351108049
KXNn2,1.810698780422535,-0.2534955376267912,0.6166880681797741,48.77453121960789
meFBJ,1.1718827147334092,0.0060714862539675,3.3732772676249136,11.30121141884308
iPSqS,1.4859602448200342,-0.5651946963675345,4.038893538834522,46.716252190108456
vdy2d,0.1381333900614044,0.0273135562889579,4.499471400502904,102.18512070014457
7Zoim,1.867332022071532,-0.1768134419772559,3.514308872264002,96.047411832274
8JTtr,-0.7497933995251334,0.4625214153160042,2.5322074150152987,20.71466516918052
jsv1s,-0.281247705983926,1.0201574532605384,-0.8883803032475609,16.966865418877585
QVvur,0.3683536298205493,0.907350530117376,-3.631777099471962,67.91312939105089
L9NsG,-0.1238722076414167,0.2463988595180402,4.4833584878852895,162.0323045398942
TXgpJ,0.3108020867898749,0.9806164759565864,4.932731076351266,78.0680160663807
r48Sw,-0.4292683998788961,0.8302244303313068,0.7205413536475973,83.29267138783996
bmmp1,-0.0924636659816211,1.0074905868043276,4.940524272077903,145.52047618849525
0iPK7,1.6489386643636348,-0.1996184973773376,-0.4171127707906448,36.37692831103566
Ktc9U,-0.9181516521599122,0.649375557237545,1.2144807253762062,102.5082104635328
iFvtr,1.13486872392706,-0.0518627340704838,3.894308551884459,61.710271511181205
x3joM,0.8983556540853039,-0.4648958648158402,2.367835259283648,149.21705181046312
qwVeC,0.021970645205943,0.306234684577499,-0.0705700503034059,57.345004552211066
ca0Qz,0.9641021031382486,-0.5034641827828286,-2.32096438836353,74.41242499455069
FuCO2,1.6343177778347229,-0.2872096138908311,3.218375743870116,76.38061200764702
Jp4KN,2.064435041506619,0.1704679526171768,1.8833669321766373,153.21529748709716
BHG9s,-0.0010956516982482,0.8701464817788367,0.893757470171364,124.20099231678944
hc3JB,0.268615047032898,-0.106762236004022,4.342149480602418,183.19024829879064
pTSM4,0.9806815487420512,0.2049018724011305,3.8031177457618273,134.59400614156226
1vMBh,0.1331998792538928,0.0570951304728349,0.2146161977251352,35.889939382960854
7Io26,0.9268008565013972,0.4403276845339557,4.289363937336996,15.197358895103203
nlZvE,0.7180395554333128,-0.4479187310093929,-1.933232382674048,42.24835115710056
qJKzG,-0.8782094337628732,0.5134398703494597,0.6729996037309787,82.09934856087393
EOqzi,1.9459747898687023,0.1262308581896854,-0.963964441994308,26.595382654341847
nDtlL,0.6673142031290805,-0.60641508537929,4.00348386368911,135.638042329506
1Yo2p,1.6688358212907306,-0.3084475113096528,-2.2176615333177465,51.12220460092364
Qz59Q,0.612948543089282,-0.4245856862768821,-3.236940030788225,61.094870369675824
EVRkn,0.9588028346909696,0.0882864984096836,6.113330921505188,150.4131142739313
thxYX,0.6059698625124286,-0.5147551639268699,1.2378639325876404,86.01347885478907
iSHN1,0.580520009666799,-0.5439005439347602,-2.5249237899253574,62.891376672117104
FufOq,2.1331563139887977,0.3597473529630545,1.5748110079523738,119.43627479772913
AZtIz,-0.8260062504002994,0.683802072892947,9.314955308279105,103.29512546626084
pptg8,0.3817822165196206,-0.4005365731075822,7.524945271171898,177.13943221988313
riYof,0.4587453367550763,0.898876146129057,-0.5882024457708771,49.49969481887528
eYL9q,1.6307283813658084,-0.392496765818065,-1.266378204939162,55.96506028382669
vsXRx,1.0208652017759263,-0.5658529472386741,0.9121656254588596,85.83615569713564
NHCiS,1.4839978802842992,-0.3621243474193473,-0.2565089604957422,49.44149345877229
w1OZO,-0.0669509123369574,1.0199847963735122,-1.4966570425679946,35.400247049537306
7ejGo,2.0103467260540926,0.3232471785792135,4.057410363444783,178.7742566994765
g8WrR,0.3707274334587252,-0.1575354858375477,2.19592857906626,133.56776482255012
wHQh6,0.992600203649381,-0.1050260899774012,1.4006918646202842,62.365421173188665
p1jUA,0.4760535132967657,1.0259429661417343,3.3708594368800537,16.547383025919
k4MaV,1.8211667922931976,-0.3427451714069435,2.1656952872232,86.76364850662046
9D71m,1.5734725470121167,-0.289762816601941,-4.011059258714768,24.79729403901864
WOsWo,-1.0915673197827092,0.0780761104837016,3.0405501747116603,5.8326421792229945
l0ase,0.4724699782387813,0.895456079716408,5.8098588056767415,88.98999000467175
npXba,0.0855549076749759,0.5069552606679217,6.41606319063598,60.93133657402567
ZJVru,1.2614927166033163,-0.5605148537733964,7.6286842702299325,147.52426776763724
IzuHX,-0.8587335518279282,0.4945420469883378,5.201234350642758,108.60208123672186
oxM3x,0.2406324502611781,0.8093646881495413,3.8514653229360407,115.09008795255104
s3KGZ,-0.5539437798872546,1.05104032144928,2.4124477076301685,58.958526779074816
uhawv,0.6206055281060321,0.5134869824184908,1.9606281125038816,24.65060281392572
540Pm,1.0140474258863403,-0.3621450248580781,3.0555447011318244,165.47083420231817
aii6T,-0.7671561829205549,0.622414655510213,6.142574009458463,114.6889940285638
Z3z0K,1.7022260285423707,-0.0706464359109619,0.3330690458613555,26.483920798728036
Ez681,-0.9238120039646376,0.4908845722850022,1.3906146598424425,138.9932666694429
OIfyv,-0.3360224987683377,0.9720038753693856,-1.4585026536825252,27.67631602511895
WiHTX,-0.1114377827767575,0.2356418146728965,8.788539784156947,109.34574531751724
yfWzH,-0.0289212880085248,0.4523442372540379,7.728955115828482,140.3651506799273
ZnXLO,-0.152531763576909,0.8849700514770391,-1.3872395026518745,60.436117836982206
TDOU8,1.838049669635104,0.2450800288089314,6.06460543458376,129.43348914289243
I3W5L,0.837484628843784,0.6812393739740019,1.3423797861719982,97.96465803357792
bm9la,1.3253363245879204,-0.2207692067795403,5.340399515437994,130.8518970200485
hodXi,1.075192082846376,0.3133262751972298,2.9532189977058017,74.36747791996042
O51Ww,-0.5165761702865609,0.8149843857015397,4.012008199838406,62.373380951078175
ij1fM,0.3186964697688025,1.0551517906612269,2.6657963955174435,83.5185421645065
XHOXM,0.6547569139315722,0.5788460064895883,3.6123803666815313,106.29986162852244
qxGqM,-0.7284045726081516,0.5879123179416497,3.211632283186712,86.09403054045292
wsYSB,1.1583862921276948,-0.2115776017245335,-0.3269736521354929,110.1380730121338
4laNN,-0.544499612876412,0.7987914285289018,4.973463823974472,133.2514957412287
44Qtz,0.0091333411194349,0.1715456810090605,8.666477017881013,130.20718554004992
R1YBK,0.5229258387792521,0.7002806609362608,2.8843136679850407,76.22700545470657
UmwR0,0.1565809939737433,0.2767135982143358,5.0628871927686125,85.15161983407926
Hyrjz,0.6171333582642201,-0.4484592059533249,2.8818511613992306,101.78965329913436
vF0RY,1.6500571023723207,-0.4152534789041355,-0.1237973461765036,70.21429482666626
OfUlS,-0.9261704390829142,0.4335406143492061,7.1023640871434806,82.60084191933936
01Gvg,0.0283066297952395,0.9925420618982228,2.1209414947023904,118.74861828386403
nOIeF,0.5265424197715016,1.0710101463735338,6.375604641954636,36.75408734536665
kiU1U,0.3650095168137589,0.7130150730946251,6.222357727607935,125.75541983087058
xvwK3,0.9475712917060916,-0.5234780140558881,0.4197347273586246,49.56807669156183
h0gzT,0.8839465624543543,0.6235362943004412,-5.31489463856334,5.860516151403232
wqKq0,-0.2039618985269288,1.109797948758992,4.549515341957751,76.78682970436674
BJcmv,1.841767150615374,-0.338263132723659,7.07849683018967,134.9854933035957
cX7DA,-0.0650920308094994,0.3574208814457654,4.067921411536595,87.37822281211653
f7gAx,0.8970132806294039,-0.5173843063771215,-2.3509042914681744,25.49153424045895
vwKYg,0.0618799460979815,-0.1948616917383329,-3.3913726787209426,48.76503982059604
lllOS,2.1184840066164483,0.3733745040539244,4.5614103078428565,156.89688230264017
Ebibw,-0.3839294054181141,0.9044707606019576,1.035121262525845,23.624772815100982
5kOT9,-0.3951750761338146,0.8051596360495874,7.352569895330711,27.51043207752069
0CygR,1.0292694955598565,-0.3089649691940851,1.73145710517207,159.94652522873025
MgAv7,0.6359164553108464,-0.302587707490792,4.888888673681168,184.14938797844405
FKiYV,0.929002203820826,-0.6071980877183984,5.449526948639312,97.83157832879068
haPAS,0.5154423922964629,0.9334072995866236,2.50040294360854,62.86065577169197
sje6v,1.2116882901673836,-0.4726116837991536,-0.7098300597590685,26.998164681340043
GHmCx,0.7044030224846367,0.9543129738356722,5.9674916885647455,112.62899745760448
neYRT,1.2261037514108546,-0.3367992396291208,2.9895584401417006,62.76770164457528
WxulG,0.8266964110149905,0.4490998496550313,6.167238145901075,125.66777884920452
cSVMB,-1.0782301842713244,0.2160140327460202,3.160655567563833,75.04811964355372
jXvUP,0.6845741381190575,0.8792349470056368,3.459789203327466,97.11483192565036
WhsPf,0.8153356871333928,-0.3916990680860099,0.8846618683771355,128.18841919771978
zkMCp,0.4393789881070658,-0.1225199889371277,-1.5121439696165275,63.54267433617152
6V0l6,0.257894028941152,-0.0930887228389534,4.380400496295195,123.90076054966592
DZzT0,0.6242481530476272,0.5793248736549081,-1.3037411240794938,103.1882247669088
CCKhe,0.9502377135969448,-0.5761164756429973,10.315346412638572,156.18066054658428
gNHtM,-0.7282889799681913,0.8311188486301558,4.620004775034727,154.03811350945455
bhf02,0.7448719958950056,0.6399520292736892,2.4941996006782703,32.21051672859362
sEHty,0.6997784210711445,-0.3841943396697637,-0.3742330777958038,126.92824937313276
Y5V91,1.0035916404674594,0.3050361609717603,3.783237097128117,87.4652042733689
6Wnst,1.6231339897880588,-0.3989669981775194,-0.7139671897416484,116.13804732092984
S0ttH,-0.6227172689126517,0.8241022222638914,7.1678570635865215,53.70152775906061
DG0Rj,1.0325831491393669,-0.6871919600808809,4.945495542147578,46.699453103042536
FoCcY,0.9202675429514476,0.4545449680394748,6.895902236643704,110.31325680817288
3qGqM,-0.0631444020457301,1.0883635032612609,5.771792644078682,121.54403746421325
FWp6d,2.0805736670579265,0.3486075759313363,5.3483378966314605,69.8468576252661
3S5wU,-0.020449471215208,0.2564141615890754,4.454220708229153,129.40744892604374
KTPPZ,-0.8124883439805114,0.5892980121911425,8.180537094540334,120.48571285395104
q5UoN,1.451446831353294,-0.4439030241069564,4.301605454566873,136.12516378896044
TyfFI,0.9280229318676698,0.0239625022232586,-0.4700470906724772,53.16662661397105
7rh6W,0.5708219454393171,-0.4189425176135001,-0.8859948791639463,94.907424263972
F0tik,1.5626952230249946,-0.4447862385479034,2.1562369836365067,122.64087827122042
onhBW,1.968493936375852,0.2430737352685362,-5.269060202706673,63.35158061165098
nfKd0,1.0668298859494505,-0.5057207813643531,3.013578471355004,56.66319809526341
dqI8G,0.652205045162133,0.8567594257897343,9.9198303033668,120.7713064220868
mzwvC,-0.754271381029218,0.6312205598508279,7.204674896430044,73.74412183201049
WKCJA,0.2438858549704378,0.935690750004908,1.0480885484372329,74.09056706710231
JAZ97,0.4602026568321751,0.8589437553116305,5.487872355390045,88.85833969231449
unPNm,1.903831408590548,0.3004747640624265,3.80614396729786,129.80737376353954
rigC9,0.5891408550342205,0.6308677206016344,2.692254391663462,68.40825568555454
fEdb3,0.1464688630053423,0.0464814903756548,4.806094230984213,136.74066481431325
tTMqZ,1.934058415189852,0.2229390674361572,0.6174274000488845,75.59599284671303
tYD3M,0.5907253677111236,0.5803716546055699,0.2452092856510983,114.1038162776122
CZCOJ,0.9639054350949252,0.1854089852346553,-0.1425424656263241,59.01757900432386
0O6VE,1.4334847928164751,-0.4232474877564749,6.726635352131972,157.9784748338406
ZYMDv,-1.0118696556333473,0.0414360994887183,0.5885702018407297,18.596400937789397
S2L5U,0.9358189932251826,0.2849458144347811,0.5956069715821121,71.4183634079288
WKNRd,1.690882736748589,-0.4208309519656728,6.912379322865746,99.7197691802693
6cPOF,1.7603412978241098,-0.0483206911126161,6.398326082644982,105.63362939046264
tucAb,0.4818516416550708,0.8634803871627187,-2.998996634349288,66.26844414441867
lx8eE,1.404993735974806,-0.4865946548439379,-0.7472363297163538,118.90067501565608
nnRKY,-0.159422534154436,0.1844705186113566,3.2164263353731584,123.8455617449556
YCLPa,0.6965336911448289,-0.6473355024010305,7.599168652771876,162.076055405863
L4yWb,-0.8460534430958359,0.7417736260142361,2.9738579920924497,122.65483967003588
rGAqm,0.9273328350015204,-0.5709425208081969,-2.790489528579837,56.30412615852539
CLvzG,0.9668318097673628,0.2020157845933674,3.6515701532487217,135.02442713345596
mYGsp,0.2811990244005709,-0.2457409476706193,0.8584171722734977,39.35343775593299
vOXuU,-0.8943900185495651,0.5938393096756819,-2.4620320395023527,42.36727271004612
1JoEo,0.2900106059551501,1.0767187472367707,9.066602996656687,87.02548301599676
DKGfu,1.2842118288794098,-0.4565869004476149,0.994385125367448,77.75779225563552
wcfNG,-0.1221463267520019,1.0005152695871564,2.928463987743783,90.2846800053936
kFGcw,-0.4356434869014296,0.8320134226256106,3.948047030777701,159.86327677073518
I2aj7,0.8687402350060369,-0.404881527848846,1.0642943156185565,132.72778239189097
3ODLW,0.8026032574879745,0.4901010099481602,5.342621322066618,40.69955777174893
tedtU,-0.5829432812333907,0.7911524899037311,-3.883654916068256,32.99614772061172
w7KHH,0.5956340733902227,0.3068467635477247,6.61595825778169,136.95407826349629
neFZd,2.0653242197127883,0.4048800785513312,-0.6791760085275338,124.39671267485038
NK3a2,0.2893719398513498,-0.2563678057519264,0.8472974767338056,48.178570243298815
2ltfd,1.5572778675048085,-0.2127730759032609,1.8766948972891804,82.25502388136377
g2nTm,0.4297990944975589,1.030472247475111,6.782099522767166,152.28915437833842
p50qr,0.1506004718598608,-0.0391620215434668,1.160819380487594,96.63130469160556
wF2G4,1.9602058819057624,0.464972814901175,6.701769125230976,153.19085167162137
IVW8Y,-0.7363733777107166,0.8138002409355756,4.9530504143690965,53.68160261399144
cNFLV,1.1387115051036858,-0.4325643672865971,1.7500798265097466,121.77962872831672
4Y2Hd,-0.8345201938825733,0.3496803825955906,-3.0391325932486346,32.78807653631712
5Of09,0.4774142749698031,0.7078238230450492,3.0424696944988567,74.72346285817322
OgKRN,0.0973422088608114,1.0663916042282129,0.5030842363611521,26.267699321139425
iXiyN,0.5657178858685207,-0.357559033031438,4.767946719613214,127.71324381386644
VtxWM,-0.1220604038568923,0.9170047699651728,2.8556007068692595,80.93659775548869
AFWBh,0.9394550420144892,-0.5379670252527031,6.204691115853453,129.0988196621115
WUhds,0.3017635600840012,-0.1266205395319267,-1.80408489933662,80.30631094947397
ggXxg,1.8770148480838464,0.0848071683643544,6.542199478901832,184.22191601927145
oZ4Sd,0.8186025296101491,0.1623545638840496,0.5271398781117812,6.992996738192756
utF1E,-0.3860888710067626,1.039813363273978,6.299296546609062,62.4298191624185
X1hmA,-0.2517532042781739,0.9280472728216972,2.2209564905036387,98.85827267121722
F2PPj,0.3975382843587236,-0.1041253877530431,0.4234202770681602,70.2133174922508
SLKhZ,0.0943049939627574,0.9557393835422372,-4.888265749318704,35.51218782149771
sMTkI,1.8838262386553613,-0.0238749803967593,6.5721720221584725,81.84634776263928
vDPQG,1.6805171401803791,-0.201465006765753,0.387776477955891,107.45977947039688
EXEzZ,1.2596322493352892,-0.4451405429622263,3.644723792926877,163.2723101167559
wmOjt,1.7389255439069011,-0.219188824492109,8.582599683239973,90.99622552824644
Nwlbf,-0.324332726990323,0.9810706612796852,-2.4839940630221458,71.47570730003659
QwlCc,0.1698839356634991,-0.1805881627342569,2.8635642906004684,158.85283097475934
fXRR7,-0.2412209158540617,0.9362669482616552,6.596551222550918,158.912182159139
EXkuQ,1.5656337653598746,-0.3110663638869518,5.244653649177815,65.06426661891089
VDIDk,0.147963259385761,0.8842812519081551,3.954183395376603,98.07935685237472
EZpKw,-0.1738831745260798,1.0145654546798628,2.3809937589260954,107.82750563750837
7GfY5,-0.3146631876644398,0.8194126437263198,-2.170729264742426,53.52865176809548
imeAW,-0.8908194369368212,0.4004046623454687,-0.9025359037984286,19.687565091709317
qqy3l,0.9032419701695248,0.1139411963828593,2.994171491472123,61.2263368928996
mIpgm,-0.4958787765260449,0.8825631130749676,5.0020798472848975,63.77128495610119
NZCbC,0.3124772890208304,1.108273215562561,2.7511120086292418,123.04268166854486
IpaLd,-0.9753290231883626,0.2033619348476604,-1.1963412789057135,26.770577185492307
ThRRe,0.6209975134691725,-0.4790539820859276,-0.5022281782247848,94.24948492344564
LWqpV,1.3692572413207749,-0.5075602061260972,-2.4215988917348654,23.185589944306468
qbPGg,-0.9369224687569866,-0.0568144486274057,-5.585871620438467,34.81723934987252
Q2lzo,-0.1670864374704823,0.5458923188971629,6.619573962576666,129.54668092246447
nF4CD,1.6491036091051277,-0.3043498869355092,2.3219843615484583,47.5319714541673
M3ft5,-0.9617815749551786,0.2844575705355513,1.7491875436568058,51.74001001118135
HZtUr,-0.2173789603331232,1.0083539033984406,1.0579487358121835,24.24701759361986
qFsQ1,1.4748022278466622,-0.6172908687891255,-0.0524083447716419,28.115561741826266
q8tc2,1.200203048804794,-0.4303308637058493,5.65572431457041,47.307455769464816
1K7uf,1.6590620039665454,-0.2850383700665546,3.954661486099528,100.58869539273157
ZdEOs,-1.056943793866076,0.3867678207643568,-1.2068499235544934,102.73129058239634
ocW1D,0.7028309452587155,0.7693680871639568,3.5081419766977424,33.00107662562737
PVMVM,0.1571093133441657,0.9472333569530812,-2.1182706911801144,1.2368336451686683
RUWIH,0.4190192907060116,0.8983544120049426,9.05382038086588,77.17274114482123
TBdXk,1.8318441110368449,-0.0189248442373184,-0.7590158214988505,64.1515825902673
BAiUG,0.22203144346871,0.0065560983488927,0.7017559485679596,134.64966389832557
izQws,1.680835145637242,-0.2322854736018204,-2.058089044251739,115.19972044413764
x1AlF,0.7243760164066351,-0.6163095681696682,-2.25206930340326,33.46464581002145
k8nvd,-0.1557872647889761,0.8850902369658822,0.2181215386616537,30.77675055298196
Vunyy,0.6066455322851747,-0.3854049652921723,2.7605900886817065,72.1382437476166
CtdAc,0.5886904688293426,-0.3330244415755305,2.4842323972725664,110.0192386596902
4PXhL,0.961821548971813,0.2003828697936374,-3.571643859262465,5.635977277899622
BwW2J,0.302880522375614,-0.2850186168066478,4.202806880839861,128.75865452975577
C9imd,-1.0370126241213051,0.1660618324395854,6.159887234226687,98.29229505429724
7k5Nf,1.4523198026084825,-0.3985517298551021,1.6797592548725733,79.29986038862616
9X84o,-0.2706095496321352,0.8879175076730088,1.418884840849095,146.12834974357358
S3Rtx,1.0402344966991894,0.0293382397806096,-3.960965691146588,66.38367417865328
zD3CV,1.7514780488534225,-0.2698993029110406,3.404020199816189,89.23309442534045
V9Xkf,-1.0300717299416795,0.1258014748512879,3.6202500851318185,41.28175325239455
QAvyK,0.1226382811004714,0.9196775413388532,1.8852378541836856,72.73472437819301
ut4Zv,-0.9349203905628533,0.0474920230288562,7.452501532381103,82.42420287676713
uOEuS,0.4513268498321439,-0.3615479960995332,4.698589004485589,47.89598793249725
fz4MM,0.3017656873649807,-0.1942343322201013,9.06451656826028,172.92410103260417
XBBQa,0.2477443712084981,-0.2859419598202835,-0.9183687134495274,33.26110202674663
KIId7,-0.1513323861618554,0.9559919506502796,5.916835369542541,40.865776175872845
OkQhA,-0.1294840244417442,0.8782970201475827,-1.9756392567685712,78.837419669764
pYawg,-0.9032415289208232,0.3872472012739151,-0.3297126833932415,9.226309376763352
cnj5B,-1.0949317357357522,-0.2421827692663466,8.087448484460541,125.22841363564392
lqzuE,1.0600676039225705,0.1153576468590313,4.895283106177856,127.66492929029
Sg2QB,1.071321171168058,0.2850533591356865,4.219903700152745,49.394541743629965
KbNeB,-0.8586320105262254,0.2909198987030834,2.672233506100544,137.5574366227802
IZuXX,-0.6654205750047466,0.8874046588519188,-1.092788878729706,35.47702086988983
jXYjq,-0.1253784715056256,0.3913965527034994,1.3168083510860158,142.059338302356
nOqXx,0.6299234708338066,0.7838369632726578,3.8464177018859664,48.33910024965198
Y1PD0,1.6991252259441587,-0.3026560669262569,5.1267043410858175,150.36443943412482
MMjnO,-1.071650571034133,0.1087817897656351,1.6598073892014602,117.80109970804264
4LlHa,0.3428957042017544,0.7988934061670264,2.5192939638764127,132.688751463432
73gmp,0.2038988617521596,-0.156710438083898,4.636081371849462,130.06978388171245
x6yfX,1.9709412602235488,0.5052557984654521,0.9217231371695576,142.00925491183608
usJwK,0.5786979662224657,0.8073140272349075,1.6694523704760822,81.69204482909696
447mq,-0.6713720711449269,0.7750839183260185,-1.5684510931652809,37.10876955993502
v14Md,0.9961842442401384,0.4123518265213874,-0.7143521710136891,27.204806517498664
h9Qif,0.0716752367989564,0.188837154711992,9.43072107188774,183.7563878755453
C7Qd2,0.5779260498622993,1.00114352624501,9.195156477754152,136.34768983167976
6RvCW,0.5080789378915,-0.4676078429960851,-2.505238704412777,74.41427377312671
9SxRZ,-0.9431582394060948,-0.0504822982661505,1.281872825923128,116.44775601228584
hRjIG,2.001289615289081,0.3088540719344749,6.941825420977348,158.77586409380226
LGdRU,0.8778528083716425,-0.3800365040022209,-1.8408306530721752,113.08115121903111
XAH0X,0.2551234147826243,-0.3882524526897173,10.180750205877526,154.61921702496485
zgU6X,0.1247407245119067,0.0563210856391084,5.7197142704089945,151.26002799887252
KYt79,-0.9874162557972748,0.3112975313697762,-0.4593236202600735,59.49935964453292
gXgNj,1.001366780755356,0.1589498316444842,-3.8174612996572943,76.07793532078414
ezCEx,0.1361687882881508,1.0073257776443962,5.982587265933651,116.0009636856924
8PXIV,0.2623330201390016,0.1213646743699324,5.50367904640741,123.52834807622772
aHir3,-0.0548380921302932,0.8493117166867181,5.610781511634981,92.98832789368404
Tvsym,-0.9434018289950168,0.1297067441375743,1.157091465984902,142.58291273720687
zYyC3,1.833872147502538,0.3252674515378835,2.42693530378602,108.32199658224886
mPMYE,0.3204350415945656,-0.1821460831051218,-1.158989488582364,57.933688442119866
1le0e,1.7376329909234516,-0.1067928970012527,0.9006404480233072,38.132177947884266
yUfo8,0.9153810631859792,0.1002885089624892,3.3800732813546763,77.51243834284458
oNe82,-0.8884329489878763,0.2554594777539919,5.14394447033047,66.2556069265712
x7QEP,0.9208819753737542,0.2726154979927621,8.47966252343576,72.3148205497238
wlmb1,0.139031210816141,0.4074857227227663,0.6118917350326039,89.12333464347466
qxyg8,0.3911359426016146,-0.2120686788975809,5.690036002509872,155.03367717234053
vMXOm,-0.0252665308100975,1.016149615419975,2.880610821978746,127.5226973027826
R4Khw,1.945692936403268,0.2309312517857313,3.2984528170521275,106.33331264835792
AaAEh,-0.2439408586231607,0.8891900271514239,5.772094732234043,76.7094096294673
APzmb,-0.9571023309942788,0.4816661288691974,5.744578616939801,158.69207760075977
4CCDc,2.23064170087269,0.1846662148749637,0.8438406653111743,132.28157053500644
uv1nc,-0.6377978888851199,0.5607747865643972,-0.4152960010424205,81.06244529131394
7kJOi,-0.7463688747834419,0.7754249577300805,1.2149075559298632,153.6330872768491
rFWbV,0.0683466073062358,0.2415433281089828,1.7387979480966196,133.7994951255354
DEksl,0.9478284137642394,-0.455838692104541,2.254601551076904,88.33641462017299
R5pjj,-0.762956125751688,0.7148335011936016,3.920145505023592,124.1385292983008
aSJL0,1.885559835571024,0.1977176009793513,2.8535725202659945,154.56443004666107
1m9uv,-0.9446790633278556,0.2618397239266403,-1.6651370300059058,105.00631567012242
edR2Z,0.5796398496652524,0.7005725862343197,-0.0853089097543403,42.70589843125373
KdFRd,0.8927521686530061,0.3979513320979189,0.3598705769303296,72.86343202962135
jPNRa,2.2382881360583182,0.2969064499940403,5.459669919266374,80.85472332461393
VosME,0.1975720872834626,-0.1323824433570843,12.576618151147557,182.2251282406213
UZlQ9,0.2967290695498343,0.9787257373603812,5.271527706998394,142.86956817770775
O1XOn,0.5934656526841403,-0.4808904117549406,-1.4812271747602708,135.50561875396698
xitc3,1.9611027422842933,-0.0597405253596563,7.34531429327575,152.50454535639824
MAhOU,0.3545542489364811,1.0029859876131324,3.441513852918337,0.5106378626893661
TvKx3,1.0578735993763309,0.2728052352494236,5.062912969158994,115.54564641602484
6vmA4,0.682075524160026,0.3573638259840674,2.2500335053186,121.12948376136
OSEGH,2.0477756588262115,0.3234672499386463,3.755864993588424,23.816869010126588
BAX5G,1.8315120669872096,0.1318365026702424,3.2591497605116144,120.6226842900852
sZvpF,0.6609561052255782,-0.4591641028723416,1.3330138798416629,60.04003126912162
2WziL,0.7447622642188001,0.8667718963613622,4.206848723329902,51.51336023162529
KGg4A,-0.4161274105939377,0.8389846113935762,4.170068944353964,73.30145528022707
BNfbg,-0.9181678965288376,0.5224661746384492,4.085973546493535,105.70387119172436
akSVV,1.905337540921139,0.1896444144551603,0.9237176792222864,127.5416670565618
n9xa4,0.8138776311235455,-0.6630899692328011,0.4181451518477235,54.609884616887136
IcVSr,0.6036437062663372,0.6394572882818175,-1.1457723769871189,95.23091289531956
1rvdI,-0.3569040389464837,1.0691821774808583,8.905872426618213,161.45473917249151
R2YZl,1.7225337329335353,-0.0507209605144772,2.1333175185713635,118.05573313846229
EtHis,-0.8945733474301825,-0.081125990853465,7.713391250167764,103.1178703060586
A1rsm,-0.4505367379349047,0.9930283612070409,4.706877906827099,133.41614951745063
Y8upB,0.171536421942936,0.0731977047192974,-2.1164693568617903,71.52581001940842
b5Anm,1.88478367853762,0.0174504779384606,4.983626334019786,157.0819546563331
sq9ol,-0.0213693568097476,0.1311067199423422,2.6666701658033563,135.52595302425635
elU1U,0.1383061704326635,0.9685228147655688,4.543312884706941,146.71910787535464
0TNSw,0.2929057475827035,-0.2488022235658789,5.727107023886926,161.26075491926665
y32VK,0.9713664733281148,0.096137656213714,-4.159335590516599,63.353529116295135
x8XTl,1.0074230788648442,0.3274261648569136,1.3260328949197602,32.15554602372692
m4X31,1.9008705280229576,-0.0562988506710236,5.446159874871688,60.89753166195897
7asaG,1.4264863198398952,-0.1922762037751237,0.929842578521726,88.46488379586694
M84ub,0.0958443202209623,0.0470073771382964,-1.7938104666150585,141.40576574386574
pqCUg,0.6542171196876159,0.8663174310367266,4.6086592467671625,122.34934287633278
QG9Ic,-0.7384899627618211,0.5725666498399209,0.1951237394630962,96.5604881232342
w7ryX,-0.0235856908568793,0.3184732077259418,4.620547457015032,181.7202517082461
XmauZ,0.9326939596026256,-0.3262859566153847,1.6143155734011647,130.58447461126093
DijSF,0.1031454953771176,0.3319363460466973,5.373911155605657,175.94907048383675
5Zmn6,0.8018431825828344,0.6563378321439937,2.57267027491224,40.61600882679501
eVjFJ,1.8692709814221344,0.0806773863439811,6.524783640736473,92.44637366023584
SFSGm,-0.8096191148598504,0.4965362611115292,-4.856757678614,1.7946787319427684
Pmd9I,-0.0154261963622506,-0.2065576389653713,-1.2486148850128762,46.3213957511776
Arwiw,1.1737291506894874,0.2247243086727094,0.9810361744326912,3.8030420983750064
M74nc,1.6324457506008738,-0.2786286331793421,1.8244536541141567,34.632042102938534
RdGKT,1.5668439407894714,-0.2764288513716057,2.4896444705892096,149.65647485838525
n4pZV,0.8712012709917112,0.0678076326547101,2.0636110611060734,85.62340408015498
3LaGn,1.0235498278466202,0.2658268326316004,0.2139407181836264,28.37442607852377
upY7H,1.713165065221904,-0.1623604852554555,-0.3892819790089495,113.17710549351852
Cbcts,1.353087819831455,-0.3325693746450972,2.460924079164168,77.19050146143884
vn89k,0.7491029523817441,0.4052092802739089,-1.98468251193468,64.57568404790845
sQVxv,0.3990850991838413,-0.2329104562077158,5.287024065776452,175.3381834868863
A7FMJ,-0.911221295792486,0.1001147936932791,5.418366840307224,98.56460970287914
MKqd7,-0.4153794746292817,0.8639466715764275,2.315721836884045,12.48584382239986
kpv0B,0.3668168798360786,-0.2521024940524142,-2.9261111222194502,80.62712263918726
kBQdp,-0.0304257317433306,0.569389443722756,4.1645268069555845,35.07093503787678
RlANI,0.1451053185194143,0.1367583448412878,-1.7234071178572414,47.58868235071736
73u2O,-0.5406629158502444,0.7713931945250505,-0.703958712427684,106.74127535285788
Mm0Wv,0.8954502329517795,0.0526605671198186,3.6179709585602615,90.46940577951746
SFGpN,1.673834921038456,-0.2467550162317104,4.610814260817354,110.46709799296072
na5jM,0.204868424044811,0.9388765008067568,4.901005842736951,162.2026518054599
KD0ln,1.027494873428448,0.0569385258016351,-0.3442635318974392,58.886442597733
vGHro,1.3482507209894754,-0.4653404974811236,3.720804782520331,62.48448717794557
zvody,-0.8700964946601997,0.2925184948889511,3.3491562087715785,84.3288007868905
aNwJO,1.0447260486916214,-0.4044662874254517,-0.8944274990846337,87.33907485470725
jKmCr,-0.4649203756332604,1.0918114418161713,5.017961374635417,56.00143007393925
zD1Uy,1.6441380566780028,-0.4707768753129298,6.059680912832492,100.75504177292834
oMOYq,-0.5735488069182493,0.7910992586248999,-2.9362326144070665,37.278737887421165
xNQBm,0.3976208002323897,1.1033781934321931,7.9936726138273215,6.541755530847647
OdPTw,0.6417085745820778,0.5945991651919285,-0.0348148154605181,68.51806889747138
G4yP1,0.4943428218702125,-0.3987939107542218,4.451932279472438,72.7424277996948
6jrjd,1.6080142256683156,-0.1352756050333066,0.4300007296256589,104.23033647565822
eYgiO,0.588166202274918,-0.4423037497775005,4.535173595216577,157.5459336925027
4T6BL,-0.8512966427988097,0.346041236521221,5.885783150430664,145.38525105686628
vVUKa,-0.2911534754722682,0.6584141574888713,-7.79642557743582,9.161475573999727
njGFY,1.6912672213415196,-0.2368612080007629,1.251152053415682,53.6943533350871
BiNK7,1.0568909620093891,0.3510820285792592,2.9385893673201697,22.195284337096112
RC5sG,0.1597534240617775,0.0003709778100633,-4.190499550798104,43.18216653350639
RsBMY,1.8247827060759323,-0.3102612423223395,6.361483694611581,172.7970309543948
DMHdu,-0.7522093519165352,0.2263376697831251,-0.2572667535825925,63.47862846206173
I38JM,0.9332487568779952,0.4369353710090113,0.5167859509858171,4.108056938344565
qCYtJ,1.000021139431328,-0.4692864345084709,-0.0376943920629853,61.70812860370525
SlR5S,-0.5552092993339796,0.841225746314402,2.261538933561204,59.965381189304665
bAfxq,1.7391843494819053,-0.0567726342924595,5.737467314096756,131.01790591441315
7m5xa,0.3404223608910259,0.7744833732962382,6.410714983034683,129.58981295863515
tadPY,1.2522364773984227,-0.5098236321167967,7.214081039969134,123.93641779230973
wfH9Y,-0.8759906932778907,0.6159388943567392,3.672878946136173,121.40747447128656
O7Srs,1.9844582559133763,0.2152281983405807,6.353495300973824,112.357686617098
wiKNF,0.2337958326207094,-0.0392872218795677,-4.459844588672729,49.90290415226941
RPzSZ,0.7624582442259938,0.7946179010129119,0.9564320322299662,76.60256544435488
Bgn0h,0.4849573954800511,0.8518335053560921,1.8202986338508256,65.80441075992113
7YuI7,-0.3883480293427116,1.0367643852457014,6.964876522448133,113.29369038125644
idEw3,0.4134368106970585,-0.4591215500159619,1.6626712751754766,132.48205186374142
nKe0E,-0.6256209550734815,0.6190145348798959,5.679741498104423,148.64063311539897
cHjSS,0.0896650178457518,0.9634550067809028,5.968776907434683,94.85619244979206
Gwd1Q,2.109314443507897,0.0133130794902524,-2.30503656903455,46.84544989765993
CWTln,-0.6722412996438454,0.6464517183685746,7.399122244206746,108.3581592265416
kQvzz,2.0349923014887423,0.3004536856116229,-5.903597845353232,81.53236247406689
Ym5Cg,1.5694696041692164,-0.0689781062228809,2.0053219676313234,134.7509530750559
5mWbe,1.0371275192684115,0.4210719412002549,2.850189443354788,52.695026062511175
n8ZLU,0.0580570525093056,0.1568972503161024,0.6984289473335024,51.79526075392371
tiABJ,1.819268956910508,-0.0715136146062806,4.918275313471632,170.10847856017622
s8sJY,1.9555992001794944,-0.0640457096612103,2.977777378188597,173.92892294163082
oZweL,0.2263786812304265,0.8068794946770934,4.476816287722927,144.647699433402
ksjxN,1.967207595157247,0.4837240979453963,-1.284609714849247,56.594368300303735
NCOhO,1.6376596623505042,-0.0175980985577613,4.886880667603778,115.30885743181727
aYTBp,1.484999174284125,-0.3020249141821903,2.802820384267241,141.76731671655992
1n0rh,0.147736096521644,0.1489419044649705,1.2112939300297023,84.51674898259401
kRNcI,1.2646612241290427,-0.6696628424676473,-0.9786371733580702,64.15807613766232
LN8EK,-0.5938438371239217,0.7814473683805041,4.092148444010425,103.9551116492944
u31N0,1.5569810039135252,-0.3401647812696961,4.44956537566928,167.4663265773449
R13sl,2.054871783481234,0.0812611346188944,3.5074102104559497,125.59836446914952
0WL8c,0.1571350703794644,0.2076930063441524,4.665782293322027,100.32036386442071
PdkUK,0.6658113240389617,-0.3995597890735685,-0.6312506860890166,67.68394568520276
llnt5,0.1388252604696857,-0.1696456978528662,2.905649767131221,169.73669738035707
3zcQ0,0.8304954948272307,0.2667573824350996,2.6240774711201205,124.34776578347252
GGyFW,1.8433825749177368,-0.15050410656186,8.363244656784055,150.84019898086316
q0UOX,1.905754115901226,0.3696841528910037,3.85351404078641,128.25688653648967
5wMCJ,1.7507281833863482,0.1676357080475175,1.6890770043806165,184.3533939697538
thfpU,1.278099159615807,-0.665703460499835,6.726274382273253,148.44706354538025
RqzuU,1.869813248406001,0.1842471739437721,0.6591261426036575,64.31936544892406
Aa2TY,0.0866691098111114,0.4585447739174376,6.12854752348582,59.41383468387493
5BOgx,2.0367028747172866,0.269373069938833,4.136264931064414,127.90056315819471
j5pZu,1.9297727262362936,0.0267682620301016,3.906723309397929,150.086228866508
3mQP1,-0.5708552194269665,0.8471540605045373,5.1989701539465125,134.42275878401256
geveC,-0.9087010098736432,0.3464525596977298,1.1982321198695964,4.928099745847749
TuMCE,1.0593356262889655,-0.3840424210392953,6.1314159268107495,99.739741738528
Fdvbn,-0.8822976213730528,0.6934623659109425,-0.2209809789760992,73.07624237456297
SyT2F,0.9422428861401716,0.4471974588686179,1.239957033990727,49.54544750612243
P51y8,-0.7382182785875123,0.4967475277548041,6.968587537659673,85.24285584622521
mU4DA,0.0440005006738393,-0.0354111957770222,5.2445115514805964,151.6076895683104
RgXGq,0.5825427289964734,0.6508701432721283,4.365592216838977,156.359106314548
B5qs4,1.0579216714537445,0.6628150922508118,-0.7142653631636969,38.094100137518325
36ZO1,-0.2331715219911897,0.8773800252490948,4.75857741286295,55.86564030506632
gVEPw,-0.1776275243296538,0.2159523975983771,3.956397773339463,99.87876908636686
xDJ8R,0.2355746085174425,1.0549364416521834,0.6796900738253027,57.45712304001568
djxwa,1.912876569726612,-0.0186948769349579,3.0335698733255345,67.82271334771453
pQsHL,-0.7893549589204459,0.4833596017298249,0.832891942970019,29.20443920236281
WdylU,0.958898402159514,0.3446394724563006,3.0409148710507026,145.32392722535573
Xz4TX,-0.227525124112326,1.1229921710030284,3.8157649252125663,120.51748858862624
e1tNK,0.3204852607905504,0.8595422455373021,1.600396609028467,11.801376471231125
X7nxz,1.043016312820127,0.1503766991566345,5.036448363527558,157.27761413231875
EpQdn,-0.9276892320336227,0.4385965920456065,0.5402159816678789,31.68578795978474
UMtkc,1.6807714015588635,-0.2421225720764726,5.444255807912632,128.22927729483783
MkoNz,0.6596249168353673,0.9270021360388911,-1.3281993281207158,50.427437310065
6BJ1n,0.6904694704529244,0.6723003482137894,-0.7277529721963347,133.8383827551375
1Pari,-0.4246906482556399,0.912345662651006,-1.5838498421750642,51.725337496214685
d3x85,1.7435392286520277,-0.1671812216567441,0.5572666898681375,40.5897124007165
eei4t,1.920770099609837,0.3204053715907325,0.9259724549942152,46.93096313015268
DO09h,-1.0030144093979805,0.2023630717803237,-0.8688763869249261,112.75313359822744
0MIqK,0.6778095827985519,-0.3811055509625534,-0.1802305211904356,132.2498208182123
vGv1d,0.5111203201186283,-0.5351103977157171,9.079877191830096,183.88989702511788
US45C,0.7035152331318328,0.6980612757785071,-1.2235823391606522,55.37225220963657
Wl1G9,-2.7155092575767426e-05,0.8250101029123913,2.1832518112088,51.93019562993978
Bho8Q,1.0032685389204428,0.2996818512993501,0.2741519850451767,20.45772710232623
Wk6Nk,0.7283835235539653,0.5388432467261559,0.4099003021577081,137.75776924783207
v8g7e,0.1222779656420682,1.1171106048705788,2.2230710566205945,34.68734175236134
mDFoP,0.2462061373040626,-0.3888151627923677,-0.7248617613500931,134.57364423129633
2Uiwt,1.6060595141424998,-0.2255511595901654,4.571120895539625,102.39290178082663
zuo9W,2.020229405541583,0.2715916048614011,6.7755843182334825,176.59641631411392
06nyR,0.1483289348960262,0.2129369881592236,0.7615114421357603,69.3534214163143
QMlf9,1.6159995375123253,-0.4935922764742514,0.4467584015217043,160.36842042834093
yoOBf,0.0438108138897263,0.377717377086587,4.973083388533711,151.8343839041133
5csOI,1.9728485778067413,-0.1403843999446931,2.6991758052883217,87.45543372272891
5cJGH,0.6029350864682603,0.8344588351130898,9.62798590805024,134.6364441171362
O32s7,1.906626178213191,0.0338556636012766,-1.4109591775569013,92.66185609004398
tbMVk,0.8969113906907618,0.04441097181439,5.2762813919864335,20.137414605343636
FSTZJ,1.1800761172856746,0.1387769283119125,4.5058757535017415,52.56027981592314
SH0kc,0.4345103154377082,0.8443255987506365,3.9164481186319633,86.95334534811346
PS2Mr,-0.3900032361474981,0.9857806825936816,-1.4200865272524932,62.31190530145294
1cSrE,1.0766982914263854,0.1565867741634701,-3.3789880127527328,5.542333623404276
WihS7,1.343200150756315,-0.4501345368385383,2.334246337666664,106.72763189831564
2DuHO,0.2344987077234026,-0.0968395637089655,0.8790981626547958,70.48406367239683
y3Yg3,0.7456799583941313,-0.3572996219473852,3.019549827096636,61.28450354466496
BLQIA,0.1570975560574219,0.0710457901080086,2.212212074655978,149.07335051158833
3oEqe,-0.9547436524414172,0.0880947864468568,5.0431879617555815,126.8233576200045
qXzlG,-0.3626055590082591,0.937489829105918,0.0982525203267892,135.68792000593598
x2O29,2.0005152645324493,0.4609813115571941,6.986630627283418,159.6599174435951
VKCVZ,1.2502704779277902,-0.3854111506811616,0.3649668345687233,87.86245034686222
Nol3l,-0.6677119933135662,0.8416605863742675,2.6915264327541766,54.59023036999272
9ibRX,-0.7467523246825667,0.5594846131081931,0.9009198036878706,13.542901837134616
F0vOB,1.3409658485792224,-0.3975645314026177,-3.4227556288976637,71.90991079981526
6wMIU,0.9058460289353792,0.4051524229302681,6.751738371929991,75.12021770705287
Ofo4k,0.7082960978231305,-0.4851998090767767,7.279037833200535,133.9480528279437
qTYjj,0.6422592277458389,-0.280239128080375,3.887584226368612,96.23452520988566
fJJnb,0.6335160074202103,-0.5076377460466647,2.644326757074519,71.18307625289863
dlueX,0.5959559120210454,-0.3531366138238364,0.5110560530932362,51.6091975612857
CJtxY,0.6855643866286217,0.8534593899378982,3.064994628348105,97.72133673197628
hDKYJ,1.2652183808501167,-0.430108875530775,-0.7831328475122845,119.1388437186874
K9gU6,1.8778658287272632,0.0874895027339544,-3.8111618958018623,66.47111836646211
W3Aq3,1.1044403046535962,0.0748673429906846,4.822851505360098,64.86564599774344
Qblv5,0.045618733289652,0.4079731140567718,-0.1351838060750121,122.04226754622458
WaOwj,0.4509516033141143,0.7816914636275087,5.493220497857141,88.73837542944722
XzFFh,0.7698169113023895,0.6857840939947093,8.081601483546184,132.51335847393915
VMMJa,0.0629683617214792,0.9454344093296838,5.450382915701108,130.98244000338832
PaVXP,0.6530090674366185,-0.4757371816660178,4.584948928631988,107.667488868123
rZA53,0.1713263944832102,0.9341338109633024,0.29873535262927,93.16494615355025
Hx8Pt,1.0264523332180335,0.2911879998118586,2.0291350419977414,15.17075951196042
yVsut,0.4273349291744351,0.9808224829775748,8.054628076809143,158.37955171913046
tr1jf,0.0702495492917983,0.7543713549293013,3.171812250088919,36.01252083728276
V4bri,1.4100102609053178,-0.4246523533367486,1.0899889160567673,40.175127375418406
tXPuP,-0.6202719450218999,0.7889139901500701,-3.862959964989181,37.70251660724094
2bJlI,2.0525332865212174,0.2492094881577173,-0.2134995979736393,36.346488185353365
zAvx3,0.7739986869046266,-0.1281227362895906,4.722143470231328,97.02311435674793
8RWaI,1.1986539844273818,-0.4760644284107989,5.914899944114187,160.8412799418311
4D03V,0.0595763743992827,0.2159053843812712,3.839635779078913,72.68069803314971
LceoF,0.9837829735705752,-0.3608533902493456,-3.5786229884513063,52.49674411456369
2q74v,1.6720609551704926,-0.0875531770357231,2.2618741393336985,61.88201190133999
zNpxo,0.0586627176906699,0.96903212288131,6.290454406278671,147.3450130572446
veYJx,0.7301161564683131,0.4785672431035882,4.589598236118417,80.33748911086177
6z0pT,0.9800109942970416,0.0312962479497713,7.400195254437578,112.41034986254994
9JZeW,0.1188172829296346,-0.0992076686701444,1.8770481999382824,107.74754658192616
j0vBP,0.7414368042597659,0.6224740513637379,3.817142938668014,52.33440155430336
cI0vb,0.9183870796030792,0.6752489444079258,-1.4495207736616624,77.81191787601651
PxrJa,0.2262934564933438,0.7914245448045363,1.8265344808288613,129.9866808298708
iCMwY,1.473161210234372,-0.6158831908330414,0.5079117186822164,160.19191476674405
VVZ4F,1.4746864216918043,-0.4116828829789237,-0.1074787197658313,145.5404035134142
e4R8I,-0.8451322408668591,0.6175805209794755,3.4442832460278927,2.933883991726599
me9De,0.2488923767487725,0.8426729402871829,5.250920959752971,99.02481492087315
BQslE,-0.3275502167710115,0.913148980871324,4.915135105618563,52.04876467619395
zuBTp,1.909683995890592,0.2490896047162619,-0.5863886257367298,27.991575266755657
eHnH0,0.1931574731064307,0.9121763037962058,4.134115871176799,84.81294081429135
vrEY6,1.8817145704791969,0.2150895672515432,4.0954231161105,83.65010416216354
MoZRe,0.7207856154625403,-0.5248040068844286,-2.1978698173789004,55.2640017668833
Zprl3,2.0560078342733266,0.3873646455404254,4.893700820031643,152.28513888103555
QQc0v,0.144279067843709,0.9637531862159636,2.522116253792862,88.12444896927032
Uo4dS,0.4706611611104717,-0.1910342884240408,1.7529808522359691,159.73610449730498
lTNjv,0.0508847949629602,0.2762338653897283,2.4663702972883783,151.2742723078906
Loh8v,0.4429538886726636,-0.2245501730641183,0.6835141849592737,58.7059549584074
rLjjR,1.95313362022732,0.1763152359742033,-0.1492873370241056,93.07051644230218
lI8Kh,0.1185600409450003,0.0447279230121631,2.586781152659127,159.66021056740635
INorV,0.918269634545,0.4166077016703079,3.515705874791592,80.89127942233235
0LMDJ,-0.7393994834376812,0.6284426712578948,0.8259553177865553,108.53556516896916
XT6Hw,-0.8691173511308614,0.243410130606213,2.9154264346728604,56.20567271001328
3ZH45,1.5953359022480296,-0.3363612333935381,-0.0818601587706897,141.00132989451924
nywPk,-0.6387161145777175,0.8431681318625118,1.4235704995140726,110.2153983295162
qn5rF,-1.012042666137957,0.20285383559182,-0.9684551934510068,74.012021923356
WmoYH,1.8379559044290723,0.2825546834227757,0.0060335588493994,83.37475972929488
tDW2v,1.9260696416041925,0.1789616239734258,8.025155254520206,92.7518614674596
tBr51,0.7424224500003377,0.6803941239165314,1.807788320551196,100.59232186602569
ygdlX,1.0669499777770128,-0.6055178226112935,3.3321683929331973,124.32835750461147
c7XJW,-0.921615880838218,0.2904343045535591,2.430998162832668,137.620317680695
EJCHO,0.7118677460500302,0.5729162865535059,0.4595870489316846,34.920012030483
bjguh,0.070836106258877,0.3441223897057119,8.367062062441644,118.58210738593984
eoXKy,0.8377710668143412,-0.5096933832931146,-1.1154877682456068,31.75706834803008
IRc0e,-0.3135904349378824,1.0878314990786817,3.2337256318201035,48.06209452046756
JpfD3,0.1335351986039099,-0.1239576947380545,1.6991352239387412,121.74471796491817
bVCtN,-0.9470281941267576,0.4309609180516557,3.278652670230207,40.46027196280978
3ZVLh,1.6824536553396618,-0.0527012266913966,4.0938426412957405,143.7755690533949
I1xLm,0.2608627324472788,-0.2380638304316025,-2.1566149917741373,80.94612711999699
PvJ1c,0.480886941707032,0.8260058599550484,1.6945684187407086,37.18484062368552
YefVV,0.6974682727828588,0.7073666288710807,2.6323066245410707,113.02243765387358
QHCk1,2.000431941637125,0.1767386718317076,0.1856617849784829,100.48865472293204
ptTbS,0.1484870349846805,0.406313790288424,2.8605604914355465,108.77484185081477
TgjW4,-0.7030274258029228,0.6257860459939548,-1.6194390811313155,12.847357822981673
n21cB,0.7174682174065155,0.6654734558832931,0.6606722258294715,106.07586879123502
ZZ4DW,0.8385811432354096,0.5962169882358235,0.4643212506414147,77.8989521767652
DLxTP,0.9274145034106184,-0.4093341525042381,0.9839129483505946,138.304485958109
lAqSf,0.4536459663989562,-0.4770312134501902,6.780601874487702,118.525890193669
JiuuZ,0.8878458280175601,0.6867618336870628,-2.627184131985377,90.70823905257537
beA1y,-0.0600969425650044,0.468071705182932,0.3092327914585862,73.44550713868308
PvANT,-0.3865755246814714,0.8001852832736884,6.188916240768916,104.68634917962338
y9Mxv,0.3828680047266543,0.8201175403492018,3.584579528099926,101.8987392220776
zoul9,1.1824655805422453,-0.3749911761327062,2.813960275820641,89.29425972155498
LQuzD,-1.1969618224099337,0.1773109868559531,7.012841417742551,111.11195344291173
biA7F,-0.5569727417046191,0.8878285597196478,2.2692731852710804,98.113008702082
7H7pu,-0.3346665526405851,0.8784437326544661,6.5828986550568045,28.44026858396418
UKOXw,0.6977540975382243,0.6964428004685727,7.652279231781218,145.2428885646537
6XIiK,-0.2611634017114933,1.0488062019785775,10.127400091522636,134.85848907308187
zzOuY,-1.0295480552139935,-0.0075039659908121,0.3597209670673893,65.89930550812507
TN7Eg,0.8282874455796292,0.356408728474736,-1.3581549516882772,67.62459397056266
TJgTh,-0.4830978062898018,0.8180190100032126,6.383389353384424,134.2644744636702
3jwae,1.3694841146251686,-0.4101218762966257,0.6019549925005214,108.34651276344351
g22f2,0.3009195375741352,0.8789931067237847,4.60199332388856,76.75758489431706
osR8v,1.0803668129704678,-0.5863151768407769,-1.5564714979716,126.58873548275017
iWb2N,1.832998509916656,0.2334654735425372,-1.076966322432814,62.68852696627172
ymrqP,1.03321518588071,0.1598114302854033,4.793326467667804,86.4874119446755
MlVWq,0.3474294349795286,-0.4160916910211061,1.9318599524308728,134.4612385514603
VQ0Xo,0.665712437821641,0.8096794005733603,4.481664381660763,73.5379402748668
1UdRF,0.233453053539178,0.0294689746744979,-1.1956540132356324,54.36505694808953
WnpDB,-0.3391532766802357,0.9462072819908568,6.696602464894941,132.59071848342293
WO58j,0.4619063287268642,-0.492466901347279,5.722080827027643,150.79703478816208
XMjHj,0.5467833466729285,0.5793859000929045,0.4129727907548135,157.69350374021184
KE7km,1.493317527059263,-0.3434143702808528,0.0493526576942706,91.06991941112992
gbm7G,1.9915769291794003,0.4549759228106734,2.9650316328721056,49.50591048692105
dFupk,-0.7380381718926532,0.742322663519173,9.913660657544543,137.3805637794782
BXtG5,0.8587391616233058,-0.4069841260063617,0.3770766011035982,117.71378624426356
kvjHa,0.7607774827995696,0.9113528689702796,2.0934929852575404,39.38057089786759
hCsoE,0.0254136440847392,0.4690237130328744,3.529760057063268,103.14851873092736
5NJiu,1.682674579350245,-0.0831257758515245,-2.5950297028559803,57.35757122590748
ErhZD,1.4278854192053798,-0.5991164436325095,1.1838156771039945,64.67923887987484
caQxl,0.6161823079772529,0.7260726461137385,5.275892104847811,141.7942846526524
dBcxq,-0.4476640819775317,0.9115771189895392,-0.5306683588873414,26.677672653195263
BFe6X,-0.6473057090218046,0.7909830779941206,5.032246472456436,132.0557762741585
Qvwig,0.5143278193464796,0.8684024738119666,3.494134937273537,133.29606851209886
G6CfP,0.1302717773019224,1.1377805013191324,2.599256859572049,128.36511308093975
Hd6TX,-0.3610281947710859,0.7918643626713705,1.98818147824942,100.8904532918546
FxTnm,1.9535673577834127,0.133654844714209,3.448571180812173,120.09372425618064
4vYOR,-0.7590915013749987,0.8819025737138433,1.634363439163278,27.282950971809765
mf22A,0.1191471540399281,0.9697689989076698,6.042263349528611,130.34283655441558
M0UP3,-0.5298167306006782,0.8845845424857114,5.741737879897635,129.18907049096458
Ubajj,0.2229707186777474,0.0253543066614512,0.0652046743227207,47.98902973384892
o53Bt,-0.0064258351852709,0.1701034969435216,-0.3288248347553357,82.96051683390951
PaonV,1.3907477425468284,-0.4083692334438209,0.8270387575728126,70.69907586820399
IXUdB,0.925350550453748,0.2792468260045139,9.682341959157297,139.96042997221224
ZPbOA,1.8242849997679789,-0.0883307579591066,6.614266613305879,167.00137693744267
cD5d6,0.4421994614524457,-0.2751139363953886,2.2864134801249896,126.07815375527298
UrSIO,-0.6842281852564183,0.8269718610206631,0.2549903617545093,58.17000021967803
fCEX9,0.1642235113066887,0.9569487188746372,4.633092803660647,156.38371190003323
0tiUw,0.35518166004416,0.893386428384882,2.7153760717053137,143.8852686183597
OFErT,1.7241700206139956,-0.0371824216710287,3.114442712494173,64.57682346759903
c6yvJ,0.930669937775172,0.3838311507632045,1.231393195773949,41.79820255126842
glTsu,-0.9311996553455788,0.4775910257846743,1.628100550520613,108.43274461714483
utVly,-0.5066078679162125,0.7863590203543801,2.62574353620414,30.954895810587352
A1Wxt,0.2693735361220477,0.8962753777605633,-1.9876686869371043,61.26940080693636
BAG0L,-0.2080999451741453,0.8176880687453969,1.898437012553815,44.443400153792986
5cg5s,-0.1094657905038773,0.8874880035922774,8.766546385113564,152.96448848446354
x4TXo,0.5196359019742481,0.854175053341528,1.601837696751938,54.83327119852079
nNynk,-0.0460576783831055,0.0897126988190341,0.4777540231628546,71.23753501417804
xbOgg,-0.8975647908252683,0.5788223735030824,0.8299747950055911,72.51696329759184
8XHI1,0.6856720279498286,0.8311926087823492,2.856829936784192,83.7236285847304
c6SxP,1.9831428994041929,0.2231209367723365,7.494404673002242,117.46674965517144
iJzMG,0.6776934764695846,-0.2684162337691112,1.2166103286228007,139.99016465615085
R099D,1.3316449138626192,-0.4334620223058354,10.165041545556342,154.7870714224834
RaNH8,0.8341981302481701,0.4002472109258424,4.472624735848549,98.92306675848964
jFfrc,1.2788064890556343,0.0282353196710958,2.740728816241951,54.82026365278146
bq4HF,0.1788831076233516,0.2425446568404833,-1.9039071673385968,135.3386237857466
Hz5m3,0.0378096318900808,0.9403104643215612,4.289190830154574,82.88101559726326
3K207,-0.4507528553508487,0.7397683783261998,0.977393599850534,28.3092245324326
IbJBA,-0.1053037876572838,0.9470302818666858,0.9239857693018187,134.33739047945554
vUVZt,1.494826708710537,-0.5921169103464312,-6.107511926753036,71.67954724661341
4EDv2,1.9940782999146591,-0.4111612036814939,1.91890084358554,97.16905910034912
bjqgx,1.5103618721655814,-0.4040101680052514,2.1780581902521248,145.6172569423456
x1cA6,-0.843865856646763,0.49411045128965,0.0102788386835075,131.91768009212456
fAlTX,0.3067882881950862,0.1179893205610234,1.0235228713551645,54.876291780333
qCJ6y,0.4850355914673322,-0.3607992300588019,4.210431064101748,63.819647610023566
r6Fve,1.1073528687820866,0.4380120629714878,0.0044846128390254,49.71932244490904
g9To5,1.1780488322807374,-0.4675474714987096,3.8455716610045343,98.96181967078728
n50k4,-0.8322350407442368,0.6947514113779661,0.7956650680910079,32.4288216824492
OFQzR,1.944327151266256,0.2653258037418632,4.163862551187752,154.62869570894046
9mZx0,-0.8202808502656221,0.8428408550723018,2.8978237654819248,3.030294176405013
vVIqy,0.891385560793438,-0.4333257096528485,2.1104121284007675,133.28168274556035
Z87HW,0.3559981604600249,-0.1134875093922461,1.1490544151271935,80.95842378010205
xFqul,-0.364590664194039,0.9943949059586832,3.0702745306176262,32.75913286119244
Slyz8,1.9078253398217548,-0.0660586310505104,4.6794359055439685,121.67360448668558
DnnjD,-0.6550859885705946,0.6596476184978896,8.582673516963002,149.27393139995007
gSYPD,-0.4247963801271761,1.0685161145595634,0.8334043729120236,2.986764734386351
k7nFm,1.3869027635161408,-0.3951326046895073,3.825917817431092,124.6918590626234
lGnRD,-0.0848505180054774,0.9278044060147892,2.8429270013278485,105.2170705648318
akp9o,0.9155100234951432,0.4749315020537823,3.3632609657239514,78.72137604595741
NV0dd,0.588515951203068,0.7821527907500222,1.416244967507274,37.90142971186838
wa8oP,1.7944187328892365,0.1239116339835338,-0.5809562588041668,86.0467313101385
BfkQN,1.2320738598834462,-0.5279955502054761,4.153188753820624,173.61875539115834
smAF2,-1.0415674946274491,-0.0493753266408301,0.9454650353393976,144.53414341402294
oJpYn,1.862336307246756,0.037265160638798,-0.3715733241791108,52.11352253738602
qFv4l,-0.5097379073444601,0.9324098737674432,1.1699712554375183,85.08478452942407
oKilo,-0.1151445191164,1.0318769091229996,0.9247896385012542,107.25324394313392
nJ6mY,1.9336005926693345,0.2008717029495149,-1.289968760828858,64.96897184113548
bjcTh,0.0467018571458133,0.4904634948954659,0.1261234028946998,82.25614005597932
DUbkr,0.7452375178238615,0.7664042378362701,2.2285227415110582,143.58345346485467
knYBd,0.1893691283252346,0.9720874397932748,8.00876957535259,122.47565806365677
7Roc0,0.2770073550046117,0.2813830681038158,0.2624655172674952,119.24399117944778
XaJW8,0.8641806154780093,-0.3569733565472956,1.7650795153959336,77.96422594503582
IfFiS,-0.089716875996697,0.0193045754157749,2.0540283539220656,72.15097799036322
mCBbP,-1.0721521488222594,0.2743188225824649,3.0596812922168017,100.4984388253725
KnG9R,0.4686263108214036,-0.3125850919302581,5.790458454112338,81.15736719361342
rOxSM,1.5617605453189736,-0.1832209689478212,3.4486529804407007,25.53544565186486
bT7gP,0.5487952095158408,0.703878285811405,4.040805383429918,96.57808343630924
9msV0,0.2804034176265328,1.0787599238004772,2.8139168354113067,66.93021191907252
0AljQ,-0.723510096506737,0.9391546140285236,5.7620291428676245,80.08379120603138
Knxa8,0.8397889380282206,-0.5001916968243281,2.389437071955498,146.68018763181254
EpXNY,-0.7966239678257909,0.7481462110720782,2.5307169404138508,110.77599156727386
ys1co,-1.1778532464407732,-0.0117590010523802,-5.092383837414372,7.139749747022367
aCRwm,0.1376167263414659,-0.1912484651819,-0.6080136908777032,86.78005564121149
sT1eV,-0.0312011826482193,0.5507729847739369,2.187912736575472,134.5224932937347
y2DYA,-0.9742454752675486,0.1396648799643695,5.435125377662433,126.537347503156
u43QQ,1.4687369460200732,-0.4133154925084804,-1.84188565153631,24.307047860942195
VU88G,1.7620041690526689,0.0112415875810464,2.133747604056439,182.07898311313016
X2WPV,1.0054098762198016,0.2622510000266819,-0.8511531815209885,116.71445175347802
wjnyM,1.757423698259848,-0.2241026331080031,2.177755990638492,77.6443802094078
U8mVF,-0.8873006923710954,0.2726883634050635,3.903618240334264,139.30662115242464
0tZ6s,0.0253754268792522,0.2496787665466633,2.5663202731409447,81.83777734517993
RVWZg,1.5829008666845432,-0.238288766896954,-1.7632759651311258,61.02561167741376
0eNgv,0.8888005985642248,-0.4446923144866286,2.3495699608472984,160.2821593308022
H4CsM,0.3176630499124603,0.8272842307783619,-1.8480994478619104,62.14182077700238
vSoWx,0.8440512133097451,0.5739983743896071,-0.0906202406528322,100.13550034919444
1WbqJ,0.5465997848210551,0.7779982018584735,-1.8291438404896616,14.01230701980382
bzF5x,1.1220775399859226,-0.3323111995417785,3.558450895752308,74.04158466349284
McDUN,0.118241594358664,0.503014370248618,3.5021279810534214,143.28250630328816
8Nl4L,-0.9292739154076358,0.4913284402679904,-0.7951555425557872,32.204246244576964
sXBOe,0.8387366753375628,0.621613164375251,1.4171314917214182,141.18221263113352
DBHkx,0.1358820971996712,0.0017922130399319,-1.7473562633115125,47.50511835677527
Kb29U,-0.6780302121288969,0.8335859994085675,1.675191322478224,71.17527032383094
kLJSd,0.6582031359223112,0.8575921772438226,-0.4879894793162309,79.78190424525506
cJFfp,0.8902232075629373,-0.4172396558888642,7.8625610786028926,152.39835416373765
ujiJ5,0.6247139261875416,-0.4743014462652436,2.2762841344410583,67.63218935287571
RB6Jz,1.8507565635212184,0.0848165058135416,2.4060965675412747,61.47704729503861
xEIqs,0.8443697191370219,-0.656299550440673,3.991087276453473,140.86974341562012
TahiT,0.2818294042265972,-0.1744962466531989,1.5942533455525223,67.18121475846944
SSlnn,0.9096256916622508,0.2704014315488172,-3.0170969422761296,58.51057536770175
sJGBI,0.9384839209982492,-0.4190234715175215,1.6897194400312898,158.4662911946495
EF1Lj,0.2039360899663646,0.0665810172099422,6.966070724459331,153.170942231001
FRvjl,-0.1901461175727016,1.0798675973534315,-3.004283885942204,1.5770069491724052
ct7d0,1.906454847014068,0.0956070614440958,5.123727403859975,134.36885086040837
kd85G,1.6263557824608923,-0.2173037560790462,4.1744989155766055,94.95382360289778
WCkmN,0.9115307148454412,0.5288593939023409,-0.4856570527178277,65.8015779180138
bicMc,0.0077450846055737,0.4409585635678691,5.346135850309385,57.97720745745792
wwdNH,-0.0896734438583886,0.8811940654911515,-0.9186777289496376,77.68847977400722
To1YF,0.1268307282529004,0.3944998105479928,-0.8092650666461207,58.87176063169181
fA873,1.9009201965551143,-0.1484380093166464,1.4123686733642884,108.51654807212644
eFdTG,0.3028790620450907,-0.3223239393663045,-0.5545874492644689,84.89875705347984
dcpn0,1.0295702154409447,0.3156253496563438,6.394615996792168,51.38867255719304
6kuCw,1.5398843451961235,-0.2264404145544801,-0.7472548178156417,114.346909945693
Qrdhu,-0.9502643700075932,-0.0487867455192214,2.9491099644610785,132.03676866362682
bJ0Jb,1.8049763020901823,0.1754532633940148,0.0854978501121372,127.504736900441
Pu5dq,-0.929185452941748,0.2843288194634511,6.9036876056154295,151.74962456750242
elXEL,0.3447573869234125,0.8265801971778725,-2.208585901426362,32.92559958414944
AJqGS,0.1878184283996508,1.120208179974835,-0.5504816470404359,115.3787972265612
MRBic,0.2561955876340766,-0.0669222141350835,-0.0701645485755634,57.10381335790644
BOlXt,0.7504488942789392,-0.332641361761177,4.384568526918285,180.1453525685486
jzycl,0.9120292860704666,0.4228849132240774,4.604301547420552,41.032905257633296
DiRjv,1.5933186921769331,-0.3611193152745352,4.883166303165219,161.40228470003288
udA0n,-0.8782447618615334,0.5139962052544419,5.238794470422004,98.4088763051532
agIA6,-0.0801563083596662,1.2294044649460905,1.7052476487305612,53.59253791126353
cgH4f,0.5192228407062743,-0.3189130426665309,2.462219884411164,37.08463370806642
ZOLqW,2.102571300617059,0.5576185658726907,5.623719439536633,124.37726285196216
mMj9c,0.4109906827533401,-0.3700994918630379,2.923030014294368,56.0244250316976
2ehfu,-0.3991158811854693,1.006453115243776,4.6201750195908415,82.34262381170926
afnZX,0.2113494172933803,0.0178297311485231,4.021781375291382,131.9450209147915
tBI4w,1.3968587899715332,-0.500850275910651,3.69635830007944,89.0578844457069
1HB0v,0.8534478155923448,-0.4465831623449923,0.5182618919266493,48.037248479361146
z15Ui,-0.0663227782410084,1.2143736384588557,-3.5369072421239904,24.172770076316446
MR1Oz,-0.5177576657529668,0.7662366569066231,4.9968411120090845,74.45442280808246
7Upk5,-0.2193816859365214,0.9452832927689826,-0.3408099240646651,36.981718614066686
V5rkb,0.9520627059041732,0.2604113749822201,2.4050479222562893,107.26450332584476
MXXB7,0.4060539476490228,0.1163912824946228,1.1736146250050197,106.20061343328584
tqJju,1.8279533381991893,0.1240789847756245,-2.5506660589167978,33.931926505792944
Q3nCJ,0.9860716778998776,0.3790417450349702,1.7443626549925355,103.5923407998352
4NFJZ,0.0764823712507839,0.1856762429105662,1.627955900295167,74.91305840386417
iJ2v9,1.8932164196678616,-0.0305112635142745,8.265375673016841,151.98533285621463
WbitE,-0.0399539370296478,0.0483007190695075,6.988322387271029,172.80076343682288
zvZkA,0.0351903137563757,1.0504170932852914,6.576574307384122,99.63114391278611
r6zvi,-1.0447787060737443,0.2383548211402243,-5.734308643078276,77.47251162155185
ooCQ2,0.9579091520011294,0.5488852840863616,5.718282806602652,105.94526580380943
QJCO1,1.6242803358530935,-0.1542052472936816,1.2324489400954786,79.17416528204309
wEcd0,1.085761433802103,0.2491426348258227,7.988033402844717,135.69744954346126
B2etC,1.0805845628941295,0.15261788174097,7.942757401922519,143.7784933652097
NFaDx,-0.6696390207729651,0.7143419637108991,-1.7089004013510547,8.019315655571157
kufOa,0.4612088393164857,0.6713223652749755,1.128593512379355,81.03884314464158
gFdbn,0.409633806379616,-0.2206509205798128,2.563428733611352,154.7741990676113
poV2f,0.2770486122514528,-0.3889824401980188,-6.6019290440545495,36.1498484829341
tK0um,1.0377530221404008,0.013063058465759,3.0965242102863906,83.91882304401521
oC179,-0.4217001539678207,0.9952413590814772,3.718925762979739,75.04933964038297
pq7g2,0.913127407648703,0.301384652071813,7.240207100187599,155.81806665507625
VBOjw,-0.7109919758526477,0.7846880250285333,6.418228352550901,119.69556802298042
s30xr,-0.1576968225983194,1.0613000284643437,2.378727496231912,60.01250821045348
yPp85,0.6463797332323274,-0.4467465496717533,4.175278288154007,44.11125155436496
Y4Wb9,0.6877818621185761,0.7236992620717697,2.2100677130988027,126.73054991495589
KPWll,1.5523069682623687,-0.2509920221996639,-4.9640367763373225,59.88640612075581
wEKfZ,0.6633257722581404,-0.2737582580102149,0.0601754275836441,108.07053642811503
llzjp,0.7095522920778539,-0.4181720875004738,11.324505721761728,150.14541181298836
Hqne6,0.88051344760296,0.4740441752687373,3.2840408306037783,31.326848094729947
Mov9t,1.222129419244751,-0.5619750492450903,0.413419192631272,97.14035503823304
RgceV,0.8212743934015201,0.7688591320410033,4.481394086702988,90.7822883396078
63er4,-0.3992362111508998,0.804287237625364,1.5480266204069566,116.47449393395972
gzDqi,0.4834075049107242,-0.329007583246694,0.4010726562651827,118.6375482579054
s5czJ,-0.8208392699849454,0.5709878473465346,1.6639413061119157,32.89057490594417
L1uzb,-0.0553967478395317,0.2289310306266673,6.976035789095793,121.62156721869556
4yn2j,0.0303010271286987,0.4226416427518429,4.926463402817701,58.88276363023592
o6Feg,0.07798269382635,-0.0509344285362844,0.6492063361931429,54.00299827120276
gHPMT,0.9371262659963224,0.0226392699427149,5.036601158176592,19.8462775183654
zP7tU,0.1830323190172861,0.9491239381258176,6.620200099609662,120.57211003041876
UyCIJ,0.9206125287769004,0.345412391279046,0.9561470249293648,87.9772468698823
mM4vt,0.7543170077490214,0.7766332001273737,3.3518073355045788,132.63803007098917
rRtu8,-0.8061384310877828,0.1523917279030079,4.872710499844793,147.79962690213384
310Ls,-0.9094347736511288,0.0252798785509218,0.3563900709570985,55.03205928164334
90JHV,0.224890913688032,-0.4203942214307733,3.880668801918537,124.87912960384377
Rj0Ip,2.124841274187744,0.4211892496465619,2.9143079666667684,105.9913782601375
wnUNB,-0.7354344859820332,0.469205124325911,9.99331119575618,124.29986755579306
f4tIL,0.7611245233670244,-0.5647595295985562,4.597064361741179,121.57289348929514
niQx3,0.0679347774262492,1.0490778957857727,0.9741996765203478,28.69157490611635
56NEO,0.3189078908498665,0.8309510166720442,5.818039022018197,146.49787888643297
aw32X,0.3369715797964133,0.9733271200219886,0.4172894144969006,112.33639859670792
Cym80,0.5675741176762845,-0.3482812859187791,2.6454753223134317,152.3951419443968
p97o3,-0.9590401284119512,0.2599390235592933,2.5067760457618187,97.65288989153676
4vf50,0.2935669629584369,0.8709567043382109,-1.4065021143662937,64.2711913537488
Edivn,-0.1654967050738782,0.5271123154844504,3.7065181556946,125.36285024527956
5ijNN,-0.0010595473465763,0.1371839256313262,-2.0938271390639462,57.86846869241455
dO3MK,-0.7793139447318294,0.8338419045615741,0.3850833961608939,2.40173353269896
7kOyL,-0.1233983380843862,0.9963564166409644,1.1836975140784949,83.22669623332666
dastH,-0.0244526501745294,0.1843725654216631,-4.15454226770557,91.8966011684186
eFcEr,1.2346212568119097,-0.5433365358589539,-2.924176394552962,54.27713863438264
QaQOm,0.2173335323128037,0.0374078857541745,-0.7017464045857866,87.36473206385148
EpiSj,1.2641943533951032,-0.3872003003198009,-0.5958241187793876,57.29419902317245
YwKLA,-0.1454697012895109,1.158535485083625,1.0139847525352084,37.897672325264494
oNrp3,1.3232375095455842,-0.568261696570828,-4.250250129933549,81.98510385401961
ShFY9,0.0819539763818855,1.0118016069145903,-3.2176411100885747,20.803176285698303
SPZz3,0.9563562690997038,-0.2611247458609059,3.2772678322211624,144.18213350781218
lqXH6,0.8544816628632758,0.4466009085698317,6.687697778439253,102.2207835384866
OLoHg,1.8785952921733,0.2479578464282953,9.691282593398126,60.75764848251094
I7nQ6,0.897671646556004,0.3228230032258626,5.70665492515796,123.00379141082549
D1aMT,0.3170071121528364,-0.007943078388857,2.327183722010128,127.2969280747236
b6eCj,1.9918333085952968,-0.2421998130695015,-0.4105087047117655,55.35582544625071
liTTz,0.0251644249743118,0.4312349911091112,3.282658215273609,75.36565399556166
newsG,0.2004386486396016,1.0387431828762423,-0.9237117444660834,91.24886332079012
PTSaq,-0.6706927114868217,0.5200147836927909,-3.478217369437143,48.65391838773429
m1Mi6,1.8122241518969004,-0.1206496220774749,2.552911659102892,119.506023659407
3sZpN,0.9675929130810408,0.3404393583472193,-1.5649852066416918,63.035892513665225
Al0FS,0.1203550581230427,0.3445790511555652,0.923964377470555,162.1061377402484
CTmQ5,1.7611555833589427,0.034758049983019,1.4821135998605777,124.69289122157956
craNQ,0.5958293963157366,-0.5424111865971452,-1.180757262921031,57.37942702657264
8fxlL,-0.0273551782225593,1.0241701118830715,3.427071295809105,161.37306626565538
8UcnP,1.0740289133466845,-0.0580354917280073,2.7601522679646235,32.34064725006788
mJeL7,0.1484274656938741,0.0157984420578701,4.671018490834365,75.38106417737534
RQVZc,1.9974129206468327,0.3532624104815069,2.993747149356507,91.1517748229408
VCVhj,1.7233501506943327,0.0090563160588269,5.6795538432914014,112.65107639203649
mZYtR,0.9211344836394216,0.2827925865787512,4.602985855850859,138.25858321269496
DbKHJ,1.7539043884775185,0.1307247231419852,3.639288017227644,54.64528848580286
HI4kA,0.8125138952662145,-0.5001283371198179,-0.4025713249666394,132.9335643830005
2dO6n,0.2714158450209927,0.9319580016374748,4.53955204911388,33.07738994418986
PnhNf,0.4107876957377462,0.9632069048114604,5.943495848951101,140.9192487095572
WsoV9,0.6623047519676847,-0.3202284908704114,9.375331078635003,91.94570174366228
uvgi1,1.87183159460154,-0.068862071040387,7.839673369193656,72.07258431344337
9YyUR,-0.9422969093389676,0.2490939829775316,0.3869521533521433,52.80703467899588
TBjdN,0.9922309871115536,0.2203091726960844,3.5879986735150937,39.39398802732492
Pzkyx,0.7172628144159261,-0.1402274881922254,6.6703051464687935,115.90012713854968
7F38G,1.4780938603698288,-0.2550377105487562,-2.219413345375517,24.21642201282042
kyDBx,0.0248043101918882,0.3354091924328854,1.658963318215945,30.641047539070374
gJLLw,0.5720343377140968,1.05400836959803,2.3082299918285947,6.377479455147664
T0Iuq,1.739005966404761,0.0475763007316919,3.360349576863432,112.6826347006766
XLCge,1.934173851330212,0.2201962743944537,6.843043753455915,124.86298087677422
9AnbV,0.8838612919569581,-0.4913107198811513,-0.352384127426419,134.57272486585515
ELYQe,0.0992583861866444,0.9709855722955628,3.922449909018277,123.3341370779774
Ldkbu,-0.8592392786992193,0.0487283140583518,0.8200504698109891,116.23258717702664
pMsBH,0.0129628099773657,-0.006648782938723,1.385196318681594,116.08061107257195
V3EDi,1.9331567489967088,-0.3289479893617563,2.065965045791521,97.62608193974664
BKtUU,0.4175125638486037,0.7546680694614654,1.9240201775433088,51.05707028933537
D0soj,0.0889563353586576,0.436061530601579,2.897466724118096,46.1358350630923
KWDCW,1.0694915924584425,-0.343405967503082,1.7755311380999417,105.2382018192725
7U8TS,1.0046928200395937,0.1918331147544522,2.0378022404567595,98.31866485691872
yfrHP,-0.2868901768049115,0.9462278813506552,5.658288786746841,146.21486514213697
9uiJC,0.2720581199954073,0.9911013015432878,-5.466203898099039,25.356719778425045
8wcEl,0.2237866952944262,1.0691878143465996,-2.3174487210581307,11.477542448422476
OxJbH,-0.9769421768385492,0.2513345374513844,3.6289247992096136,9.132936857828518
XAEKu,-0.3062304253580769,1.1735877741265686,1.279833639435565,61.85253907526342
Yw5mz,0.5199061198507384,0.9841122283494544,3.831331306872518,33.12424443975254
ybLHE,0.1871719985654941,-0.1527457847289199,-2.574333970937055,71.17170526901995
ztoQv,0.9735717262997776,0.4213376211175508,4.373872999099158,103.82087467106076
aM5hl,-0.0479752292033792,0.4513882543361777,0.8234217593749402,87.07075782263334
fOVAP,0.0827673488441048,0.9244241654935214,-1.4092331464654142,85.1520590903202
NqQBO,1.7198316008446837,-0.3476188788796178,5.0275548301071415,181.90218888748825
mWAoY,-0.1797234730004142,0.9867226392128228,3.1823504505806084,133.21578999516944
mtLHE,-0.9741855942033784,0.2954454230621895,4.158295605751789,39.59445489000216
Oy80G,0.0982767475019007,0.328619187206121,2.4130548022110485,95.61474643654
5GLya,0.0545645072184248,0.235513918037156,4.212700363021788,184.6868747156996
EjtFa,0.0223997312790857,1.036493519077853,2.637954321535781,56.30464538719296
z5BRY,2.125478670033249,0.2860223828791746,3.6738420740961786,116.88540768929693
mDdIh,1.810683546315048,0.165937250698812,5.303886720003884,146.0585241936891
060ZD,0.2007217907073695,0.948780329862818,-0.6906383012760673,46.99847244903641
v4qtw,-1.0535797038145742,0.3281356591508026,3.203379987835541,147.1579440702956
5T0Lg,0.785833250552104,0.9387507181293334,7.789895320147671,109.15866601964706
WKd8m,0.5248214673422099,-0.3658062643493246,-0.0164601098117636,81.11956567408716
nKS2y,0.1336017854228909,0.2051683636757776,3.6939249420289615,79.03741300300317
MDdJm,1.283311950272449,-0.5098291577218852,4.078519978173079,149.43466382712683
7WbYB,1.2596346264524432,-0.3864227292736252,2.3440894976037283,37.639239627600304
DqQNu,1.5716118223885445,-0.2180711582114205,-0.2170462510986564,48.92922978958705
sIWgw,2.117125918988487,0.4349996219314177,4.789552530512045,159.30572958782406
MB6yy,1.1951227720797255,-0.5246872311373992,0.7951920825790744,86.50742641852958
UYM7t,0.3327937228048334,-0.2507414579146766,2.7368318651405623,168.9805420647594
Kkmx7,1.770856390586856,-0.1252693644989254,-0.0128370424941526,56.65744764886907
6mwiu,0.3365280828254093,1.0258431186559556,-1.1356397433972676,103.03004998089408
2Hauh,-0.9680414014735576,0.0768665987780053,-2.697770145836491,42.87630105198371
ZQQyP,-0.9381253084134664,0.3570224301268897,0.6305192353846718,80.19818865043015
QAgW1,-0.9446023966875772,0.3176615903966113,1.805245013087061,15.842751019109189
AWapT,0.9907695904714406,0.5044691164360628,3.06318673631586,52.83554817524758
7WMET,-0.8959231992201575,0.4727747565820527,0.9295918029495196,86.41873324193442
XKCYP,1.151586991575689,-0.310722623015699,1.5930822255094164,137.19540330397305
YZyMT,2.0438135319166544,0.4805338826806286,-0.6545305299892092,138.46977890008642
tX8yx,0.8481389932361509,0.6553847017538288,7.01398464231603,138.65887690606485
1QKaF,0.8787624019003064,0.2560927355856145,-4.770851604399887,29.77977036659407
ltQOM,0.0890852756400672,0.2606854255690155,-1.4951392260037784,29.57703850398391
cAzkE,-0.9958272553428584,0.1025621524287386,-4.706768310721005,26.64664399941317
tEfjH,0.0884779330932428,-0.2071889029566936,3.1364758121072627,89.75094820946342
34nco,0.1299920544394275,0.0908310502069433,-1.858938833025896,24.482956125792967
eFD4t,-0.3637515954802144,0.8688406405882644,-2.1827642463216845,114.1179170388166
iZAvO,-1.068768534306351,0.4605091210848013,3.889812289853935,138.0727866661465
CzX5F,-0.6861414730007838,0.8537160722983116,2.194767975333908,73.20304396609494
eyn16,-0.9177944531081446,0.2806338541489621,0.6927452223488997,128.89306256377827
QoiS7,-1.2219575523230033,0.1262677031743304,1.442882809804556,61.80111330064161
Un0O7,0.5839319129558107,-0.284230927851298,0.5278457746581413,78.3911424095701
PGuLK,0.3868038067174616,0.923696862641498,5.494327481333606,160.5041813563264
FKmYG,0.3279300656382786,-0.414529190511075,2.353427840892372,141.38505878826115
t7IAX,-1.056126942735733,0.0807747015780733,-4.429425922464379,60.012666713485
9obj0,0.5834751589264532,0.6585870699368658,5.172027705943835,135.9079414438256
b3VN4,1.024751021603104,0.3168221673624209,4.1123580445477455,18.96605812880596
ACqlI,2.023594465086191,0.4918261146243184,-0.9317440905451058,39.103045215047366
9XY4J,-0.6021300836742481,0.8199108019510776,0.7600699019356113,6.636265143955793
z8DAh,0.7696905836326741,0.7741176479236892,-1.6797308726007214,11.63492064014184
rT5Wl,-1.0571945731822634,0.312499557621418,-2.1481923255518898,32.02251248328568
T53mf,-0.6997083533759204,0.9468679622206108,4.742174933849938,161.96547887258365
GIAAc,-0.7345848296223001,0.6507413786133451,2.9545507312409924,82.07120493166823
ldZQA,2.104672927568832,0.097254984155919,4.473673375497938,154.45903106622472
fZfLV,1.0102821148258236,0.2440239988982336,-1.6461773126603907,78.04535524871031
sFQEJ,-0.5930049781388917,1.0694692123451373,0.1138828185055034,39.47291454865805
eUyK7,0.9372800466934303,0.4923985301484426,6.293965496482072,129.0002537237985
pkQ1V,-1.1125939825327362,0.0291825703905437,7.709886826190121,92.6955568063208
2I3WV,1.1141907236907702,-0.2170146045537584,13.302974760611582,130.98568123382043
k6Thc,0.9623858846536752,0.1520965778747211,3.565772322433824,100.99045519318828
978oy,0.7515555729098099,0.131234073123476,-1.559418552955673,15.71597468740132
a3GZ7,0.6534950523886454,-0.4740310300804166,1.8609169959376848,79.10851789160736
KzCIv,0.7581157869064309,0.7359392551261636,-0.7035461699471838,34.12001732691312
3XHiT,-0.9244766014842049,0.2784606772924616,-0.0742974656786463,80.81337728701307
6rk2s,-0.2584464293552374,0.9650418861535768,10.212937505204463,110.67933277451915
udAr3,-1.1487869491115268,0.1507720088650794,4.547781123388897,76.71257799743681
rgENZ,0.9629845028126612,0.1568771249605977,6.500488398676258,125.62939823179676
brSgc,-0.2261807045088032,0.8683932262612819,6.349346493530444,96.7570372919618
ti1nG,0.4031747380205002,0.7387539824166254,5.100709460318615,100.57782843732492
s994u,0.4256446642592274,-0.1518896281516756,2.372318539301853,29.4368603062724
CVTSQ,0.2467167890466069,-0.3241133596200097,3.3176313450486044,171.15065961336967
LjudO,0.3139183275176419,-0.1720538871810597,-0.2062689587063775,97.57033701704036
TUTGw,-0.2671516716416005,0.9137644190300656,0.0899426164058794,93.6850171977458
guVFX,0.0759637780929198,0.3990077980462369,3.5270143310084583,123.29778313958468
ZD6PL,0.4181789315178103,-0.3856790267946337,7.900612686934572,180.24939867899175
VAa5a,0.9279482337664408,0.1311153408972804,4.392388585128192,74.68766059675929
RL8EG,0.8421687065712227,0.4826874283972984,1.4931826964076662,133.29470139098737
70GfE,0.0076785973034817,0.2083824184795585,-0.975624657952102,57.522151881112
tHMfc,0.5802002886251945,-0.3213119517467163,1.7040995010920803,76.32623042543769
eU5y4,0.1673004994290995,0.5081574911044664,2.7295974789567543,142.56637735270266
7Pkaq,0.3289558610511041,0.9573078490028758,3.928946944108647,52.88836778196567
QU4X1,-0.6782920475890839,0.8286202908839178,2.7025604752833217,161.31279538846795
8Ukoj,1.6894602009552395,-0.3063398270019473,-2.1354948962316525,60.43528804106239
2dCVU,0.8872970750718616,0.4810368413422313,0.5200688677296637,24.108089728327297
SYUoq,0.0185868392705833,-0.1519344012637582,2.52123724890048,89.53721747900249
ZT2Tn,1.0970162311484706,-0.0443496058849193,5.601802359788051,130.3882585988804
Uhtip,-0.4336927326174144,0.9480137528204478,5.969389087988942,124.0736813873512
RImkB,-0.7890471675158457,0.4908369968746865,2.188084666800928,48.36521764562189
VXeWX,1.6876894858398537,-0.0776911975563123,2.08470756973021,42.51210300730822
HPjO9,0.3857091604938373,0.8234502623288823,5.263370095057993,124.17530037189744
u6RlQ,2.007055646662009,0.351565486216543,4.940864298010674,103.30652078179692
CtZRN,0.6405188339997165,-0.3972529247585815,2.5350175642753903,28.958715167576518
gnCKJ,1.0645908899857297,0.7386211751310789,7.504763144743139,156.36833767341568
kM2zp,1.4097398959099323,-0.4239150581969036,5.341833427131529,49.43779903187983
QdGgg,0.6534160436820676,-0.5395538145489199,4.706106362182156,83.401006108647
2L3mN,-0.907897446676971,0.5478719885507193,-0.4668052346443796,22.90536959151425
F6JEv,-0.7891017281435226,-0.0145667732730049,-0.7034579215020083,127.3056015451298
sHIMg,0.1620144031045659,-0.262873587983348,-0.2950684697124145,55.89276137637032
3IXfF,-0.0452865591429863,0.3369176072106077,-0.3410828903837597,122.53241936930884
Q6Wai,1.0616649775682954,0.3766881852481878,3.5473883313812644,72.78728104185326
2oUZU,-0.8277669315698243,0.7124537908144659,-5.374789315304159,11.33043450832248
bMJvv,-0.2054258806508292,1.0624184614853365,2.366850918397624,40.50644052845867
3hHXX,2.0166578804394333,0.3683097238076321,-0.11141636137455,143.96187636399662
3Olzu,1.8659122193590243,0.4447273801549016,4.786206105887847,183.072208203198
OONqn,1.3724339105742809,-0.4310331113888986,-5.247611027008765,57.8781130479454
U8ww4,0.5014394518982823,0.6608040140343596,7.048053244112708,135.3043173708685
QT9ag,1.2829407024003308,-0.4228376973651877,4.040341090756554,149.25672547863996
Lyoj9,-0.1996647028520962,0.8871707026758603,2.887737121539442,48.98040302253705
8qVbt,0.006775119383128,1.2263164355206442,4.71258625423866,60.7598499002721
VbU9A,1.5232147200608714,-0.5255136425957834,3.831156854965079,121.858388002355
fdKnK,-0.8680499578930234,0.2963480945067826,8.122458265370167,157.78153949282623
NTy4G,-0.3480983712102674,0.9381833281591454,-0.3139973231238948,43.24830630996516
ZuEem,-0.6844946414418625,0.4494437563474992,3.0510497918921087,143.23652867886597
p80sS,-0.4825163958005969,0.984662161093379,5.1084074620434405,127.49916951781891
lKmhQ,-0.1532235547226464,0.9687558218734972,-1.6128355740488507,68.37359142825024
Dm8ZL,0.79878034998567,0.6180785081711389,0.4404705985602671,118.16145496360195
oU9bp,0.96127801053951,0.1346040607560713,2.8799656447533186,26.30333389577329
vrlEG,2.00838979096684,0.3804409566963407,5.3493149038895975,121.87600630355053
XTy2P,0.0339561400308914,1.0272079295928191,10.736846826508462,116.45813971257846
3M8HH,0.2844263836819724,-0.298271314093109,-1.7445502540818232,43.09461451608907
wbboP,0.0518784774619307,0.9816064133015886,1.2236277461660556,12.707721737075335
WKXYn,0.9041091337736916,0.1802542785160963,9.454868139769111,87.99440094839059
3OXlW,-0.4938820485702964,1.0718075513061909,4.287831458565417,83.21096936620506
yCWKg,-0.061993768201509,0.4223948667210812,3.933279352330563,87.50400198119787
vmD51,0.0791253750630946,0.054693663569455,1.0631365398202393,104.17109019249229
d4Ok9,1.653303469686588,-0.2267264778098436,2.491516717218268,82.07155705971743
yueW2,1.898143641241231,-0.1099239919968623,7.683221851195424,139.54892890780698
spxkX,0.1681062856700967,0.3592797495797472,2.1013786038785702,72.41945477678263
2wUIc,1.3374383808350865,-0.3303606971755165,5.836164720065214,148.20879265141193
VITPR,0.0712991065189503,0.2557957900835654,-0.5854296445129952,82.19207978222805
Go0cC,0.6120070283937195,0.6682906325786961,5.196161284584671,102.49521975152152
9ohmW,0.7382814362899475,0.3082226185624188,1.0260603654896396,4.761747076314754
i6JbZ,-0.397071898003816,0.7304375928876896,4.128375692844833,42.45370186853662
RP6mY,1.2832287214628209,-0.3080115453636362,8.006431752872261,106.47750568313256
btiRY,-0.2795672822163793,0.833698525468871,1.448092751798317,90.59241147876594
mPcR8,2.0309956137433667,0.2827822795745578,2.7634443709808063,147.89645732405685
Om4YW,0.0576588435794204,0.3263270477923785,2.4337870894884808,90.62035720473884
DcfPm,-0.8273157532987304,0.7651115514871752,8.819589102732131,118.89994557898264
nPi4N,-0.6919080347295173,0.7444861822720563,3.0234956155533315,77.23647735185843
6IXdi,0.0678377106691392,0.1209271337299331,6.00343315743147,173.3455972620058
wlaa5,-0.8892380887066106,0.6696717522349463,0.7629958648837872,17.315408827975112
7AX6D,0.9259166488484788,0.4420343768369634,10.563422564487867,148.91776472070742
57Mp4,0.8461316053932657,0.7732172742745234,-1.3383616612527651,42.07585721537111
jVVUH,0.7220749091803456,0.6224635080536528,5.182935581971843,54.831867141506365
mNBtb,0.8499844158048059,0.3529229459113636,2.2058489410647506,52.67625252268612
TpSk6,0.5556139392279646,0.5407335823726097,6.22715072026396,118.15109478173532
7QNwS,0.7403953255994505,-0.4467013228994618,-2.79557885370704,63.0321893004343
qHKys,-0.5313756704133157,0.8235851417611927,0.4786578799791362,43.38746403492512
UIpk7,1.1404741016244468,0.327572370770155,5.617198078949159,130.7767611978983
75Sk5,-0.7160761398552538,0.6545638823190821,3.0940734565337347,97.76778429631771
Y43H9,0.6219672713301619,0.7259851060108582,3.4782443375946164,82.95208397214454
ctFsM,-1.0107706278709938,0.0891136857795278,0.7640756399637006,40.6668967765673
sMW0A,0.7059722249495347,-0.4730396173983253,3.2720703410203407,152.29918088851366
urO7y,0.119014094811621,-0.2829180764002479,1.1666312271954171,119.3535197485162
VAfTh,0.0851036043278394,0.3180606331962987,0.0099371588069132,84.93794689722408
e87Yz,-0.452010399209575,0.8538842341357475,2.479360615350449,63.554786792068576
7L8sn,0.5845765180660264,-0.4258120445278475,0.0111911891700524,71.37412601894415
6ByDg,0.6730147887186881,-0.5359874626300906,10.717120753001772,143.9381705338669
HhUYi,1.2744132077532515,-0.5010112538696275,-1.8374500857155711,151.00251863430404
Gdl5M,1.6998351628406807,-0.2002107973786318,6.461286778492684,54.96986936541964
78TG1,1.0615493688529305,0.2070679959409386,1.1999108501543867,30.710368964626728
VGafw,-0.5489893692291439,0.8103631448650214,-2.2067097710108103,37.184278732219504
hbWmF,0.1932251016741922,0.7873581018423055,10.406131073491077,139.65603713754822
9GXIc,0.508524591015567,-0.5110530155555102,3.746174655999559,47.60129278488453
jDHM4,-0.8750777528126183,0.346998737778866,-1.6761057786128102,61.49006290596965
6F0wk,0.0796648288500417,0.5221863894353187,2.0672888537988947,63.30882494513968
LhBw3,-1.024159743777231,0.0624506909577863,3.81183265290736,113.34888194430958
iJ3c5,0.0485904664933781,0.1706952084869454,1.988822577531926,74.02210915012165
pHv4y,1.6888281342141087,-0.3575260521791906,-1.0372794314775606,66.82976861081629
tBMZP,-0.8306337862119316,0.3466962275548294,2.797775443723644,129.09637200467938
FTksa,1.8388622455859376,0.2337100383631289,10.397132944879235,172.40595814560368
dLdvd,1.018478079960108,0.2101423556842724,0.0535117903565162,15.891365009007991
7CK1b,0.5556000212842981,0.9056440073846206,1.0773580618506944,24.536393828281764
gKYSB,0.7887611742076274,-0.5398453701513257,2.4080359142902683,69.8005807134717
1U3AL,1.06827255956904,0.0262286189307416,-2.946858113982973,18.053286493817108
DmKPS,0.9731312876328244,-0.6108021573348712,0.7615489810239416,78.36049376313741
gclk7,0.9839016024594032,0.2804431036604316,0.8034273949038879,85.24205404172113
eDNBu,0.7715823025746348,0.5377922524683992,6.994697709684793,140.07983434638157
9qdvf,0.4873928528411233,0.7250990263095158,1.7087663216527942,66.59072053292492
c2va6,0.5863113248853608,-0.5866683071793218,2.8942269270421948,165.47834110416332
VGWfT,-0.984390913010564,0.3509026980119297,6.961191511161157,107.14087195296705
MwkQC,0.3887034123056656,-0.2299327438710335,3.973433737076508,132.1026949681223
RavO6,-0.5252818240129137,0.8591724276162878,-1.5581474193317426,92.29475401606152
OluML,0.9845526406891196,0.2410718052996039,8.523593447399456,158.6054141203994
IGft4,-0.8824962825162048,0.6119032013819764,1.4774071316679394,93.1170686820826
InFJK,2.028861881266616,0.0752341556311348,5.090949548022164,86.14697609210317
8RhkZ,-0.3609601036793776,1.0191477348919604,6.921740308497792,96.45388035104854
8Qszm,0.1721259032497407,1.0785114257480808,2.3539366303918707,53.9079250209421
sd10z,-0.4637461777485738,0.8610255465225075,2.128921749227427,59.0540934492503
53FpH,1.0028447511876,-0.0453650746920108,1.9756480751946124,86.65362135471277
iZB2Z,1.6758567596296428,-0.2712155922339434,5.034202944768322,166.22987137691777
PlJ3O,2.06623474373026,0.4119154915639793,2.655173072605989,163.54305764610052
NETDj,1.6888571702536452,-0.4253648061007073,7.830044174966501,134.734874964224
CfHW8,1.7749904032278456,-0.4511092667189607,0.6734918744129704,43.052182085463855
QAL4c,0.8091670676521832,0.7796943258991368,2.712198119758131,76.96155591100002
wKGjF,0.9013275346447522,-0.3136927029526282,2.840952122623212,123.55555205146152
PtvNy,0.6736029750547955,0.6093022349277296,-0.2817082101798069,125.4789622753372
aj1WW,-0.6852259646456746,0.7810963310124277,-2.23723338825558,15.973549783529204
rH2c7,0.8655709384284196,0.5629250570034534,5.208077338929417,96.59606008657332
kYegW,1.9404882202373237,0.243589673143342,3.4574645365963,96.08564261581373
WW0Ig,-1.034816116280428,0.4568848055673149,3.4477923639572,70.45547934845884
77onv,-0.0124506999071206,1.1378954347943349,3.3854342834408304,11.13880545445686
fBX8P,-0.8043821327755697,0.7973165319764857,-0.3166420929064131,83.78862875358149
7xYMy,1.6445228911566667,-0.2609534128653915,6.905207972251286,147.3614522169933
UfUaY,1.131131607466452,0.2406190523370901,3.6106843515511207,154.33177287563893
wRz2t,-0.6838072373821458,0.7376858248225172,3.929393268125401,148.67034003475092
VqPxZ,1.2043624178231669,-0.4277949169068723,2.832772822358152,117.659149387138
ZjWNB,0.3363120170185057,-0.2957804347605109,-1.7536571320843386,119.51430989301248
ZWOqi,0.6989046376045637,0.4298508159624196,-0.7626767903830349,24.262785648554072
4UykM,2.009197891901066,0.1062423255368712,-1.7457169177033505,81.89216720315788
RNoYp,-0.5584719239983332,0.6994860460972483,2.967715742010232,61.63142995653402
129rx,1.6771095213193998,-0.30576075561881,3.3016762175972434,157.11145438235107
LAuBh,2.140965459436127,0.2475824026138056,-1.5229762880782824,104.53091653226994
Cg813,1.6182730266180296,-0.2562856650719803,3.4161464359191864,161.0196173321632
sTmiS,-0.5700201846802228,0.9661215836271028,0.8261249581975625,90.68934124047556
meu1X,-0.1134557302285411,1.0636035739296887,8.358764331998769,99.8473864564429
4wt9X,-0.8130481437052516,0.7676048852195064,2.0554721000269165,129.08302547765572
uqqUt,0.7406255689095526,-0.2525661809717678,0.1250688413690017,128.4274089532046
hmLu8,1.1578249780623924,-0.4080047902797088,4.455221067026747,150.71064854123705
i0IUb,-0.4094478116425177,0.8270150538120864,3.5395877763243604,61.2383596627957
lomkj,1.6629297572649318,-0.2223291695681453,-5.389371365228704,58.9790062260389
SXgmu,-0.0242226693072021,0.2716862459555964,-0.4348241685487091,118.53924158870922
qLp42,-0.8448848845951534,0.4717354805287593,-1.333215819262456,10.728132940473149
ilp2y,0.3132750776961308,0.904667232149864,-0.0289543895885375,69.95898428953554
I7vab,0.1161209761878295,0.0697746995489764,-0.4511004992588346,113.5872274208492
A4CRs,1.1466422519385302,0.0130145372634809,2.458758153252734,95.0711542558844
Km7Dr,0.4628365148760496,-0.3270206649689653,5.969639609261219,79.827059040997
4uTyk,1.9305428307341184,0.3088031029884164,-0.5851763681813384,129.40776346566506
HfvpX,1.097058755638305,0.1371168151040712,4.5675949800655165,148.3851211942173
VhE58,1.0918084119260771,-0.5341732917889727,4.159741406429308,123.19158217353248
tHs5v,0.4988839592117338,-0.3207731497667983,1.9394251763054795,49.41155292534698
gClbj,2.0763831089429856,0.2099665844341064,4.7073035264032015,131.03960053626253
AEtOi,1.8955060257108824,0.3026024974979338,1.00433301600694,104.74187130482548
zjyy2,0.986175513384712,-0.7559905952453325,6.4083242154891815,180.01341565022594
9RV4I,0.886794919684878,0.4694918184011596,1.530529342082223,78.09593431128329
91ozr,-0.9379874368431972,0.1219790149230572,-1.7950592225366293,58.71246934109764
KlFfc,1.5453269905225384,-0.145194468964017,-3.2575145913499624,68.92551166009349
AmZP4,-0.1336257256433731,1.0984864876496536,0.6716134925153212,58.67181316143001
BUI6L,0.8942453853723367,-0.3574966731008224,-3.5053157932424828,75.63760963093435
dq6ug,-0.9376517265458352,0.0913905296690275,2.3102227611681623,73.70825304160947
3Jpkp,-0.963764260816384,0.239340705550676,10.68352998642111,48.7096097219399
9fz3b,1.9831203014450705,0.2448977512906648,6.12187182488531,96.78085935557964
GCLF7,-0.0153696710453082,0.5157344498615339,5.266998306322871,157.7965886272872
4W9b1,0.4400359525581686,0.8708667273051888,1.7459196935939525,104.21654417829056
QzdrI,1.5909936099402306,-0.3563138281696122,-2.210496132482928,61.80819095102657
q2fbw,-0.0172763299903988,-0.0709533509733426,2.753760359027744,123.70837600452997
PzHmT,0.0662540591374045,0.1257220314638758,3.616530096807759,123.81867485851149
B3EFx,1.4667815086229858,-0.3753738490109302,5.860963135247683,106.48448979063964
TeJug,-0.8679519140301464,0.2930872725774238,-0.7740306879982098,17.672566378833825
PxUaO,-0.6364493112193034,0.8233219620532654,5.07344952469408,68.49562656500943
GbnL8,0.6876792055954468,-0.3789325449179468,4.342635245118664,129.23829226691487
chlvU,-0.1028236972057264,1.0421090888802025,5.342272354391845,33.361351676106175
2awGJ,0.7209825688040084,-0.4992988664916461,-0.0383583005391443,72.51461405278177
yxiY6,0.309459414183932,-0.103974943870675,6.096327613963844,120.85512924067558
TioMd,0.3765532202949604,0.9490959828594568,4.439332464970203,65.57656483698835
Em5rA,-0.8661107807802126,0.2257789958457582,4.0831728967867065,151.9408452964479
OB1XK,1.9473902237177745,0.095939952952065,0.8354123871964179,171.79081045235634
i5416,1.5460249881383643,-0.3847488970362998,9.081297380108523,135.41918961670422
L7VtX,-0.6816954805393061,0.7213215752247655,3.026793814818676,84.75492978500323
tEeaN,0.1768229293464514,-0.1890735455936547,2.909108384196063,59.64186712093019
5hfEk,0.0888127780571963,0.5872893317020603,1.0884766192984765,47.62371639661731
SCxWJ,0.1079493459590255,0.0702270201226395,4.390428158173959,73.74753298559084
2I6W9,0.1104967254760748,0.18744347667566,4.154560687444957,38.25150948593267
CgPbk,0.3534694056093107,1.0157690893113345,2.2754420159367816,84.52541050458544
YBeGq,0.6900699667505596,-0.3744742412442613,6.4437663550056135,142.56107188753566
asQgd,-1.0463654544689076,0.2025158966607062,3.249755579473496,48.26007384623769
TpR1g,0.5410414131600825,0.8875836223149886,4.770085632491991,148.1164347409968
KaiEe,-1.1454389993831118,0.0359973166301785,1.8156221179133312,102.14327691677444
Kbmt6,0.1852944813125845,0.935642647331247,3.293784232959463,16.2717340162661
O2Tvq,0.8872893606773251,-0.4191031641109343,0.7431059291206871,25.58226903204513
y7dvy,-0.054499720254734,1.0386001390848048,2.8998611461941546,79.33117403626827
ix0Rg,1.034773881534955,-0.5345330994096241,0.7283032609533018,59.34245508667101
ZC2zV,0.8727391800580672,0.0662239573803849,0.8046961251935209,44.343826532397294
ntsW8,-0.5557848650964711,0.7941963853844106,0.7743361519598461,3.1119456346447123
U6Flr,-0.8752072833572231,0.0637620891553926,6.666629392204349,41.55719126035721
wSnJJ,0.8089807264823088,0.2325986872382328,-2.1589907474476444,21.81017586974895
G25ax,1.880836885199308,-0.1757718625094513,3.2723875319309785,124.48959189758666
xSQoR,-0.1574247760071832,0.6003981829929689,3.1346313277499784,157.96742702143797
c99T8,-0.9473302908724685,0.1243012545219963,0.6739783706472451,55.97755181971884
EkfZS,0.0255661750888776,0.3762766812014072,0.7444896118071567,72.45846799538334
AXGZO,1.9080575548162613,-0.0822493476923878,-3.3543890754221874,40.54477609071771
HioSz,0.0314320034350592,0.0310172927462042,-0.790250065042677,49.76763037447672
XlqPq,0.7750610792520256,-0.1401252424011843,3.4409821048943443,176.18619416872636
hmsrj,1.1224891363610088,-0.4249478269785919,11.197342788372495,159.40653576468372
yjPo1,1.4520108700248269,-0.2926207134592903,0.2331718758098049,77.98049673736202
iiYA9,-0.6228407566461918,0.5774388685656096,0.0361671826643667,3.049286245326853
ij8TM,1.8852406246368607,0.4504401517820038,2.7585117648774777,147.78579431683858
gGOIN,0.0627222750504214,0.4812671371318608,2.5118816315011965,166.8064315106826
nbGd5,1.261534951123486,-0.6163689849582261,0.5131626019610245,107.31073697944808
NXMfs,1.0884880535917465,0.3930406911556185,3.905438251322828,84.72674069737477
X0eqC,0.7221042694888642,-0.5775731636905921,0.3015765704415771,62.549647841434286
U54Jl,-0.0314410396843968,0.2112010941714481,0.7830963113676722,89.12323573796236
hntEW,0.4870622156429861,1.0199070908409202,3.1961882516749736,56.831556881512
wbK4d,-0.0808948088276754,1.0543916368871766,1.5645102542256155,76.19156567030984
B3Taf,1.3389034881710933,-0.4498383226613313,3.9501383030557418,124.16096461347809
QC1Yb,1.9162908360760216,0.2471402590098504,1.2275683994342164,72.15302708851654
YBH83,-0.4331136070964549,0.9670623158938766,3.9319264364011737,72.54303314231807
kOxaS,-0.0891226772256611,0.8875293597047584,1.96794158646502,44.814274920907046
f70OA,0.3046871276237303,-0.2639663747340432,-0.4704523802636151,100.88337669531458
PtJ2Q,0.8545118577108493,-0.3814374338888031,3.0150751869758574,63.2270413515303
2SIdN,0.92191986953464,0.3739670172282977,3.659094434880685,51.267186572489145
O98NG,-0.1602255892045669,1.0855995086873116,2.351646345381252,79.16193466494222
Ht73V,1.0683264774824892,-0.4798125824722962,-6.988722423510487,28.45664673922029
Uknv0,0.1973723940011648,-0.030140031371702,3.156029951530705,95.7132935291746
c1SNj,1.83524432725032,0.1924621755027021,4.53234658675684,143.07139999115682
ayc40,-0.1274847847748502,0.9558483655752964,7.601268332043433,161.57685649401398
o4uEQ,0.3783319353357256,0.8489770309755313,4.341205888255768,147.027345187389
KWFIi,0.2820019846961686,-0.203976944464896,-1.0193817692173228,97.16702185856468
o6HkV,-0.04831397195629,1.2179996824555002,2.8288212357699343,58.34450226593372
f7T9n,1.0655970932789236,-0.5146127603641387,1.9323990948183327,50.818792581218354
ZRMjm,1.0560794927160728,0.1012851272185649,3.3588142635794243,21.885057071862
Bh3jw,-0.1223616372144551,1.0409907789647668,5.171588089381457,116.52837861348269
YSvFm,0.957559539277216,0.119143419476115,8.444021042916095,105.50688889466888
ajBJW,-0.0119357673726507,-0.0051652944997212,0.0822085273426775,50.48897128476536
gZbzC,-1.005857897257304,0.2654790418705009,2.9408350259254457,87.1324201987108
Wk8gX,-0.0393488056622879,0.985211513227256,5.594927873077274,112.191202440815
ihUwx,0.2811408166814427,-0.2155145920990026,4.1092514650290415,145.48792150530358
yPZsi,1.1228721132255275,0.1514443562396489,4.7406385203603465,108.1492156372356
yGKBp,0.0299013782820009,0.8720724073547497,0.4293309276415452,27.68593829921859
O5The,0.8242086228856944,0.1318786753059147,3.4326502844405966,127.85281224219771
OpvIp,0.2376524766337156,0.939665506052608,-1.0479814771237117,42.026248159673216
ZTGv6,1.0618085568594855,0.3201159249888557,2.7626468768597348,138.28150482932278
sjZmy,0.6992024870404506,0.7980513463266157,5.928827509071271,142.9324167766033
87ZOt,-0.022125429748847,0.1434107852137419,1.482845759086146,38.55673200573606
SJkCo,0.0046554257646895,1.038799184323716,1.4822462640445446,72.69153058631795
strfX,-0.7196079238549394,0.8693704178948587,2.3263933256680183,34.59550275870775
rAipo,0.0756235906327244,0.2053461785947524,-4.550191532861972,118.50392518110972
vrIAo,0.8899685852053909,-0.5419477611219021,8.16418713782416,169.3053174616836
N7e9K,0.0485075527261016,-0.0385415827453028,6.597757125540084,162.32784022639618
W58ZD,1.7028529520036602,-0.3386311450854993,0.5432469957864645,80.9551832893594
wD9l0,-0.5499812372256832,0.8597475436315692,6.474756574632017,76.08483482713137
ZGBkX,-0.8638460925771998,0.4740859683918478,-1.480895466609594,87.16223530815529
Md4BJ,1.4992651820719198,-0.3095810753631301,1.5964232481095897,50.2369840239378
Kkxyw,0.1430353093230774,0.4179498114794747,5.5288625659292485,83.27336549773695
1abz3,0.4595724207090117,-0.4972033038845046,0.2140813280680347,136.96188226961158
Mc8gT,-1.046469533035628,0.28527407857055,4.497799722113332,32.9840420673902
G9V4i,-0.9185949745333007,0.5477410937541582,1.9039895016963728,63.08441909865201
I0K76,-0.7108884767750623,0.8611340969824616,5.586572679519306,73.45659804082942
JHl0u,0.4192119355198184,0.0043345879251049,2.013888982815109,105.3714963434497
YHsDg,1.5533221934300083,-0.211643635037736,6.55242595347271,127.59792108287908
cLONy,-1.135675935068249,0.2134628784169622,-2.7343628106805973,44.96938574477217
jLnDm,0.090437215735628,1.187056478009238,-1.122850441377392,85.1529320883231
8YUFz,-0.975820258929896,0.3871140383557399,-2.198037390826193,83.07074621051159
5e4Sf,0.4074271881448069,-0.1532284088945823,6.111816332537497,90.534274195074
HVjZl,0.3973398910994721,-0.256237073479373,5.54642644951567,110.24199870447504
vA2DG,0.4709187779770232,-0.1607871530723197,-0.233992930514991,110.67989745216892
Kl2CD,1.137104899807348,-0.0806553991550198,2.24730016988676,35.43871432532866
TehOE,0.2406599223865521,0.9228947566491392,-1.3342213744312987,38.909554310818976
HXLy3,1.6867090148292332,-0.2823503940133268,5.10462857725423,132.73966820079812
0uVBp,0.0399979426761622,0.5925701197372345,-1.0204390170151156,111.04929990255788
UWKu1,1.2610702444730884,-0.5074223826706691,2.6693586623716765,138.76430206746824
LynTv,-0.2856080241614359,0.9892505828515864,3.050004996818568,128.41537156581785
fiSh7,2.115872636642925,0.2103972905034518,3.5369006539097603,86.60762611002043
eXDRi,-0.7166095527996859,0.5954910073723679,-4.2967120685521785,33.993161076840174
bplh6,0.0193171145943684,0.3436497000665888,0.7344544420023196,116.04855223121562
OQqju,-0.9099339261947748,0.6017769243710898,6.491389466062423,104.71262792285152
iNz3R,0.942513186791326,0.2451741123736164,1.8017898024892456,120.559570856395
T4eAp,0.1133314176744492,0.292627984470976,-1.4625678366951016,52.63745502703693
rkWuV,0.901031150364378,0.3039500050083578,4.623111001520549,81.80597882908755
tJKY5,-0.0465314726168026,0.1883866981859331,1.0732383479830756,158.82924859938308
Im4n0,0.499855402705897,-0.2293180557494579,0.991152225490756,71.21476280129893
vrrZu,0.3718000917081726,0.9422343712618896,0.9828231039330642,48.90276858316746
zDGbs,2.0457419294730133,0.2883310501751352,4.291047832477402,131.9912883772352
dZwGG,0.0824473838600386,0.5298587979320045,3.861109584772306,67.54591524501171
mzP5Z,-0.3635328842297055,0.9526144606259714,-1.4689681529251324,50.512021730965614
XGkmF,0.955153311731501,0.6001901693995142,9.040240640162216,142.5973208471335
Tmr9M,1.9945800221651024,0.3313480934135703,4.312562468476608,165.90070639106287
y2uAk,1.8232993689666563,0.0013674832369192,-2.0255595292383166,25.46690634673809
egvH1,-0.9877486293849618,0.2448059071228057,9.444842339149544,151.80459457860468
K1W3X,0.9066220145233091,0.4736989733418154,6.6570036418740575,85.79256117636777
EUVny,1.2440931653342775,-0.5004183934033704,-0.0258808788682838,93.33951953742664
6TvOA,1.2697010591935989,-0.456237884800421,2.0628678509967058,83.94616579762975
5sEf1,0.8466228950697917,0.5589567382974598,1.7812114869638231,158.06557509047266
HJGup,1.2125696400410018,-0.658273957125205,1.4410111339739582,63.031412106535456
FpLgL,0.1941155721609334,-0.1601293784509118,-1.7723881468551328,128.9262359123327
MVzf1,1.2464371860710248,-0.4174481140058925,0.9004673009393054,113.7204418952999
BctGa,1.6348679959376928,-0.2395525622442586,7.302957961658257,148.64887901201118
p308a,1.1194933375192997,-0.0125348542293833,5.45901318928112,135.82821410940173
XTVje,1.7090681742325802,-0.1755303520052388,2.312917923539733,107.47604104019813
4uRuk,0.6089712327567958,-0.3693548017851373,1.5876682710910914,78.49239056168564
PyG5c,-0.7367337396695205,0.4297597587762227,6.9042539029446885,140.04896927563803
SBzFk,0.7769655756924931,-0.3755426454295698,2.2658851245694054,74.24202545009705
8KdoD,-0.3409201046199274,0.9435658791625426,0.1141747318668112,14.15892708985195
z6Xxh,1.043083116010345,-0.5013310053719027,-0.7319420362641068,42.11201519451731
MV3GI,0.1804222753231444,0.9134906036326844,2.1950519785201497,34.422107079000895
gnmF9,1.5945125464098964,-0.313495483339145,-0.5423840710444052,149.58240608082792
P6euM,0.9194844418834032,0.3105032637557357,6.784063303965024,88.6167944314763
yZuu0,0.2565049579127896,0.8770630235673392,3.804803332605608,73.25410756892816
x2YgE,-0.184858495912622,0.2963525715086469,2.6654239406705225,106.4255553285825
UDw8l,1.8418417175642905,-0.2508127137061089,1.4533622528619454,122.0682492018006
wrFCz,-0.92215273985936,0.4581248646670388,-2.992870265982281,41.894650410766765
q9x6o,-0.0149172661263045,0.9911997091247604,2.4507726464068136,89.28657103114074
zWGv3,1.921848458662892,0.1507548862189507,0.5567743464313439,52.66140765743652
PA1Ua,0.0341258409644516,0.0611691895934882,-1.2325058532332376,91.03560476713912
wQMT0,0.4380877113121579,0.0251360796565403,1.936803290150917,74.75916322022829
wOgry,0.5652450450547027,0.8552920188270415,4.083589767838324,72.98450526171673
UC8wo,2.043863750195656,-0.0720412287821107,0.7392605187728244,61.03924182374789
Mu0T4,0.7506615040481914,-0.561576900296207,1.996527891836224,74.16844985259729
lHbKo,1.741755215174449,-0.0972063179437752,1.1905645453306852,83.43208839549897
NfeTn,1.2563836188062911,-0.5780576223894224,3.7047366623112215,130.78128420330955
JXdOu,-1.063460198112354,0.3791758633200269,-1.6497277610173584,23.12482133667674
MSs4V,0.5020606051647413,-0.4729855417491878,5.902547789382722,105.50441169950848
P3rBZ,1.290325808523242,-0.3315474600927292,4.051360499918292,142.60833910397974
lHSi2,1.2569485553997497,-0.4250533679157933,2.702804580690841,91.60153625989584
2N4zn,0.8725812442809716,0.4949472351806231,6.365429755929783,136.4384007665897
ce21K,0.1015056581185081,1.1713587694827094,1.5935356964196352,59.92819888836672
WNadz,-0.0231524028241339,0.9943222163634594,1.064360653433594,31.94980079367272
4e4q4,1.9661346617556328,0.6184728903032047,9.959903452536391,145.892156728446
TKFPk,-0.7417051967863529,-0.1678267622750469,-1.5084964075668488,13.785254554174909
ymUcz,0.5169302976501366,0.7746574675257958,-0.4172882307324861,17.95007963462617
iA79h,0.3331423590034093,1.0096338710614978,3.2621392574435224,123.78564940487978
ElldR,-0.0335041388506203,0.3122035546706007,2.44309301825679,130.95088120612826
TBZwG,0.907331877831864,0.1396396978731743,0.87718644837532,96.45209739751856
VUqCz,1.838038154249401,0.4355617344581808,-3.9083423476488055,43.366990018510656
U1zSJ,-0.9055940542884994,0.6247782634657494,-0.9029159964567652,17.201583475479715
PcbXk,-0.592374784179437,0.8774333433960041,2.84120690610036,45.57846364427627
Mofuj,-0.7011975260523029,0.2439349886967128,-1.9596173839954176,22.570000215550824
McaDT,0.5422392487450697,-0.2277663908792437,1.6550397960097756,38.1479177789688
hAgqN,0.0917295581255193,0.9616588655405844,0.1209523562180603,14.005589748209706
Z8wl2,0.7293659068860013,0.5340968093297281,2.526879433217056,84.21001961998657
JH8jH,1.2017836992990103,-0.4462817060342353,7.528074094893872,184.3126142379001
06K6I,-0.95951116577414,0.1715188600478968,1.453635703392366,30.705999875903423
W6y43,0.8253731489129019,-0.508709201615576,6.082587067314005,85.87179439210544
lxnGI,0.1351735752982117,0.1009126491293551,5.680176874925072,87.92702994501313
bJWS9,0.2493417376517295,0.1386518475018232,2.1241183378601773,95.95993525141208
vfUA8,-0.905986991955059,0.165376237800743,1.5282564985387015,4.977064117684275
WzbsD,1.193527551599374,-0.6367126682578502,0.3822064868673135,59.646916170548856
WByLH,1.2912946378772223,-0.4754315738383783,4.366181970458216,88.26781047891845
XHMve,-0.9302520591847036,0.5208902434022467,4.964077817862486,110.92199718918368
6HYn0,-1.1341751154682185,0.0613518377872448,3.7465148496282015,7.812500367833818
lGxI5,0.4227164338276576,-0.0658409646797693,-0.085041029210017,47.86155566268882
wen5B,2.0345149477179465,0.2649889418596568,4.0661008478900085,75.48745889136322
l1vol,1.3794532890457618,-0.4421050581860424,2.6071098731684152,60.811803143000034
t1M3d,-1.046211773367022,0.5867141703163564,3.346018703762742,122.82143261451716
t475h,-0.0049859187123036,0.9553566760239692,4.204107401872304,49.10674265480012
6p0J9,1.7568044965541858,-0.0377112718726116,-0.1856664805492828,54.8408025688518
fzgTX,1.3217558884460907,-0.4723285366956641,-0.7360147074334789,146.8424237793423
knRcg,-1.0732167864601505,0.3030754198916274,6.857900107616899,105.73693963420344
82aqx,0.389231071193905,1.08908527260458,1.825659892959517,65.29119272071647
j60Z9,-0.0071197431556687,0.3407666506373868,-0.1075388903159964,68.49819791254296
KGEx0,0.4614782164250528,0.8398941449792654,0.6146393686368785,27.99206541019592
TYCUB,-0.7390826472249337,0.4979716940163589,2.006408853252642,124.87361948993036
KSzqY,0.9000196023357859,0.4074006505853168,-0.9792123600536318,130.70463018479506
JEGtS,0.5759282112272182,0.8669325985612519,5.371512336238962,127.30923370451576
VJC97,0.2802841410913492,1.012133089282288,-3.785984453312472,36.873321236474816
tM1My,1.523797298078298,-0.3224605673563446,2.194679759215457,56.64713930471316
8A7Rn,1.1175332192494538,0.1160410048903685,0.6360064866691563,44.14225870752493
OUsJR,0.9353507645513096,-0.4904371694014033,8.062792958510046,145.7288176778728
lOJhG,-0.4015504378407923,0.9717623744210214,2.7061925676783662,39.26020139385046
uXlqr,1.4575012675847048,-0.44595695058857,3.5654360112436847,135.63975244735994
zCXyB,1.841540598183348,-0.3109127458867873,2.9322894801374533,142.53503595853005
rty78,-0.0773331708642807,0.532003985354581,4.295657891686767,51.22081108064436
xhg0t,1.9297634706433056,-0.0177555867574726,-2.9705880772381974,45.31174334668144
jvWN4,-0.024003523951499,0.3451869768901912,3.3120864258587748,158.495520041661
wF2Ut,1.8981966596105009,0.4193118854306877,4.307004190711257,38.58412716923654
7apLf,0.5219319880113301,0.6038501182273599,7.673198317082997,114.50693716343278
BIalT,0.0645432149589614,-0.0221105648236021,0.7641014775595667,110.6941581852473
h1G9g,0.8114824178399453,0.5886313994137079,5.920278602104349,159.88715116393695
qEKWD,0.8886459965778091,-0.4297849109935654,0.0078590219493306,50.867846218795954
Mij4X,0.7826194199702241,0.4264691544055486,-3.566801023743527,71.32302346484536
Q0W46,-0.9830392088203864,0.1469346606064004,4.2156782486381,92.16440513931605
3oBDe,1.2570076636070524,-0.3351336744887439,0.6521760850736946,64.28377602880907
L9uNC,0.7971539165147825,0.4474799146450316,1.9298825835953064,57.5235611211731
ZCN2X,0.5682509629156697,-0.4503132772734379,-2.025395885772228,85.70711396698114
GE7xk,1.283591233733978,-0.5777245665029243,4.1587347044694045,48.52679442303358
nFlNe,0.8010219149747461,0.6849863313567938,6.4092503204913625,134.84900117472887
wvW6P,0.741493610615128,0.5639480214241126,0.2933991785632805,25.038740720838927
d09oP,0.4808147977113789,-0.4902283207692269,0.3122418382850451,83.26853156980542
kVcWg,-0.8490002518923573,0.0320555590978432,3.9673687112163454,130.86431541430602
eufWp,0.0455315886141053,0.1461920843559868,7.785781014753921,120.704536369711
BiHJD,-1.0494234119898307,0.4059531810251051,5.629146378484171,137.7607358684062
3QnZv,1.3594371244697934,-0.2830390376134235,0.7907268701972431,41.57359163479999
JbzcU,0.789852203587794,0.4894632383510179,5.32899510903848,79.28890416423829
M0WQ1,0.7942324426823578,0.0852051066326352,1.0351448887839665,46.55012887962452
WUKRS,0.743595594420493,-0.3403654941373386,6.631945242235602,167.79513960680634
XZwP1,0.6749340833026233,-0.3855946997754221,1.721601556051641,54.9382180941993
3dGY9,1.6331438906683478,-0.3796517748614607,2.9043112205067247,145.45473339797036
gbZ9q,1.809702412940212,-0.0814339037365631,3.089364222800512,32.55171079837584
UyohY,1.739661118011906,-0.4015809895683689,4.768108431822267,156.36109315718775
CtLdb,1.678708000527236,-0.1974007342224019,-1.2889673888484632,92.93796239316612
g8Q7C,-0.6289220720571268,0.8732725822275946,-1.540800828553906,13.307109191081135
7aS0y,-0.7669503814028411,0.4684875768270965,4.246844528096651,58.64098852022439
tBFya,-0.4997798179015706,0.4866012895596809,0.4554714156572315,144.30810800342817
LWU8j,0.1750555370980728,0.9566066700703058,-0.2928036264973294,33.20888018507157
uQsDN,0.6904591150007838,-0.3635212228245753,1.6240306125941908,160.8384639581609
urmWv,-0.7826530626156395,0.3239456701910536,8.623563427955947,109.38800909603532
kNbyW,1.4710574299496126,-0.5397282384301374,-0.9898900185662094,87.69233909405769
FDfrG,0.968292004970336,0.4713611399843941,0.8394944037615588,28.550764926782445
kvUsD,1.5076294839687592,-0.5792208846022271,1.6785292348981482,76.47747459082392
lGFyM,1.7243288444815128,-0.5118259860406831,-1.157160330203995,56.95147510386824
G0Ea9,0.8859125496471401,-0.4739099142296769,2.103745088095124,84.34272373638294
7otU2,0.8159761364998409,0.4870549990658784,4.689043104848632,34.17472165596476
uoGKA,0.7937693381622778,0.430490984633987,0.3494246339943299,73.2406958830948
wbYR4,0.6755292816339542,-0.3383432833971234,2.528155130182574,78.28276408789769
wSrp2,1.8899671660316144,0.1513544212055738,-0.1600160938019028,82.65176472801834
NP0Yd,1.2887345539969663,-0.4052931563750985,4.573930379361347,122.27426168623418
4127D,1.7370443691850737,0.5222172536228642,5.926908846343207,144.84871825602073
FhqJ0,1.5922444095597543,-0.3210884218131913,-0.2959091189467717,82.33216077954545
n1tZk,-0.3582276420799116,0.8092328346977344,0.92794157391413,61.97657974636458
ivCwd,1.8696104647692355,0.161131020249655,3.495581553804713,132.3709639064201
zWPeS,0.2346897698355004,-0.1216778184976108,2.9959186906812563,102.3258127283335
9EbUf,1.65598710654614,-0.5068114328166866,1.8001584766456025,110.70565041622824
LOEP7,1.0717714982093771,-0.4740015610887702,-0.4467298716269299,52.374638402216114
yWXNj,0.8591877006829308,0.1846595151195172,2.0856020162870093,86.34813237442923
P46qH,0.8641895034432059,0.5611962147259686,7.260236040005362,73.07443633648062
KZsgs,0.5744861839928574,-0.4364563438064973,2.4571679362267047,76.74848916511607
Ipe95,1.256081004856417,-0.5027929700080294,1.4574990693549446,27.647528093698504
rGkbr,2.024952087412663,0.3238641112159895,-5.510264538471046,73.12679721787273
DNSfU,0.9847097723588084,-0.6460205283683271,2.5173900890910983,35.704361263309245
ycMk0,1.8799068792564115,-0.0222771046544677,2.635583236899229,109.4548066778007
4gCHA,-1.0117413868004848,0.0770654366581553,7.8893340703734625,112.64690092741768
uMmmt,1.0891803460776392,0.1502449915588873,2.298911572107797,62.12574602504672
rC5KW,0.896538017870059,-0.4112386387574373,4.316918427985813,156.40103519172635
APjCy,-0.3824818239669463,0.7583901025753146,-2.734256098204723,17.88723284982104
kKhol,-0.6910222660313635,0.8041434250042309,3.4313193822458192,55.31480982155719
LrC9C,0.435726133453795,0.6184986123598737,-1.368135833009939,120.00022750999536
NTym6,0.7814540706986994,0.3385805046871891,8.198376428032283,150.2738072150555
cOHY0,-0.3519239238549893,0.8262045311636503,2.838710327488412,111.5401820464552
NYfH7,0.5278847330431076,-0.2921505279784967,5.527022189688621,112.13205487555544
s4OcR,0.7345941987651483,0.9869231247993804,4.238709718749013,134.178335926708
knPKI,0.7938628180062476,-0.5928361411582749,4.876877075775855,147.30368082594003
IGDAU,0.5093318852338972,0.9005822960320937,6.506585090425352,161.18228021458435
J8oU2,2.0209455769880544,-0.0511757162243644,6.494222480252999,155.02748832592445
E0sAX,1.5586261919386488,-0.3505662034439477,0.2348096186029357,51.42185983829661
d762u,-0.3196991772980998,0.8740902379113745,0.4799835249351922,62.73240057271765
0CcmN,0.1323954652234232,0.8347067784396695,5.332419567057063,139.4420650506033
83kop,0.0607293720393501,0.2806875017685611,-2.31113145499464,63.34969509950569
kZ5ru,1.0557944163997974,0.157809410813446,9.682156599528607,101.7974475760217
KHtzA,0.7657755402614475,-0.5212460095346929,5.444851689537883,169.10848811530693
9Lom0,-0.5236287517743369,0.7266261110366186,3.4320393166353527,114.13075629249778
F8GHq,-0.0154232914916923,0.604621079314211,2.396607628199113,185.315412459934
YpVVX,1.5653572848563468,-0.4590478853377197,-0.3374669529607475,69.63411862265065
NFFMp,0.7451928149392868,-0.301439205636501,3.6022383262887474,159.6734178317065
4RtkS,0.5005448206283141,0.7885933050005762,6.1147414152549695,115.18379039492396
uCtnK,0.1526726964437971,0.2492208759767086,0.6522733656754679,60.61713784318569
VI4RC,0.4210304059969117,-0.3307462684290947,0.3150397425829694,39.88668316991453
9w137,-0.4413367528412562,0.8663494924723613,1.6433491482356832,161.89948374407425
BSggE,0.0554424393560465,-0.0679012855852646,-1.6552340380332993,110.22589103639956
5g3jw,0.3227291235129163,0.968128414717414,3.659496355859244,76.77036072108095
GXapA,0.5332369141401284,0.5063303999531111,3.08075848737565,80.0390181975443
Vclii,-0.8461992025133543,0.6563357604599236,7.186973609749288,117.84576385967642
bkRdW,-0.8365708565469403,0.3815750519506855,2.874569538483557,79.36903943323796
ZwI5b,1.7267495635868924,-0.0682645112523904,4.915334002195335,182.2081617232972
S8NWA,0.3737460923439465,0.8161508737465508,1.2874493566341316,129.15986531170006
gdfRe,0.4102300467198271,1.012414376048513,4.8934138269610665,81.16630179774896
QzixJ,0.6774941442200716,-0.4934205273413642,0.5080195446414816,37.99768821563692
ViuCO,0.8596167312852764,0.3191755421294439,3.5098521239886336,50.1505228841014
GOrSB,0.6878603454715517,-0.4561978511356153,4.310011929090664,171.5423739699929
yV9Cc,0.1920117903578004,-0.199102713085048,3.5194320433037163,64.96715671418075
qyeXD,1.942741599967672,0.3501489725748785,1.9459179673506104,84.06497647160005
Xtc2s,0.0055780795484959,0.9980054576275692,5.337963532009676,51.17986800566553
30RCj,0.0244225927245994,0.2518871320422976,3.3736020782309994,54.75784208056058
DzITS,0.630579595329723,-0.4851976531260523,-0.6538107427395173,22.6284108480864
b80CE,0.4025263791143224,0.7730183586114341,2.887081248775784,95.8508310261184
Z20uh,0.7552596106283024,0.9409895678123876,6.651548967387329,70.7958829726377
zBQXV,-0.681967257757343,0.8138325209078588,7.30234580074236,77.69755817830382
UMpFe,0.4540227115194643,0.872554975724732,3.657588080132712,110.43659972547673
gYIz2,0.9125271192105384,-0.7207870390955297,4.116223134017317,82.62339733596639
f7PHb,-0.5831873212680503,0.948282680295672,5.931904132745284,39.89725030539235
jnSGH,1.0758375357512693,-0.7315388224959996,2.0644179049096976,169.5416582093228
CBh3f,0.4857731830521545,-0.4720703070115885,2.967814544959998,87.77634121399886
Yi8iZ,1.0539916266660811,-0.4986383994710288,-1.2952504861426135,59.2881378716127
V7FVx,0.1952828382286324,-0.1803916111114636,-0.7678240245100922,54.43314728556835
qiDiy,0.7096120907680463,-0.5339730533253315,1.1097449873297842,98.84632151086498
DhpTW,-1.0972629847985524,0.4245420358006339,0.8149775466197617,142.43373612354267
MifxD,1.641631602158252,-0.0189795345201946,6.988226257830355,86.39116239639517
hTjEb,-0.0752702492265354,0.3903958681714913,2.92825141372198,96.10416012637344
mdtUm,-0.1706427824340405,1.0765136913851028,0.2803956380974548,86.5630615770074
cikiL,1.9810275182446608,0.2290789708370186,1.4357754854787292,56.142247248973895
aj1KL,0.7013183249908672,-0.4087243416729205,-1.131323080742087,65.32217096981545
SzrbO,0.5895438388635571,-0.2688117978317611,2.580692022371073,155.719434385025
T3N9G,0.9848157889522816,0.1046315314620305,3.4737320928813813,99.94942059752748
eLyLU,-0.0815418632651025,0.907715573812496,0.7432083978656316,79.68057644011199
zyGg6,0.7637240486664373,0.4285477101126263,3.4259662847594576,75.95208861481491
1owqN,0.2156055445108345,1.079022091697712,5.8308751490145525,97.57452024089292
UZAt1,0.7743793568996102,0.7459309538868801,9.517631483373194,120.50134495178678
hA4an,-0.7917409250928289,0.7326571460094825,3.1933492985110266,157.43480427246018
ToZZZ,0.2607214261173083,-0.3604321258887985,4.775843361767823,56.83563067859061
NpF5H,0.0735887277209759,0.2055980014998528,5.883828119461723,119.01393522888308
El1zd,0.2030412247612039,0.9312026998808391,-1.6696648243740937,50.27886713973986
yGJRh,0.2760456262290248,-0.0298223134919942,-1.015830342936494,109.1966391212452
4kVun,0.912105126741456,0.0111100044505622,4.461794412611893,74.06280674556335
0IHIO,0.2497701178323877,-0.13943325037067,2.386358909075716,78.3374645926884
DoVXh,0.8819530256009637,0.540199424814831,6.423579697239723,110.34941176115642
saFw1,-0.8167284020848566,-0.0789186967637612,5.704812154174607,97.85121983965205
ylpj9,0.919204964682384,-0.4890798091136945,-1.862403680238208,61.2914283532538
CxrN0,0.5140212687036398,-0.3706898498700639,2.587377162930924,132.14480956170033
fZK8M,-0.1055243535648606,0.4572386368723567,9.705540683571662,124.765168214918
iAXz3,0.9120601659616764,0.1388177842046792,3.0935027096609606,43.521999237622346
LnPIe,0.3007316294470662,-0.1549967556984817,5.157294559677402,160.00374575406866
UHi2G,0.8959575744726206,0.081088746977376,4.032894833868316,55.78531456601261
kLkBS,-0.7262990330333909,0.7603611307357449,2.6625859812211337,145.86557250972888
fFNWJ,-0.9897944974181216,0.4819635251855903,1.9053508627672795,109.49251282832437
ldqsG,0.5811654467665476,0.7295938194096823,-1.2175784006303587,53.401722545205935
rh2VD,0.9478065080664492,0.3898510581790441,5.207581784844191,35.73580766729814
NK564,-0.622039084697553,0.796905336561757,-0.2618438862794017,68.87217215687178
me8ZJ,-1.095242351923729,0.0977481109629277,3.6289635694601423,139.04486974679534
3xqbI,0.0074995899447742,0.5493205080398395,3.003456095410804,52.178849048066745
4EcEb,-0.0577554872989295,0.9260353761904392,4.56215200123156,95.55584823945895
uLgcY,0.7447615634620779,0.7570215540884362,9.678037848349051,158.59430628206363
et1DS,-0.897981141660229,0.1561966452407466,-0.6187299255920329,40.5826957744078
FxC7d,-0.0090512936988383,0.8280047689843153,0.9281625993450988,75.96661352871212
hz0fZ,1.3501778063678878,-0.5346378175173452,7.697449998891805,100.01262377860742
oxNEo,-0.8140231471873125,0.3426260702785323,6.815260652372615,157.7374495708074
Uo5Sr,-0.2704575749080588,1.0236777394679613,4.181693923164754,69.58174848643898
ZbeQC,1.8066477208528104,-0.2767136503624831,3.997312179860762,148.22140600336945
eZp7c,1.1811180522129905,-0.4281061325655646,0.6369243242587025,51.82038412976296
t0hCn,-0.0437229823180992,0.3451644895529704,0.2498843726311186,143.1233282688114
m4L6I,0.2054665721024061,1.0924018480575606,4.701870386123952,63.4040118171142
g3ljy,-0.847947255062538,0.1916310036342053,4.579473450554256,88.31052583091437
MuzTi,0.92833007874728,-0.5107501265579659,-0.0047504802187917,48.3779753224894
7y2Ao,-0.8231687525282168,0.2941837040923426,2.8457402602668846,54.70771115714719
5LASL,1.023722782860924,-0.0200784290953174,3.211939571331736,49.9187825343789
GnWSB,0.0193214358129774,0.0612185610757795,7.4814414605124115,130.66659833688863
DV4zL,0.7967309175321672,0.5560622141901599,4.70150149213816,159.83293101316974
z4M1r,-0.1367851906439838,0.998743191296552,-0.6564514393340124,110.83726778817493
tRf1g,0.931109891090552,0.5123585786311445,1.850250650434137,100.2585252923225
2CEO4,1.7178813924411895,-0.3099251719323565,9.757033142398967,159.18803468014764
ramcL,0.0948642395210382,0.2213073597708406,1.877411721860331,150.3567760932612
gJxAQ,1.1205658503091664,-0.5504856827609754,2.357213741189761,144.36347436359262
S06VL,-1.0926603059638769,0.1528725722886681,-1.846074066145173,4.958619284958795
kEbxo,0.1318926073449131,-0.0252709733373475,2.4703389546920027,174.4414296516682
56Vki,-0.5288536233096113,0.8005305130486045,2.9957257996715265,84.81053532502207
LdUkE,0.5802991938442694,-0.5327437619801911,3.89806980663638,123.81230902323496
Xqg95,0.2931221163661029,-0.0897856781312436,3.406076465605308,76.79328714035648
Revux,0.5854467029042331,-0.2562538310901544,-2.769640063189797,39.84152266388131
xcvof,-0.7993279388608688,0.4098036413966534,4.1918815742969615,145.52321614385525
f2NR4,-0.6797022748072828,0.5709956812251962,3.6246776130275498,159.29493053833653
nrQGp,2.0743998769262904,0.516134047609923,4.808826232377026,114.43072473666808
Vc4Cw,0.1281360508055718,-0.0053228236565368,-4.888804290069943,49.07537117063665
hAvl0,-0.3013920664520419,1.0526664141578868,-1.226943952651598,1.4735599826325885
nW9bW,1.4578337964856851,-0.3499439546998135,-0.3948961033854181,71.0989893361898
M8zdp,1.2480272608600764,-0.5769229927928151,-1.0554116021295763,110.2092525419518
3KjK5,1.004104730116107,0.095356391124491,0.0653875496202971,46.64362185118748
ltUII,1.8565360892419207,-0.3412104534249868,3.493143492243922,97.87192641867742
iZHBE,-0.5566559719470228,0.8881296238574647,0.8915528503670906,29.83687624895649
xh7yo,0.6286059528986514,0.458652120161171,1.1322323458588857,40.22673185830769
MNWKp,0.4240678288360865,0.9742630119839958,0.3703859994000648,37.04840843729176
bonR3,0.6107153529031669,0.6762751888967244,3.2527685754770626,42.52253357805485
xmZkO,-0.0646829888605783,0.3182617223737337,2.9080237898569243,114.7507563731545
WuAKj,0.9078388345183795,-0.3653201278605146,6.025208356564888,175.6497757364579
ZGpnY,0.8997177220599711,-0.3412763486479388,1.7188200275257484,150.59169922945406
wdFHw,0.1673435712707865,0.8932847025160651,0.6859182453789119,111.737599123551
Fgsvx,0.9345496759315476,0.0889810430023028,-1.8656564126235824,82.20669151906526
3vrbL,0.6518407322801678,-0.3341181435435415,2.0568936095264245,133.21878396097256
xOXEP,-0.7819652461231358,0.4887419581566844,3.640178812500363,40.43971619038801
VvKlr,1.987199446348625,0.3579953497936277,5.3172904494690565,147.5645942790669
YYqcv,1.572078817671361,-0.2504789350041442,-0.3716487006897271,72.61241629401044
x0Kuq,0.4779150399021444,1.0414737118788324,1.241742468621628,21.87517464430303
PtDTy,1.6119755880473272,-0.2067487789990118,-0.7247359939470879,58.892677969725895
YGZsW,0.1879000990756738,-0.3048207325682098,5.925475201240581,181.00848147800863
LpaH5,1.2978644162476427,-0.5474397743734118,4.429467110601594,155.46185994819555
KcWSM,1.6842759459179075,-0.3524857568391573,1.1679130889871343,35.598444346515166
Tgefd,1.7772488332605312,0.0727706623356837,0.780139270171513,51.23408839620326
6O0HK,-0.2837891422715495,0.8800295545223553,3.4964641379304813,28.635739549658076
JFxR8,0.7603296403614159,0.5827068243359095,1.2064182135953458,73.91641602837385
kvRtr,1.01419340677237,-0.4419599429161878,8.178663286419871,175.58145810128215
oZAM8,0.5811155611812814,-0.3544177177567575,3.2120436987695102,127.2464646598967
gOjhF,0.3924751344212565,-0.4214827830537501,2.354510924095286,89.44372436151392
0ofbW,0.9407198611287128,0.5823318776088242,-3.6189724867823863,62.759199969383886
04hCA,0.7578852125819251,0.6845598968177694,7.1433188321395225,162.03925204973106
cdSoA,0.4458980569886509,0.9018925259839228,-2.699064951287249,106.55635773637648
BZoBZ,0.8593169167446575,-0.4214448815994497,-0.1914349024468098,142.2198515849762
z31HN,-0.5578390788455536,0.7881766573037208,-0.7342068258304413,38.215714780041296
uOdmC,0.7854747975310233,0.6040843914694856,1.3703320471194584,72.22545855830273
QYE55,0.1432946862677214,0.8614034518992746,-0.5861866329434209,48.11921208741006
jTjtN,1.8746881899196708,0.1893548669755219,3.11249810429977,65.63258871652143
xUXWz,0.4679642449542735,-0.4699028124587295,1.2120370792670672,70.94860423196758
qlC14,1.0575281320134693,0.2084650469067898,9.363243672036868,127.79026610090034
D6mIA,1.7186083335125806,-0.2411719022665896,4.902377367027894,153.71615277420418
pT6uo,-0.0670787599648933,0.8752487497284087,2.444283231130457,89.83952290196417
NJUJl,0.8910395543562641,-0.4849080719290646,3.0742007879962325,148.8230427021769
5H9co,-0.7188726785007884,0.4830670704096802,5.109841616948845,99.27544179661956
A2U5H,1.6155885652403548,-0.1450492371914902,3.037199840384901,75.80739577914332
P6lR5,0.4019725485035741,-0.1581037772699733,-0.1261940146581934,44.35585697455695
iTUlw,-0.9466959455087842,0.2177704708552362,5.00632161730725,88.96982806145614
huJvl,-0.5986757479528699,0.6646160814500109,3.467940939023513,131.4739551631318
oYUzE,1.1739007825050145,-0.4996698930530375,3.772491340590239,124.10286566887264
9etbw,0.9965610936872806,0.1076733627854349,4.931726304569834,161.83517077545142
hvgRl,-0.0229238398950272,0.9357203115652546,2.708077436511643,101.86284971902322
DXZt9,-0.303195891829953,0.9418890210412114,0.5234644962550185,37.71160053525517
blPsX,0.0033535930354144,0.9251816114752426,2.505542621428529,85.98908966683851
AhjUi,1.3844364260259665,-0.3700983133319654,3.141351333005656,145.45719905663773
jvXcA,-0.8421161324808836,0.4468110780835951,4.536953717336821,58.15668878986378
ThxdG,0.8731022447665654,0.1777869704131446,3.5187652729023657,83.53020073877467
CbF5S,0.8645703513542347,-0.5049955840880855,1.541708013322844,180.69290295275573
zwIo9,0.4382446312445053,-0.5693965323005534,3.8713156745761226,149.01918328022688
2tdeh,0.5630605788037186,-0.4667029058095543,3.2607229179171124,93.252431330245
yvCst,1.0543251141987884,0.2050274579906988,3.2547539634469635,104.72863340831536
aoUJ4,0.7351389128529218,0.7111851622947163,-1.7547334299202082,36.547265216424336
4VKpQ,0.8495853812403225,-0.6344637677085454,-0.5390612685756886,68.0601322197347
1vWQD,0.8421827927125418,-0.5558462247148456,-1.1715584610592242,57.94041539480187
QGU6v,0.9562585613255964,0.2305758255000342,7.225447771172843,58.9611605563025
aKwsK,0.8058751095030743,0.4791515766133087,9.91969165944674,100.79603292459367
UMPWz,0.5314929623038684,-0.3455167808254989,3.5749288439585354,182.1013258457453
Rg9Mp,0.1551559100593105,0.169020739116943,6.087141270179165,127.43384239554454
9kfjI,1.8251201917986783,0.1225877496797481,-0.2830696851185962,46.22514848018674
SZVaw,0.1945302708994368,-0.2403211620495684,-3.9118800467057713,25.64957433247097
oUyUk,1.973166006465044,0.1050978379946969,0.8413555461099942,110.21405269803172
Vky27,-0.9461082591781788,0.0411807051270763,3.3728934999019664,96.47793847666752
b8uKN,0.8259844997630612,-0.431613551064102,-1.1004576001468114,66.64379159334888
rgjm8,1.3467119414216178,-0.3758970763824248,2.262759262283237,88.77334128897962
xATLF,-0.3607424745565283,0.9695868085814696,4.7499243377387925,106.08128358195464
NTPC4,-0.7108373610242592,0.8377438281993049,-2.6177550187467946,56.55286285163793
VR4Wm,0.3039847132424105,1.0821270283307345,6.329332762349499,114.17749476787044
5Dksh,-0.9086449235006666,0.5496165294349736,2.8040127849924605,77.333928411186
L1zUq,1.000838943604376,-0.7614812059849647,5.991671056805845,166.4410287248038
5Q7jp,2.0096143286534454,0.3560912308655888,6.244775375499168,147.6246208167222
EXuuE,1.8154938226040247,0.2487929881758055,-2.018153697586837,26.48707621868166
Se1Zl,-0.9234453101080472,0.4216223002291449,0.6107730167666204,36.92196202794319
ipmyo,0.8759753222510899,0.1454494124762239,7.681941565442737,76.99299879148772
9HVZF,1.9140284591527967,0.3321942058826973,6.0798193372079465,59.15637358603134
sTGnk,1.9972870176412632,-0.0319825358057455,8.991323266288832,173.91875087224915
EIJqb,0.3827661173085125,0.9586460658156114,-1.7325301520133245,21.36575213012103
dWLoi,1.9413339887192869,0.1156458943855212,1.6434905881514943,168.82898925497122
MgW8n,-0.7033137392478704,0.7680465430177665,8.283667132773344,121.6899593985792
dqAO4,1.69339640170084,-0.1103928663591057,3.082880087562544,52.55691341431415
bEG7E,0.7702144186892503,0.8213319619157718,3.2494301284666167,26.834098600980766
TVxUY,-0.0221588815043643,0.9792099687706762,2.483235811860065,60.95464055417544
O1v24,0.0215810804721919,0.9192426978310804,7.257256533978747,161.8770939803726
mcNpD,0.8913584521093447,-0.4846795053638064,-0.5857758810261364,142.8113511697462
3a9sA,0.2062185910215953,-0.2381159301985746,4.5393006986193205,119.3042582680166
wL9AS,1.6571461370304608,-0.3091753986528709,4.4108130442401166,172.58195931398683
3eZVq,-0.0080493464299715,1.060131985837664,-1.9622628179084969,23.470258935749506
fnv10,2.0291161998025578,-0.1933118304400043,4.141882028482845,110.5874293487845
o1m5j,1.631613396567829,-0.3994979745034677,7.0632162722447625,136.01440825528695
uXPmW,0.0832620336867122,1.1992607085829028,0.926956319387795,48.08613439214508
TRHRp,0.3054791286021385,-0.3164146924090597,0.8964458904183685,73.2760680140607
qhAhk,-0.5292600508456342,0.4915466687991307,3.654832040810057,32.22664682251416
XtA4s,-0.7384350570527939,0.7953078463699684,2.1441490032029367,124.7129910127582
zSlZr,0.5863005171737881,0.564125414904156,1.144483962880782,84.46487514874377
6UIfj,-0.4828833894035762,0.7299587598193494,8.541348960346019,154.6329230640149
anzwP,0.9017061041553964,0.2630483746439413,-1.3993687424751102,27.82951113776152
DdXMb,0.1121512421716601,-0.2185287672725775,-0.3012877746306244,91.51361943771632
VJDhD,-0.0722805186322347,0.3776128023999361,0.4392288358188027,77.52527233108214
jd5KK,0.1506024289670838,-0.1210896683968212,2.532635091004921,76.49953081449169
CWD1R,0.9107114678932264,0.4947013372662827,3.7199704088831966,58.30088156115444
z2kUP,-0.0138180310898665,0.0835721683580258,0.3946652982620137,55.260815016305145
AXJC4,-0.4660066644188955,0.9678605931060956,2.6670603824893586,130.72406110675928
mE4j6,0.0476091562684116,0.3028769989287872,9.707736381373156,174.01184313914132
T6Wlf,-0.5392782119721742,0.7708586532271003,6.304378236806325,91.3586021939974
DEC1h,0.2041427944951985,-0.3794743478466041,0.9798884765901356,144.01792859922085
xLKdv,0.882790979692322,0.4236174556107356,5.6522794366712645,54.74870797115202
Xp55Y,-0.1850303307672017,0.8628526214708134,0.5336487705178358,60.56257814755725
w5Cy1,0.2309178405133337,-0.2364038017692027,-0.7363047921650708,36.33048427929923
iKrmz,0.3143756700349443,0.948161758610245,3.460597750248489,136.70435770430757
7zTA8,0.939912681878127,0.3902699659377555,2.4677807794464024,37.4847325802139
pVwhl,0.92536807483232,0.0227220860808661,0.4837935849382133,77.92396526872805
yUj0W,0.9324989483423592,0.5199906215633789,-1.660716166276793,28.510935903370587
UG0SQ,0.0147514434740592,0.0869747931112084,-1.4369211634502124,64.76441641852026
CQU1i,-0.6068925944468774,0.6606066548595813,-0.1533833771904826,61.19937173273178
LR2qc,0.6375475157197638,-0.5197423884766642,6.490517984339848,172.36927399411923
D6HjS,1.3784523810634697,-0.4843288558495908,0.5431662645850621,129.44622939308547
1gog7,1.853366592289621,-0.0771490570158134,4.8768499768070175,170.32484266386757
T2QCn,0.3812945725428972,0.7727253841067475,2.457827544955792,44.3543622645171
gldDX,0.7470955411230756,-0.550535954504106,1.736015836491588,57.474797816510346
Vo76v,-0.8050951273271447,0.3993907069055917,1.729228448041491,84.4186058764713
V46nZ,1.1313616511555131,-0.4904228537852858,0.0827743718804847,159.9215665150951
GwiMv,0.2130368515495289,0.8349085475269196,-3.8104874221142073,23.825742419949915
N2Daq,2.0190042888490622,0.1754713462597142,-0.1633971767048412,118.61580491733308
EY1YV,-0.4159257618101564,0.9981062133167196,-0.3763012796558014,58.41688550216651
iadbF,0.0172309942908324,0.2033257302714149,-1.9523711620251551,49.89800557150402
