id,f0,f1,f2,product
aTbUt,-0.3718663476341053,-1.8624944390925984,3.0022100474201463,80.85978309461906
CK34V,9.015121878749532,-13.881455312250052,1.995362861003728,53.90652206307938
ioXCO,-6.507568106885531,-4.817448154393075,1.003449379147117,30.132363614746943
xk6tF,14.560845295664263,-10.667754547666105,1.9951751435243368,53.90652206307938
F9AmG,6.090476493242772,-4.494722712206277,0.0138147410208352,0.0
kCOUH,-11.95214071706678,-1.2972943240313146,4.008072137737189,110.992146709366
ptl36,-3.0787187107998286,-2.971227447536973,5.007847741710722,137.94540774090564
dq0ke,-2.9025900399676163,0.6543807664971729,2.99902742216025,84.03888567782631
5PlSO,-8.381416265792641,-10.85299345270832,3.9993850593399407,110.992146709366
IKOOn,-2.569246893568579,-10.781238638943307,1.000110028923752,26.95326103153969
6kcpd,13.88263031759434,-0.5998227961466656,4.000910207334666,107.81304412615876
NgHPc,-13.53360242824192,5.018686897436133,-0.0002494310496303,3.179102583207246
h8JVq,-0.8996737631237259,0.7917801234089747,1.9958986861996493,53.90652206307938
hFo8J,14.9364288476202,-2.177674962365672,0.0027506363749904,0.0
SUdw5,8.260285702815787,-9.845743068220289,2.9972457374075643,80.85978309461906
nNGye,-2.425167448902056,-1.9657685165112089,2.002540179665348,57.08562464628662
GxIpc,10.899110004213526,-4.569143061710517,0.0020898426143003,0.0
i5tQq,-13.322438346395767,-6.834484356869919,2.0023198498075105,57.08562464628662
2Tdzf,10.034580893936994,-5.846431365910485,4.003795269169235,107.81304412615876
dQ2oO,11.276252045094562,-0.1354724385289936,4.0002899059168175,107.81304412615876
qs6Gx,-2.08662018782222,-0.4150033448560429,0.0057136610362566,3.179102583207246
3nCMX,0.0387693099907977,-6.468920116814197,2.992077492171948,80.85978309461906
JAkRq,13.475317926549234,8.511317136192059,2.0014241648317297,53.90652206307938
yP1eO,-13.08200909200356,-1.5211586837885498,2.0015661498918407,57.08562464628662
XLUmn,4.708792049496783,-1.7447817585284522,0.9977297115949192,30.132363614746943
AHFcE,5.686667122311661,1.554736821838817,0.0050341387008691,0.0
lIAgT,-1.9292642157783024,-7.098481476246147,5.0004749437018985,137.94540774090564
HgtkM,4.604698803671818,-2.1551469959551044,0.0025807096838299,0.0
ZFRZ7,9.486717227915586,-0.7651818655519609,3.995506195741181,107.81304412615876
thlCS,-10.042058216505987,-2.125640487896576,0.9966548618179624,30.132363614746943
SO21o,-9.56040815065208,-5.758548474470563,2.010520231242052,57.08562464628662
atSDz,4.508679010678819,-5.909174930987844,3.0071821301384323,80.85978309461906
BIetJ,18.88579644060649,-4.911198252032579,2.9967173494642214,80.85978309461906
QmKdF,4.52592084748479,-5.97955205864997,1.9972050752622263,53.90652206307938
KOYnP,2.6159174896243247,1.3714723641197375,2.993657154308909,80.85978309461906
fVNew,-8.335618485720326,-17.381208917036954,2.0027809373371404,57.08562464628662
Lb34D,2.281355281059116,0.9630578036036584,4.004690373661441,110.992146709366
QiVzE,3.39938517706352,-7.102966900495237,2.996957704614766,80.85978309461906
7UbAY,1.0875403830131765,-10.687607096735524,4.003883607650798,110.992146709366
2sb4N,7.949954104771407,0.2468805112409891,5.008472420338925,134.76630515769844
qS2e9,-13.665214162949946,-3.2798305764872824,0.9952002305874972,30.132363614746943
Xfhg1,-7.994560558870526,-4.285262205550389,4.991124549466536,137.94540774090564
R1TOp,-2.6734991045253915,-8.336882170130593,5.0022084895643735,137.94540774090564
II6Cp,16.504279541235835,-6.75160822938815,2.004068145406672,53.90652206307938
mCxvJ,-7.468797219899934,-3.674167134805556,0.9969658830112816,30.132363614746943
gMavJ,11.00786187541516,-7.889717625977441,3.0052117705738755,80.85978309461906
tLg4p,-10.532562710960828,-5.306640804558749,3.005588842579185,84.03888567782631
Ho2YK,-12.384282553754186,-6.826386725218876,4.00342227470638,110.992146709366
UxztB,-13.93750923168166,-9.3647040095738,2.008963658622434,57.08562464628662
XUEb4,-8.867399634581307,-3.908476901536138,1.9962460500242591,57.08562464628662
KjY4L,10.242212840559851,4.901468206358605,1.0044297419549242,26.95326103153969
JEzrN,-5.986721667433858,-8.058230774811388,4.004460258972791,110.992146709366
pIpPS,6.054306995239732,-3.611643682718445,0.9932941086626126,26.95326103153969
Mh6DA,10.607525097818703,-4.003352589437832,-0.0008949467787425,0.0
OPlC7,3.56618498925637,-3.770659807224652,2.9963417247931443,80.85978309461906
v40LH,-8.916944587668356,4.278810645776393,5.007868358169462,137.94540774090564
p8aG5,4.7765305533092,1.5661283796213177,0.9961620196370958,26.95326103153969
2lIhG,-2.207286037513863,-9.595475127570095,2.997794126960526,84.03888567782631
IlgOE,-2.5182230264946948,-7.921202942629375,5.001284229007753,137.94540774090564
hcbVl,9.935227423778915,-5.588200305318722,5.005232426362277,134.76630515769844
KYZjR,6.986016656112428,-5.634341632602536,3.001022395667297,80.85978309461906
cnmH5,2.3930916957966044,-9.944376939488595,3.0097003388979235,80.85978309461906
4v9dM,-2.3657576286329123,-1.4109476992312784,5.007207698245458,137.94540774090564
07lNT,9.647581995175118,-9.421867268788278,0.9935933974831872,26.95326103153969
UBipY,-0.1354847518845021,-6.205111132853299,4.997134343318367,137.94540774090564
mk3Q0,-5.925197643844905,-6.2118447115462905,-0.0040708297076212,3.179102583207246
O3owL,-11.68485124497614,-7.666586521454143,1.0006779460388775,30.132363614746943
FbBiS,-11.107859157598211,-5.427569055303607,1.0012581199228283,30.132363614746943
RP94r,4.820373898645714,-4.20322388338774,4.012197865046294,107.81304412615876
TEsf3,-3.8578982404790425,1.7374207551775278,1.0030136690717226,30.132363614746943
H0dOU,-6.302080236159754,-6.708299426060332,0.0007713327870774,3.179102583207246
n0MwN,11.852524650321966,-6.584657368296599,-0.0047135776310904,0.0
Zf1Vu,14.895158908637368,0.6759981951193641,4.997017762590144,134.76630515769844
yxmBi,-3.293238179132625,-15.728719516722135,1.9938816726784097,57.08562464628662
Y7oiZ,-7.800406911234081,-4.164189100595427,2.0020703046808843,57.08562464628662
m0At4,-4.246880206697616,-2.164419496960627,4.9942348312370966,137.94540774090564
BmYaW,-6.357594170007925,-5.7854654886225285,4.000100927072847,110.992146709366
vYwUs,4.627368276092739,-10.650960453075294,5.0028133609708165,137.94540774090564
R4PNI,14.908383388176327,-7.444439562641247,0.0035191143451357,0.0
7oJe9,-8.229366955811026,-13.355854147414474,2.9961096381472485,84.03888567782631
eR5fA,7.592643366869498,4.053271288493073,3.994788942371165,107.81304412615876
nQ1SY,2.453649211757256,-4.656699485708328,1.004145812160443,26.95326103153969
XeW93,-5.539987585224242,-2.6078557393058097,2.0004140466534843,57.08562464628662
1Q5mX,5.872336817327027,-6.268090578875108,1.0118194380224306,26.95326103153969
eSXhn,13.27765946056325,4.940548465114012,1.9879463604116845,53.90652206307938
ojjxL,-5.939469052418146,-6.06594030329417,1.9955390918830056,57.08562464628662
8vLQf,9.047659450119635,-10.06027310605998,0.9940187765037798,26.95326103153969
wnSPu,10.428374215773465,2.657331289196597,1.9989913401713053,53.90652206307938
s6qyu,-4.280227084913838,-2.9371917509949816,5.002732195426701,137.94540774090564
F67lw,-0.1189664349193169,-11.821578081001013,1.997664976893448,53.90652206307938
3yQqT,7.250560032231452,-3.8470442644539697,2.9994004940378134,80.85978309461906
EYPol,-3.946090331887564,-0.7461779898380687,0.9942267957755834,30.132363614746943
ccwTf,2.7905333073557963,-5.887698571636335,1.99547329494802,53.90652206307938
vDRFd,-3.632877864298111,-4.988108616556636,4.9992203395357455,137.94540774090564
Vi6ch,7.183173642506387,-7.69654557333307,1.9926820702845287,53.90652206307938
QDhHM,5.299726156763864,-0.8297296504480038,2.0109843475334634,53.90652206307938
IFbb7,2.6874289517351784,-4.6619366651097,-0.005085252603273,0.0
4M9fu,-3.5046537852649378,-5.678015200398352,5.000095391092642,137.94540774090564
7pRwG,1.1869601985869354,-6.4955066194303575,0.0025009552361173,3.179102583207246
93ckU,-5.835074251465657,-16.825549130876325,2.9942492381635337,84.03888567782631
paGbE,9.120037563982375,-4.1102425219489565,4.994799254483888,134.76630515769844
tX6aa,4.325562250639472,-4.581899338882054,2.999870026533136,80.85978309461906
gyVUT,2.321832061300162,-5.196346976919403,-0.0049886100492834,0.0
K7JW2,-2.962231070185582,-0.8897468556962789,2.0005381098429926,57.08562464628662
ual3B,-14.55310471210126,-0.8704667051954775,3.003912078451023,84.03888567782631
z21kB,-7.828101261903076,-14.10789298175859,5.0011573391095965,137.94540774090564
AGmwy,-6.909852269470675,1.2224298572361647,-0.0011662743481645,3.179102583207246
zW7jp,4.401912018268307,-11.50322282375087,5.008551416916917,137.94540774090564
lMrnP,-6.236665020011107,-7.657135115895473,5.009662565588915,137.94540774090564
ACrEt,4.412560414102101,-5.825788060845394,4.00286850208685,107.81304412615876
gfPE9,10.98987619779136,-0.5773208346457959,0.0019655007898777,0.0
Pw8vD,9.360126909951504,-1.1137901614870356,1.0025929873891526,26.95326103153969
zfWUr,7.9210539550262915,3.782335622549703,1.0082882050528053,26.95326103153969
PycrR,2.8906711329858954,-1.4728908193469503,4.999881423093844,134.76630515769844
ADNG4,9.739375438598726,-6.238148782744803,1.999129695825232,53.90652206307938
qtthi,-10.13930622305118,-10.394045600339172,4.0009985249172,110.992146709366
4Fxaz,2.915539712281125,-1.7184689018289283,-0.0022735392266122,0.0
UR7i9,-10.238689449526488,-10.24604371225744,1.000918124802212,30.132363614746943
KqaVZ,-11.35557201172488,-10.331559168650584,1.0036829697049143,30.132363614746943
iz3LO,7.06084907488245,-6.931018813731573,5.006020780798873,134.76630515769844
PTzkb,-10.592585633850977,-10.963170283631806,4.990339339428253,137.94540774090564
GsAbu,-7.484269401441629,-6.145353629949505,2.0044541022950657,57.08562464628662
RPPaR,-4.385887060711362,-7.646717648065072,-0.002189710263673,0.0
QohKl,23.53829789578758,-2.3670869860216266,4.9917679475560455,134.76630515769844
HUBAs,-6.071116254231463,-7.558863506659253,1.9999656642469632,57.08562464628662
5YJ0G,-6.355913688969624,-5.059642640026857,0.002626818392778,3.179102583207246
LMpP6,8.436676208776916,-8.793158073031556,-0.0044217182889475,0.0
E5L0O,-4.712425464536113,-4.912371070484463,2.0010766393942334,57.08562464628662
lTFMj,-4.195864938720746,4.049911738563679,0.006447755855645,0.0
MCJyD,-3.809140402662736,-4.044724992836375,3.9953267819750016,110.992146709366
RrVoe,0.803153556104756,-17.426776055228288,0.9925250147938708,30.132363614746943
O6PxA,8.306564071949706,-4.215594516287903,0.0043148003521728,0.0
NB8sL,-12.771356767974035,-2.656579180883812,5.005848648485012,137.94540774090564
wZuiy,16.242133659608893,-9.35730644827975,5.0049954640183865,134.76630515769844
69Pq7,14.942523330285828,0.2013902316909739,5.008679781267499,134.76630515769844
YMZht,-1.2002058888088856,-3.409081628944357,3.9971331035056448,110.992146709366
X4GeJ,-4.024358684106447,-19.18255800458531,1.9979227922780327,57.08562464628662
gpjPA,9.948016501251123,-5.121027995987387,1.0004529892724332,26.95326103153969
QCgVR,-13.31553193454651,1.4579068182267694,2.005338920044535,57.08562464628662
zsFQO,4.704454975709327,-7.466750548853716,5.006955397594218,134.76630515769844
kl6VT,15.109595365664324,-3.6526555914467234,2.99940918558863,80.85978309461906
0WdfE,-1.0408318447770055,-7.272159615885346,3.0018019762837618,84.03888567782631
mPV5L,-3.1655482243916384,-2.6688064815532906,-0.0101116396413692,3.179102583207246
Nycty,-8.761892739848808,-1.4559972922092674,4.995777427658449,137.94540774090564
ei5FG,-3.32081911428531,0.9118030591478732,2.98791615706076,84.03888567782631
6WdvF,1.748517580266249,-5.798759731963086,0.9998322478906744,26.95326103153969
sf1tf,-4.956140947539634,-12.742617676470148,1.996440627010048,57.08562464628662
gbX3B,-0.6858066154970022,-9.29805152646642,4.005404760428723,107.81304412615876
BdQml,2.734712765741304,1.0262182353898002,3.992570802674806,110.992146709366
A6UE9,-10.987365378588237,-5.372746170338721,-0.0017856428381306,3.179102583207246
upb98,2.881592789493615,2.1966087551224422,0.9983701919128088,26.95326103153969
ZaTA5,13.679493863692526,-9.12792614528437,-0.0081975395567266,0.0
4TqYR,4.466719416420924,-7.276997384545561,0.9930506519292042,26.95326103153969
g1o7m,10.884807668142658,3.816895803843869,0.9988946503226914,26.95326103153969
1f6K9,-7.451503377371389,-6.863785608705706,2.99688294226674,84.03888567782631
425J0,-9.292081549272996,-11.428429488647726,1.996685362081405,57.08562464628662
XAW07,-0.7609521065033356,1.0764688954311137,0.997985622412076,30.132363614746943
LU4r0,2.515958417861328,-0.8979199845624066,2.9972541345302277,84.03888567782631
g1B2s,10.187122659502467,-3.1791550165819897,5.0076718850001205,134.76630515769844
Yxx6v,11.529550844312846,8.457547024440553,0.002591259729111,0.0
aywGx,13.828773672165145,-8.847237307326349,4.997016785391341,134.76630515769844
2t8vA,8.258898631362781,-7.080848199474588,4.995000387085028,134.76630515769844
JWNpz,-1.2209046316399013,-1.9164097673104552,3.9982122870852814,110.992146709366
itpJQ,17.113046990681518,-7.656225971151067,5.001459942102136,134.76630515769844
hgG0U,8.69620248565264,-6.939172945084711,0.0041661199324992,0.0
xr6Q2,0.1659199751907483,-0.1621025711653807,1.0020284431714437,30.132363614746943
Qq2le,-0.1772492561946235,-1.745758518063626,4.997625502126416,137.94540774090564
aSAFC,-0.6880101740689106,-5.38923498599446,1.0013608914848329,30.132363614746943
uNdsY,16.576849602546098,-2.457461777944061,0.9990296463789524,26.95326103153969
Mrx6C,6.3806214810468935,-9.730796104958758,-0.0002180488806576,0.0
wi0Bx,-9.62682698484818,-5.38706302018036,1.9978127356062705,57.08562464628662
5ecBW,2.667225900684966,-3.636501890007259,4.995559584168395,134.76630515769844
uMzgo,16.63591697203461,-6.365287887410648,-0.0091075462639837,0.0
11PKU,-0.1138057443491744,-6.123037878125709,1.9960596162867703,57.08562464628662
Tn0CX,-12.012645355336778,1.5495026742726026,5.005514430339511,137.94540774090564
b5za3,-6.390447334462531,-1.4314292640550947,2.993461185220871,84.03888567782631
nYAkc,-6.08444811615276,-1.2677250886837612,-0.0044724760096892,3.179102583207246
s6HfN,15.431062224735976,-14.090749086329502,2.9965263177221866,80.85978309461906
67slU,7.687687280771702,-8.696288574390618,2.0076252697791803,53.90652206307938
vXuNZ,5.31932126322304,-7.538290007883114,4.999624215560731,134.76630515769844
M35U6,-9.571259973771678,-21.13206181613557,1.000807624581982,30.132363614746943
kgLmH,-4.620097607319512,-13.271078543018268,3.001531107762391,84.03888567782631
GVH42,-4.552712495807679,-10.120483508181689,3.9998282283938495,110.992146709366
lpcGd,-9.664646489609012,-11.060699730869004,3.9918893609870265,110.992146709366
XelzC,-15.486920201522391,-3.10478574638862,3.0042555682069536,84.03888567782631
VzjhM,-9.579778391591065,1.9422700006329432,5.002724366898713,137.94540774090564
v9snI,-0.4472652912790602,-5.014063464794778,0.0108932484530813,3.179102583207246
eBc7u,5.2685736212067455,1.5492064588370686,1.9958757206630504,53.90652206307938
CCiCX,-1.4858975235669876,-5.456918718479488,0.9917204209491772,30.132363614746943
qtGm8,5.970514406435746,-8.29791070573582,0.0026862691826293,0.0
0fzr7,-5.5437354122527385,-2.495294045971382,0.0148128042208487,3.179102583207246
8cUoW,10.52257572924529,-2.4082359942938294,0.9883966202146468,26.95326103153969
tusJz,8.939374515226714,-7.306055732482197,3.0059361901943253,80.85978309461906
4fcVl,8.471903367981767,-6.025534288350983,1.0053760298101762,26.95326103153969
zLbiH,10.650152436641044,-0.9371457530169818,1.0055093525985097,26.95326103153969
M2WTj,-8.513919879883224,-11.160977691403156,4.005695952496208,110.992146709366
3XO4f,-10.754545673645625,-5.892690682826716,0.0057150544177622,3.179102583207246
WDq5t,-0.3700458661855101,-7.075984789726615,0.9993796262035742,30.132363614746943
gEBcb,-12.969957326237084,-6.896765286825193,3.998763628589403,110.992146709366
S25r4,10.003815865087407,2.8868784044855738,0.9994168252754372,26.95326103153969
8okcg,7.7714990076553665,-7.4277146645805585,5.000113791474042,134.76630515769844
efp5e,11.238446152987416,-1.768250112645455,1.0022686597826165,26.95326103153969
9pf4B,7.998585123452506,-5.253824413774948,4.9906606084729725,134.76630515769844
NfLTU,13.775502883620309,1.7304243868311078,3.9933396845347153,107.81304412615876
6J42B,-15.660070747144562,-6.70272410807904,2.994849370147788,84.03888567782631
P4zTk,7.5215637459008065,-9.832576896646174,4.998986276407943,134.76630515769844
YBhpH,9.587395776645272,-8.407856321395013,4.9972900138599385,134.76630515769844
SKNkX,-7.957427639920772,-10.870211025963002,1.9992924972248136,57.08562464628662
DU7nR,1.3730945641478425,-5.810015260746112,3.0023170590277246,84.03888567782631
NJLfl,1.2046971254914105,4.943026999072293,3.995016704872525,110.992146709366
X9VX8,-12.52150051492027,-13.649664996813426,0.0033696330956119,3.179102583207246
HrPhi,-3.822805064158068,-0.5906225795436297,3.0089399996764783,84.03888567782631
hqmxW,7.787371416994739,-0.5606658623879106,1.001074376233868,26.95326103153969
hlKQI,13.323424101448946,-7.826750521379294,-0.0023605309447255,0.0
bZSZ1,10.685130737424329,-0.0343429016721952,3.995597564536821,107.81304412615876
1Ybhy,4.676555062849049,1.4496361825086457,1.0000060647102138,26.95326103153969
EP2x3,-0.3287355653355224,5.735227470525062,1.0034659081637096,26.95326103153969
74av2,5.197327849299269,-3.8691131443846514,0.0070211157591967,0.0
nV7vv,-5.256130498653031,-13.79192878847432,3.994167883968206,110.992146709366
NB1ze,8.943558159018007,-3.2264755342133657,2.995258718789956,80.85978309461906
se33C,-7.167956943363338,-7.130923962255889,3.0022727879024207,84.03888567782631
2QY6T,9.49657802238994,-4.017993822997755,4.001120948875505,107.81304412615876
hkHIM,4.840124099237237,0.1035609628440821,2.003952451910738,53.90652206307938
dOFk9,7.565113910858032,-7.045611864819231,3.003923271447012,80.85978309461906
ahAkA,2.4363584536656795,-1.0795906390550214,1.0002598907283142,26.95326103153969
r4cnJ,10.054200200661082,-3.677062869452584,3.001917941726424,80.85978309461906
hTblA,1.825503347622079,-13.008506811691383,5.0047837968857065,137.94540774090564
jBD62,-8.145226057085619,-6.364367852043188,2.0008214773649,57.08562464628662
S1pPR,12.72524370201865,-2.8531053689860526,4.997713284112784,134.76630515769844
77AE5,10.662160613301737,-9.154396000856126,2.9956532781417105,80.85978309461906
wz7oc,9.221746606010734,-2.57766647207332,4.006102931044367,107.81304412615876
OfubK,10.861642123276916,-3.270333475984652,3.9913601489575936,107.81304412615876
FNbzS,2.3225068597160954,1.257007094723341,4.002911026250003,107.81304412615876
p7CeL,16.103629368726207,-8.666429519060511,2.001197460966076,53.90652206307938
HuGI1,8.47177928468504,-15.01108423782646,-0.0043512539815077,0.0
sdVlR,7.207322103985084,-5.72305962404903,1.0013040771688009,26.95326103153969
NQB5E,-12.80028287952949,-1.7153221158455088,1.0041516217409876,30.132363614746943
mMg0K,-1.6449672605754897,-1.5080488395507556,2.993488401023721,84.03888567782631
LhSeU,-4.83913465807672,-8.309973940165673,4.00361822558519,110.992146709366
KP4Vg,3.084700027187212,-10.815233999904423,4.998180738618068,134.76630515769844
fHrQi,-10.85021529694784,-7.579861635687799,1.0026401556578803,30.132363614746943
VKrsm,-8.811860692355994,-8.901157869229369,2.996612946254849,84.03888567782631
6k1gZ,-18.746780124201912,-2.05542195075353,0.9980189810776297,30.132363614746943
6sHbv,0.1250242537174086,-13.890655752692371,1.0043358775088114,30.132363614746943
ZFUqx,15.607543065597008,-2.4319410333396885,5.00025339313463,134.76630515769844
x31Xo,5.146647115222974,-8.213059564013449,4.004329738101515,107.81304412615876
9yvLq,11.270975327655004,-9.67789735910296,4.995784352106781,134.76630515769844
0fqrW,-1.5092877729450578,-1.7932453239466035,2.0008111448464394,57.08562464628662
UGL9I,16.568439175745866,4.144077862979642,0.0009735141397204,0.0
ludVM,1.759285019027616,5.873816458038411,3.994424907089533,107.81304412615876
BNZQv,-7.336987977440644,-7.823763963596785,4.004280835237246,110.992146709366
MOPNA,7.529901990095213,-7.046708704001764,-0.0081054129484372,0.0
pjXnS,11.14591627752242,-5.584393748408396,-0.001773509271689,0.0
DUKEa,-24.73840099380805,-6.548288132730134,2.005494899604088,57.08562464628662
eF90F,12.265988896150796,-5.811661731782798,5.006250830572468,134.76630515769844
1HzQP,-4.028025519365103,2.6464062875595538,1.0026399148444056,30.132363614746943
rP5CC,6.685771633795857,-7.171989959866846,0.9922353129098715,26.95326103153969
QbvFr,-12.652727653152876,-2.769245734348945,3.0057271537774106,84.03888567782631
ra4o4,8.538441604306486,-0.4884977663642824,3.991222605729671,107.81304412615876
eOxpq,-0.3731809890703629,-7.882594878965637,-0.0007688073882157,3.179102583207246
SRN1l,-2.6751733932574338,-5.131714069699732,-0.000120012777762,3.179102583207246
rplZl,1.3950058777558878,-4.867447676612052,3.000617362245744,84.03888567782631
SMIDi,-8.22755771179521,-0.8671658595951044,-0.0002692873677809,3.179102583207246
wSenO,5.241911876321302,-7.989814726589148,0.0014672904529895,0.0
D9vDO,6.880082875823909,1.3362582430645933,1.9970566279295885,53.90652206307938
dIL2c,8.825507790266169,-2.317056698309994,4.003444311939386,107.81304412615876
JyT1L,-1.4034880639080318,-4.588130022267667,1.001166744587012,26.95326103153969
afoLF,15.099324912299304,-9.527994705992697,1.9956149381380432,53.90652206307938
lamGO,-4.302088884234681,-0.2848461847996768,4.992300236402686,137.94540774090564
bO8FM,5.644196036099576,-8.509460933401671,1.999998492863582,53.90652206307938
QzNpi,0.1335422504083601,-5.474503337678707,0.9958426690602644,30.132363614746943
ylo8f,14.836238077777493,-9.20387070212008,3.0031150997687406,80.85978309461906
IuAib,16.200826448192707,-2.8746347419663287,3.998808146690608,107.81304412615876
KU1RY,5.68925862025991,-0.1063515961325172,4.000398093242959,107.81304412615876
duHE0,10.578056528805474,-7.936617504318763,2.9956472898264783,80.85978309461906
PnEjr,-1.3690370687217823,-5.251018520481328,0.9981473625647204,30.132363614746943
CNiw3,-6.582744576528598,-2.8780765061118703,0.9938448429097784,30.132363614746943
1wYCc,-8.641099352093338,-4.022141705783542,-0.0089375393954174,3.179102583207246
0o2qX,-8.352951640984696,-4.977753344198921,3.991677061223241,110.992146709366
TkMWt,3.5548349152433296,-10.794291015291648,1.0057368493724286,26.95326103153969
hbyF1,0.8897311279335938,4.7658012927613305,5.0015369079346135,134.76630515769844
RwrX2,9.1794110276961,-4.273676455963831,1.999385012939762,53.90652206307938
XHuq0,3.979205116220793,-6.137535231820878,2.9994370790992497,80.85978309461906
q26aW,-1.5633279125333155,-9.884298943148249,4.014527775925484,110.992146709366
5K4S5,17.614350251381772,-1.330384643350096,3.003308039072408,80.85978309461906
j1iwF,9.44010127929142,-9.51557486588728,2.002034985974418,53.90652206307938
jNZ4E,-8.277363625290368,-11.938987149125026,1.99985455892826,57.08562464628662
uD4KX,10.919582748248253,-5.487448227413768,1.0112337272018035,26.95326103153969
KyDFF,-8.380736909677609,4.136823157910357,3.9987349823248746,110.992146709366
z0OVv,6.474822520017727,-2.4291368598236884,4.009340020261994,107.81304412615876
yct1W,0.5209267171753975,-3.352427279084476,0.9954749859651382,26.95326103153969
MTt2g,-8.483232867190925,-5.635197149464141,4.000116061088414,110.992146709366
zpS1B,-7.404277471069555,-7.3171512040347855,2.002062408246497,57.08562464628662
SvpYh,-5.174892240188816,2.8419328845631937,0.996121946643702,26.95326103153969
JSfSR,-2.3256425124175166,-13.358210542623286,2.002302718917941,57.08562464628662
xTciB,-6.328481866130008,-6.620233328623239,0.0033017088907072,3.179102583207246
hLSnP,-13.45838875330086,-4.4907310509250085,1.994607245025912,57.08562464628662
hKqGa,-11.152231943696291,-6.809884654058195,4.0067453532074495,110.992146709366
3lHJ8,18.83343511656029,-8.885869277862778,1.6809194915211366e-05,0.0
JuLP4,-10.306963156997073,-1.291344338831415,1.9991251162239485,57.08562464628662
n6gBI,6.114579739242823,2.6037429290558123,0.9926695136091376,26.95326103153969
xBaLa,-2.3809450093267777,-3.947010880985088,5.0065180778924985,137.94540774090564
8c7cE,-8.658233364288737,-0.8249604935370787,0.9994352075135362,30.132363614746943
C26VQ,7.6225841663757405,-5.827448982441022,3.002523362640817,80.85978309461906
vIY0A,-8.455982765937962,-11.044095846347725,0.992634210476188,30.132363614746943
RqCz5,-12.192359462532986,-4.494684493625505,3.000978244907832,84.03888567782631
dV9EJ,15.560631596849136,3.099207345657832,1.995857355814589,53.90652206307938
P2NTi,3.889797805727032,1.0965650666806912,1.996895263247112,53.90652206307938
ieCiw,11.939734086659335,4.115034263844937,0.9996204244604148,26.95326103153969
VUlLH,-8.117683867951568,2.3083145311824094,1.9889528430435808,57.08562464628662
eDxQZ,15.6907372223696,-0.3223021104884221,-0.0042833425082716,0.0
sMYjF,9.858346162060611,-5.092620594190435,1.9960451432202089,53.90652206307938
nRjKP,6.638883547407022,1.7380190127141797,1.9918241948039968,53.90652206307938
8tLgn,8.362362600585284,1.8575511130811897,1.010997604517355,26.95326103153969
tFoUg,-9.764711917947132,-10.83707784720201,2.9934407942194694,84.03888567782631
eGQXb,12.721526920807657,0.9655538362006952,3.0047088284982144,80.85978309461906
5XZEt,-11.654464041303228,-1.88547485285208,2.9988700040725256,84.03888567782631
a0ixI,4.157752471860303,-9.82338111932463,1.9927638890518349,53.90652206307938
YRj1U,-8.868443027309894,-5.614018326986606,7.541752169287557e-05,3.179102583207246
TQG34,6.998536491696947,-4.123521289697258,2.993634008969239,80.85978309461906
iv3eF,16.801371801294817,-14.14633164899838,0.0042077110890599,0.0
jZw4X,-3.98546853306904,-3.4784582368272234,3.0012069853352084,84.03888567782631
kmH3y,-4.858983435386474,-1.168328431766592,2.0024421187060804,57.08562464628662
O8JF0,-9.518689146277309,-3.422000846133588,2.9942522958886526,84.03888567782631
Fs2jU,10.77935609016514,-1.3333085580820407,5.006456486733486,134.76630515769844
aonN1,5.214478341134619,-11.840204803464866,3.992788393175475,107.81304412615876
6whEd,15.8164444548667,-0.7584780319337958,3.9986933276235272,107.81304412615876
265Y8,-3.4816463261809933,-0.5175185674162162,5.004618254983562,137.94540774090564
a5HCz,-6.621866917653852,-5.361579748315481,3.002343537510196,84.03888567782631
9xtdj,6.278299731257508,-11.393732666424851,1.993141066079985,53.90652206307938
Hb4Ef,-2.3995740990347176,0.3753195565387264,3.0080115060304915,84.03888567782631
MDm3F,-7.914687192755087,-3.1558691119852424,5.0043149534184845,137.94540774090564
k0RG3,0.0924925401483189,-3.660503736317692,2.998841588839632,84.03888567782631
JbdIg,2.7784491485305303,-0.9700028378756222,3.107299050255027e-05,0.0
9PbI6,2.4676827930315848,1.795346960012013,3.9977326261257633,107.81304412615876
QuJGr,8.303753405887157,-3.752397585133561,4.997028794950999,134.76630515769844
FXoNI,-5.584656647718886,2.029203535740129,-0.0069478866532168,3.179102583207246
wBuhi,-1.325672727075406,-2.2046330320746934,0.0117367878752754,3.179102583207246
1jJUy,5.44270058979968,-1.9121610023944648,2.9981007134738262,80.85978309461906
Mri1Q,-10.047160461715086,-9.568809162739944,0.0012698063838098,3.179102583207246
7o4sc,2.220707398524944,-0.5601976732265741,3.996385558765432,107.81304412615876
fcUAx,10.690153467490475,7.367116909028182,2.00317018146693,53.90652206307938
FSXAY,14.626745419518006,-0.6390336934753198,-0.0117398141782067,0.0
l0rOh,-5.010167140840679,-10.726854336276832,0.000508200977725,3.179102583207246
bR4JQ,-14.422981755209872,-12.059913585097432,1.9951287303467389,57.08562464628662
voYlS,-8.908449538298699,-0.4324352588415348,0.0006872224609422,3.179102583207246
JUZ9V,6.465672214454045,-11.805943255163342,0.0077528254136264,0.0
xM9eg,4.311653184885777,-9.085235722795057,1.0022966767057242,26.95326103153969
FECoi,16.653672687991637,-7.705561298799948,4.998599177171912,134.76630515769844
hzhA6,1.971488552075036,-4.698844639222125,1.0030560811973783,26.95326103153969
YdqD7,6.907906779860159,-5.68884360839486,4.997636505402863,134.76630515769844
lOc42,5.948053696068857,-6.183026985602679,2.999749851916199,80.85978309461906
fdWzj,1.9892969934530569,0.7702027775713631,3.005466910163116,84.03888567782631
cLf2k,-7.871720424641907,2.6047529922351664,3.9999733276188336,110.992146709366
uO1hm,7.806476377375191,-9.202487850323152,4.997567087254975,134.76630515769844
DIkv2,2.916299904739952,-4.9315640697601975,1.006072169330576,26.95326103153969
cp0bu,8.687349620544753,-1.3854350041610657,2.9940454880143093,80.85978309461906
2I8X7,5.4248560351593484,3.507320496828558,3.004829038918902,80.85978309461906
b6G9G,-16.41408037904483,-4.984617936266654,0.9958958955318232,30.132363614746943
lsMwM,-3.334135472599333,-6.1812364402544535,0.0019794803842429,3.179102583207246
v5QTp,15.526486403105553,-6.156839980523441,4.008260340509737,107.81304412615876
M3dFw,12.72966584425621,0.168560060152286,2.006001488938498,53.90652206307938
bBzok,-0.3675017907419127,-2.898548435577593,0.0068501674686913,3.179102583207246
wteoj,-10.46174713922813,-10.19433605354284,1.9915129807044232,57.08562464628662
CywKu,-5.805672929753838,-4.100681510750636,1.0032232219219273,30.132363614746943
2fUvT,-2.176449157513225,3.1151011530932493,1.0019310209472256,30.132363614746943
mSKCU,8.70334159412021,-8.323508620911317,-0.0015832228232713,0.0
x78Zh,-1.8532782574901008,-3.7656947749972254,1.0004373418130796,30.132363614746943
zKVb7,4.277595711015965,2.0901147937555056,1.9943881818034808,53.90652206307938
Vo7M6,8.482570815857418,-11.77993964228284,4.998393344294686,134.76630515769844
TErco,9.2535215432073,-2.3781984479604668,3.9992824285185895,107.81304412615876
fAYXo,-5.728198796004367,-5.832941980523311,4.993448164782934,137.94540774090564
B6wXL,4.496241630325371,-6.33734937219917,4.996079688084653,134.76630515769844
IS5aD,10.724414991281426,-2.1077625920136787,5.001692374733156,134.76630515769844
XNylW,-9.202352342720774,-5.289833697207554,-0.0039600935360396,3.179102583207246
OOJPp,-2.213093191839576,-3.5791763757683954,3.996171520377364,110.992146709366
ErRXq,-13.665053312222929,-1.3545664961125323,4.004455604138308,110.992146709366
LAR9M,-9.412149966969723,-3.802763259236509,1.9958098255117784,57.08562464628662
d49N2,7.7410242632855235,-12.610770232963386,2.000914977663349,53.90652206307938
fTlQI,4.762636072358088,0.6690210193161459,1.0091220477032925,26.95326103153969
1181j,-1.4310903497307184,-8.898895762779864,4.005095000383045,110.992146709366
nXOBc,17.919293095939334,-6.181603702840404,3.000303337457032,80.85978309461906
mHDxP,6.31551248431324,-3.5135358890548902,4.0053873477948345,107.81304412615876
ZyYQE,9.370684553935924,-9.947100853019876,1.0037780343070053,26.95326103153969
CYqkq,-3.450015418782621,-0.7894762120012828,1.9974265031555225,57.08562464628662
u5slT,-9.31292103480857,-14.265673229768757,2.9986532012642053,84.03888567782631
os3lK,7.579978717303053,-3.4189010103567985,1.9871532128449128,53.90652206307938
cNtYm,12.67485863302617,-7.923928972407261,3.996317442351289,107.81304412615876
wn0aE,4.929144528745058,-6.940065196083998,4.002525544577747,107.81304412615876
w0AOQ,15.314321332053476,-10.364491389213962,4.009488607420934,107.81304412615876
beGjx,17.291794300822012,0.0043548264227681,4.999214771797276,134.76630515769844
q8i84,15.544218850906216,-14.393663264287104,2.0023333640095733,53.90652206307938
h2Bs0,10.13732347828902,-6.25847143485883,2.993823913623811,80.85978309461906
tBLTH,-9.918202031453747,-11.793111891273064,3.9992934927420767,110.992146709366
uz9z4,-8.434663916934625,-8.987836700633487,-0.000332160467687,3.179102583207246
eX6KW,-1.8819032194346947,-2.787807874781296,1.0054493399006774,30.132363614746943
h7flJ,12.622722473644426,-6.013661433238702,5.00432505206064,134.76630515769844
kxk3z,2.809104301458369,-9.220638301033958,0.0028472463857423,0.0
ulpAG,3.3157474889207483,-1.230896470315728,1.9926899822546085,53.90652206307938
pLds7,-7.178692847986686,-9.735874641816537,1.0002874378477773,30.132363614746943
H4tCG,15.619739249739268,-6.14853284390282,0.0092030028536034,0.0
MX0Xw,1.728442046148681,-1.216079787253737,1.000387107090683,26.95326103153969
KA8vK,11.452537309690335,-6.937156679548447,5.000080562432782,134.76630515769844
0NxZF,-18.360875244672854,3.530057744614197,2.9947231098782754,84.03888567782631
nQT6L,-7.44827775177033,-1.1524593107409782,0.0014055145364724,3.179102583207246
zgEdp,-5.889319287738813,3.1313349197852247,2.9996840506810045,84.03888567782631
lqioJ,-3.811056104600228,-10.753868308252606,5.008494185392922,137.94540774090564
Qa9g7,11.005127520201334,-9.895598821241745,0.0012353739111333,0.0
fgebo,-6.11823378204491,-1.0236228021546072,-0.0029498439761863,3.179102583207246
6uO2U,10.748244291347971,-1.5946032730161082,1.0033704680479092,26.95326103153969
KQn3T,5.3001047808946105,-8.065198963326635,-0.0057919632383465,0.0
KaUSc,7.295574103480392,-7.473567759985068,1.0004029376265375,26.95326103153969
9OFer,21.969824994344496,2.8190511288837063,0.9963179945951712,26.95326103153969
9wmox,-18.551130912634093,-4.225996677004412,3.994247618516824,110.992146709366
ErhW2,4.0841296156615545,-2.201815917962197,3.998139720962033,107.81304412615876
xe8aL,-2.5944341102320734,-4.869050499363257,1.0007756227268283,30.132363614746943
rY8Ve,1.1700528166848203,-14.195474570654078,0.004138225449384,3.179102583207246
IusAW,2.88193260820824,-5.06990614463813,4.0013467237662645,107.81304412615876
kXo2R,-3.716300267803218,-5.862967669588693,3.9963795995198175,110.992146709366
HJa9C,-1.4239668495102027,-0.1024739041230446,5.000536911613971,134.76630515769844
xU835,14.329732075075045,-1.6838911914511376,2.0072499288960417,53.90652206307938
koOfP,-5.638059624077666,-3.908016225188725,1.9927193825628224,57.08562464628662
Jqadg,0.4964030572528042,0.2682020199654094,3.0125126927865464,84.03888567782631
azlao,-5.453111521188542,-6.595448483752719,0.001861360245629,3.179102583207246
CtjWZ,-2.7823758666414338,6.9758541574772455,5.000613399599767,137.94540774090564
UnwBF,6.443260295379419,5.568200700269331,4.998924936461156,134.76630515769844
JlREz,-12.532914553081126,-1.876046802478449,3.990385822446583,110.992146709366
VCE1G,13.63634608569036,7.847496792407563,4.00284645600546,107.81304412615876
HeVVl,-18.806321696159955,-10.21734150691709,1.0055883718572465,30.132363614746943
17A1K,5.554133063758331,-4.648778791754932,3.99866788308618,107.81304412615876
n45Gw,-13.17670041887181,4.266921548299276,0.0005336163664909,3.179102583207246
jRYfS,-11.85577401049769,-6.0231034047907,3.000471199396161,84.03888567782631
8bmB7,12.558533822369215,-0.1646618006286786,4.000754544157567,107.81304412615876
dxYXG,-3.125906153392284,-9.072143495117338,-0.0031187719878763,3.179102583207246
NdEa6,-9.361373442795532,-13.52943984319225,1.9917730722277247,57.08562464628662
r4d16,9.292805731925966,-10.38525138082731,2.0050896986930384,53.90652206307938
ynOvZ,-6.829727534487108,-7.353510997255963,3.998175144142948,110.992146709366
mmAQC,2.7401229179390576,-0.5557880070419281,4.999541384730193,134.76630515769844
ObR1V,2.659207947664541,-2.001140431636728,0.0033960105943644,0.0
KPR54,14.247813422745336,-4.301207843366866,3.0062419832786893,80.85978309461906
gKe3z,9.88194367446236,-7.432274406647657,2.9988774522695474,80.85978309461906
aDYp3,-4.837761212104331,-10.99799329493382,3.9921190056655433,110.992146709366
0RQhq,7.799519823113138,-3.166903503527091,2.001801435158033,53.90652206307938
dDQgl,-8.49851482278772,-10.909598284314242,0.9947482083691068,30.132363614746943
tJqRu,2.07946579729688,-12.118388810196748,0.9975421964399828,26.95326103153969
OaLes,-3.56092787695498,-3.4661378491309285,2.998953642502732,84.03888567782631
7TSOB,0.3065888331344908,-12.44028754251062,2.0021221791959385,53.90652206307938
rQEav,-7.990909509247791,-15.217434325125232,4.004409493809009,110.992146709366
mxwpv,1.522567928592462,1.1995929789022828,3.0033100235670944,80.85978309461906
lEJfU,-6.658059625854663,-2.609675809160445,2.998943473495668,84.03888567782631
YoG0B,-3.910217765540687,-8.497370490404213,3.0062128816073197,84.03888567782631
0XsUG,8.090970465484807,-13.052831157601698,4.009522243167308,107.81304412615876
Ur5o9,-5.9830039301135125,-2.8824606849953107,1.0023674399990656,30.132363614746943
5TCdh,-9.263479983637485,-5.30153804909106,3.99530293898196,110.992146709366
gvKoi,8.438876666356164,-0.2478323697691733,4.993900250424719,134.76630515769844
hHmtU,-3.1773060094760504,-6.797737907220952,4.004164940782565,110.992146709366
7mzMe,17.318815901478978,-11.823328493987598,2.000019333308225,53.90652206307938
7MrTb,11.314438326783506,-8.641103405513245,4.991028827986006,134.76630515769844
eV9Zk,-5.896028771924436,-2.7092369663593145,-0.0056181512783112,3.179102583207246
jFImH,3.0203850671770978,-0.3887992570618657,-0.0001197531934799,0.0
WYISQ,-18.008944131935078,-9.714291342343593,-0.0054586429670476,3.179102583207246
7fqCG,3.639951060391621,4.025489120397356,2.995474979071234,80.85978309461906
FUY9C,-8.471483710915184,-6.594170152440858,0.0078296841880285,3.179102583207246
O5WU3,13.79321808581795,-9.087100186707117,2.0024213379076694,53.90652206307938
q690f,12.413722865964964,-6.203081982043349,2.001165347036552,53.90652206307938
TAVtz,17.07154020070374,-9.423153848945391,5.009994230281398,134.76630515769844
bdhfd,7.776291196354474,-7.132657978658765,0.9970842343733192,26.95326103153969
aPSiy,-11.174930750185355,-9.680370405842869,1.995123062055772,57.08562464628662
JECdG,-12.61619504606081,-0.4585539256150657,1.994957840496127,57.08562464628662
tpDd5,6.888255837660371,-0.3299562331605701,0.003894033240735,0.0
koJcx,-10.587275766825336,-2.95596702032777,1.999050539291637,57.08562464628662
xDEvw,7.4436788142756445,0.8936600966237735,5.007393706628593,134.76630515769844
Nxi7v,-12.462148329717104,2.0941668564223974,0.9977259939725,30.132363614746943
qXZpa,14.296232117061855,1.6038676418176134,0.9966703831911556,26.95326103153969
S1447,-9.02820080517073,-2.4586822009620373,4.0076204022951964,110.992146709366
UbfY0,11.213066921533471,-0.3396701762029419,-0.003780241749222,0.0
CtpPR,-4.679902321248868,-7.421997120415742,4.00325697418357,110.992146709366
3My5k,-8.265154772145035,-7.812361238346052,2.000801991261256,57.08562464628662
3tnwy,4.294415746228409,-11.737355905595994,0.0032907469206853,0.0
auLUc,-0.1328604009900429,-11.12250899306165,-0.0022799491838491,3.179102583207246
rBrql,13.165608736319074,-0.3126300035392049,5.0020292053109126,134.76630515769844
5Ge0h,2.0091817560355056,-11.40026161561133,0.003074324060213,0.0
TBovr,-1.8108353567380784,-3.732226125173205,1.0010272716956965,30.132363614746943
YW3hn,-5.955286906520144,-14.20491684150774,3.00354220922748,84.03888567782631
wdszC,-13.135056573571337,-15.609603813913743,1.0072434889433188,30.132363614746943
84H3Z,9.35909817394442,-2.7972720254471946,3.0001119942355268,80.85978309461906
HcbV0,10.752636628147712,-7.679560580586374,1.0077186135535463,26.95326103153969
zeIQL,16.540683802060432,-0.3781941869233445,4.002743590583128,107.81304412615876
VXlMN,0.759136980164433,-9.134472056462773,0.997628751165244,30.132363614746943
PZt9h,-9.576955712731673,-11.900761742426727,1.9967133162960349,57.08562464628662
wGgS7,10.804425487252146,-7.078685707481532,5.005377750236812,134.76630515769844
xwAaK,-3.768923489322664,-15.021960175734684,3.001004676156339,84.03888567782631
Nxlt7,0.4655456768500237,-6.9551740528580765,4.997480779586076,134.76630515769844
q4yNi,-8.11772093067055,-8.737019079950793,4.0092062699675255,110.992146709366
pVANW,0.1691551547677061,-6.395899545378006,3.002986090866204,84.03888567782631
UYO9j,13.38502978977542,-2.9972430213312427,2.99841538242387,80.85978309461906
4cicp,-7.919768190225675,3.8073170400338254,5.003526230405591,137.94540774090564
huFNT,-8.975614477607527,-4.9735021143462825,2.9975322649498586,84.03888567782631
Yd2eo,-1.862050967539278,-8.612497419962303,5.012121446768738,137.94540774090564
4KK5d,-12.876667040253968,-6.762214994619845,0.991949173002048,30.132363614746943
W0Cll,-6.8707062058120565,1.2525344936525802,3.002205981396312,84.03888567782631
M3aZG,-5.760930230009033,-21.58214009890252,3.0015957097884685,84.03888567782631
Y2bdo,-4.859426771484625,2.1805812849803043,2.0038987732359,57.08562464628662
2SQiu,13.121298662886574,-1.2211158092108525,4.0022063478183485,107.81304412615876
IQLUz,4.506446256629916,0.7008940746233252,3.0003545288357216,80.85978309461906
UK2uQ,12.429762279702048,-8.584084006768602,1.0056470162301847,26.95326103153969
APknU,-1.5065074014106845,-5.014568422255934,3.999492507340337,110.992146709366
WUnqc,0.2377429174708414,-6.712021866732711,-0.0013825813247772,3.179102583207246
JnnzI,-6.270062558182374,-8.492471500307362,2.99685399226726,84.03888567782631
o0NyZ,2.5543836012641563,-12.363558225468848,1.998951807879345,53.90652206307938
D6f6h,-2.3630487679289933,-10.113182894553908,-0.0035661895416988,3.179102583207246
2LVmi,-3.3953773948855352,-1.89408025783948,0.9991938616637028,30.132363614746943
T5POq,-1.1250811644897816,-1.9635211899329823,5.0006387496724685,137.94540774090564
7frwp,5.129695532842467,2.7100818566528986,-0.0030859074901435,0.0
v8yiN,-16.291409654641352,1.5063854268715788,3.008903604781779,84.03888567782631
jwful,-2.0357906873710183,-4.769359773274911,1.9951950537221312,57.08562464628662
Fr2SR,11.327607074066314,0.1306591268788786,3.992560783014071,107.81304412615876
QRssn,11.404645175779542,-11.39940816287142,0.9958205757611176,26.95326103153969
SJyXj,-4.612449469138287,-9.42193103538357,3.9962781192022367,110.992146709366
mZlDw,13.322654967985669,-8.231103349449977,2.9954213776111422,80.85978309461906
BRdGC,6.361288259242716,8.219426137329265,3.9989269849771913,107.81304412615876
Vv52U,-7.628598798976011,-8.750497677961139,-0.0062014150356238,3.179102583207246
uYXRo,11.438104071428912,-5.326884669235282,2.002834324776132,53.90652206307938
Mdqgm,-5.842841490656253,-4.6674870281165886,2.0036956038379925,57.08562464628662
mKTYE,3.8226376424663338,-9.653712879639592,0.0071512091837715,0.0
tElKV,6.484697849079579,-7.900542411692181,5.002253047834488,134.76630515769844
qBu3T,-2.865534024024274,-8.515930844281247,2.9990051922477075,84.03888567782631
s890E,12.506851310315106,-4.61203487838336,2.0029504908272373,53.90652206307938
D0RiP,-19.72825751143936,-9.74582374737926,1.0077613004110229,30.132363614746943
E9enH,11.962416081178262,-0.5232393014214756,0.9939696151548328,26.95326103153969
6Ab4S,-6.806730017739117,-11.341798237976564,0.0062336244452985,3.179102583207246
xp7Ib,4.285942994210873,-10.490189975479112,0.9973658872466706,26.95326103153969
uECNM,-15.55553974239708,-10.278153974582896,-0.0013104360570452,3.179102583207246
nAzWy,10.328638504254082,-10.662885970512356,0.9999384196690012,26.95326103153969
NYe9C,-0.4336619007324778,-1.7635014188686382,1.9952309617087285,53.90652206307938
LyxYk,13.26854934848117,-1.0794585871519091,3.9965575637081865,107.81304412615876
r2i1U,-9.9885698951937,-11.871350905965466,1.993536251437349,57.08562464628662
sVZwK,-12.981873826020852,-7.027390793321604,1.9962270429543003,57.08562464628662
nphaI,-2.6104424264570323,0.7708174518693616,2.997251621385985,84.03888567782631
cnKv1,-9.118339601802075,-4.988600460928794,4.990717576127425,137.94540774090564
OQpZu,6.166833358526679,1.3164253534158608,0.9962144746006504,26.95326103153969
Vm1Am,-3.2748041966487347,-3.266575142486453,3.0018159237315927,84.03888567782631
oJpA2,15.68035266687878,-1.1622730940025106,5.001823964930958,134.76630515769844
ImCbb,10.598245259417697,-4.185405809102156,4.998125704829034,134.76630515769844
DpxCr,12.003914060003666,0.7898276972184384,1.006238005478662,26.95326103153969
LfOrq,7.087546877086026,-7.501821662732802,2.998007040281136,80.85978309461906
WZalV,-8.519009916585656,-2.9947912559221264,5.003689511264427,137.94540774090564
TJqrq,-11.5637766756455,-5.289470058287667,3.9967210602218537,110.992146709366
bp7Wo,9.853784367776754,2.614681801607756,0.0062307626447804,0.0
Vbnqt,13.23630377973425,1.7594588903403316,3.999807030983858,107.81304412615876
fbCjT,7.886212255005693,-1.6942972532773617,4.99987897796369,134.76630515769844
ORAwT,-15.732980756788804,-4.8607188021327685,1.000257045767298,30.132363614746943
068kn,-12.363323956309015,-10.144963369568533,1.9968318792387336,57.08562464628662
0ZsHK,12.460809570177448,-11.929851564973914,3.008080979520293,80.85978309461906
yQJsj,-3.3714159961481966,-6.4077278170160845,0.0043385138208769,3.179102583207246
xK2NL,4.842693140257605,-3.885384765373388,0.0007873111464759,0.0
Rg6E5,-4.805294697414854,-12.887827999047976,0.0034377859235482,3.179102583207246
Y4Kev,0.3722993456143797,-7.797862872932637,4.000930847481427,107.81304412615876
YGkWb,12.089782671357382,-12.302808254972698,-0.0005019993087551,0.0
TEtMi,-12.636888215709686,-9.53944200047238,3.995534831650628,110.992146709366
pYbVf,-5.031487772275505,-3.10691301432331,3.9927303125222986,110.992146709366
TM0VH,-15.857090474348206,-6.41857131555722,2.0002876769101285,57.08562464628662
yRaHB,-8.225000544107553,-12.167740458429051,-0.0032792274574884,3.179102583207246
MppBo,7.636002868657121,-3.108533965530892,2.005232531686445,53.90652206307938
GdzGm,-4.682249151008755,-11.995051870814937,2.9995496934785004,84.03888567782631
FMClO,-0.2219007806760187,-10.861252820104328,3.0090000331182765,84.03888567782631
K1FcI,1.0214131705133465,-13.03880598857612,1.99609908714752,57.08562464628662
STbsq,0.2413858223987653,-3.831200871240848,3.994843686019628,107.81304412615876
m8pJi,0.5249510060492337,-6.542321006909003,3.006735580458791,80.85978309461906
jKyMe,0.16858195847791,-2.1938102092288085,1.996697617857999,57.08562464628662
RgJ0T,-8.743869893182307,-6.819336886638314,0.0081937285181272,3.179102583207246
JHdiE,6.716688154794213,-8.34376611225964,0.9966584425459548,26.95326103153969
eChVr,-8.62093799101045,-1.0888721891916475,3.0097463652220284,84.03888567782631
mHcz1,10.107616429240236,1.695523227432636,2.011581733276236,53.90652206307938
JNknp,-7.9470515287498,-12.704457400568874,3.99964613165699,110.992146709366
Opecc,-6.124449647901055,-8.583413744025547,1.9980415153375048,57.08562464628662
2LtfW,-4.4867558532989085,-9.4047844193517,3.0006998888209395,84.03888567782631
KGSni,14.629443256341132,-6.743524055908053,2.0080121486532563,53.90652206307938
rptPI,13.026381968195142,0.7675976567972409,4.000998626088449,107.81304412615876
dXyFL,6.15937227151407,-1.197132668898531,2.9948160416519785,80.85978309461906
BT1sr,-6.831267122754821,-2.452149342549513,5.004680449304668,137.94540774090564
tpo80,-10.397048208275727,-10.391017592983705,-0.0035905104082584,3.179102583207246
oY2N0,16.227612697689594,-12.124474032203336,4.996605384992384,134.76630515769844
RlJZD,8.802132661362167,-2.7975943564270693,2.999966229615765,80.85978309461906
taoBO,-0.3982808203576385,-10.475498267227104,5.009313649819352,137.94540774090564
bcg95,2.327502975187879,-11.81811887364184,3.0093063830722584,84.03888567782631
wrFpF,7.807218315659488,3.9931295444985393,1.9953016737342752,53.90652206307938
zvcgT,-14.056899209033242,-6.424406488095088,4.999050963848776,137.94540774090564
W9Khy,7.979548155091332,-4.979123832525214,5.005804006400584,134.76630515769844
G86jq,-0.7789674600442779,-11.023801057368528,3.0044883619904503,80.85978309461906
17dIt,-10.94698752647254,-3.7742089639006937,4.999819033624688,137.94540774090564
R9acf,-0.3308619202670133,-7.168313350656662,5.005610839631691,134.76630515769844
4VcmK,12.371829393032613,-11.269194027403918,1.998278774049656,53.90652206307938
cLoxw,-10.661206083173967,-1.9564909570754383,2.008436171319864,57.08562464628662
Qv5X3,7.24654086024144,-3.5722699063911336,5.007363386072933,134.76630515769844
X7dp4,5.081339679109413,-5.982745789635053,0.0015485852248205,3.179102583207246
llTyG,12.255709645386958,-1.0503956425003431,0.0104003844584022,0.0
3TfQd,-9.373651442680952,-18.30625757488805,-0.0020556957858708,3.179102583207246
V4oQH,10.28416808971911,-8.438325791084072,1.0005510272685076,26.95326103153969
tMdjd,-9.507516192863882,-4.732573846487238,1.0031116568997536,30.132363614746943
lDBgT,-8.371181658204907,-0.9793745875262756,2.9942534307637536,84.03888567782631
QZ6s1,-8.979389529045019,-9.369914123312835,5.0079386620475,137.94540774090564
w9eKA,15.87953968102787,11.157780615494753,4.998266154740686,134.76630515769844
DE4Do,12.785189886178,-6.909580473353697,4.0005381913871005,107.81304412615876
h9YH1,1.6335736625865085,1.3846553983025949,2.995545642640088,84.03888567782631
hB7cK,-4.445061638276137,-8.990864696749592,0.99841758649821,30.132363614746943
urWjD,9.959289880555083,1.4266500019299588,1.993074218707515,53.90652206307938
sxgqd,17.85304581679842,-5.298405753551521,1.0013042293759256,26.95326103153969
aLvCE,8.26363119277276,-5.796212239762998,1.9982600600522724,53.90652206307938
yPnTv,5.265891257902122,-8.282022734827429,5.003031743391706,134.76630515769844
9B0fr,1.3418258314447007,0.8960142640791879,1.0025541346230322,30.132363614746943
wmEgI,0.8064198799753894,-14.93367322176811,1.9993227833464209,53.90652206307938
glGQv,-11.214506393099372,-2.8904403594945087,1.0039780709327804,30.132363614746943
TQKeu,12.723477431399605,-1.1289253962701151,3.994459222183299,107.81304412615876
2JfJN,-11.264212567376466,-12.532841402745044,3.993244952312065,110.992146709366
GtJe2,5.035223235531081,-1.579051953395319,5.001405153041508,134.76630515769844
2lcab,8.6396937862181,5.720763926872906,0.9931041614666392,26.95326103153969
k8wsL,-11.278748340784096,-6.0268442248750445,4.01010967842583,110.992146709366
HfYV9,-4.892711968463582,-10.204802878766344,0.990780983958458,30.132363614746943
i9LbH,14.94210032203478,2.6490001791780644,3.993008458024974,107.81304412615876
L7Ac6,-1.0825253041935987,-10.386919693476546,3.995908027905295,107.81304412615876
VaAII,-5.061378402412436,-4.21976052293261,0.0073247253114151,3.179102583207246
FJlPG,14.728580178557824,-1.2206326145034858,3.990265736948204,107.81304412615876
AFSfP,7.010399401161232,-3.5731129244819235,1.997698112077412,53.90652206307938
Xp78A,-9.67052472976895,-7.722581565395482,0.9976396552339072,30.132363614746943
vMLtk,11.342711354432597,-2.8705863131784177,-0.0023321169844158,0.0
Sse2e,8.847845219882885,-4.984032780437353,2.996084939932246,80.85978309461906
Behfd,-5.807693356366569,-13.546924079628011,2.9980100192989503,84.03888567782631
HVjtq,-7.173294245141597,-4.4628708146555285,4.00408795194705,110.992146709366
l5tMN,18.70550130962486,-12.096288938685872,3.006673679039094,80.85978309461906
o1xUy,2.5543203871027185,3.0835397403181424,5.0086187219364025,134.76630515769844
zrFkV,-10.184471679866167,-3.723705303129193,4.004285042361935,110.992146709366
HHMcA,4.047611012923078,-0.2438913503195881,4.990063521995253,134.76630515769844
WlHk5,-2.022301856545851,-6.749512631778514,4.999148059919484,137.94540774090564
C4tOa,3.880625945156837,-2.8841004439899054,1.0026591811832324,26.95326103153969
rmg4m,-10.05730496048496,-10.128577922247644,0.9966178494926808,30.132363614746943
MWoon,-2.1051366669841345,-9.500618190398734,4.002438434241272,110.992146709366
q5Nsd,-7.537260351953036,-9.17463880762147,0.0008315603749958,0.0
yGIHg,9.455296666224928,-8.287818712872314,1.0082013543349333,26.95326103153969
4XhUl,-7.935805223265612,-1.5171916311459084,0.0034594678630746,3.179102583207246
Z0bss,12.204752348009515,-6.37964826614566,2.9934467336342383,80.85978309461906
s3XRs,13.240832393318364,-11.78186171368851,0.0063658382163064,0.0
VpPWc,10.388335564586017,-2.700413650311664,1.001482171575337,26.95326103153969
D0Q5a,-7.876292240864067,-8.751675671392928,1.0038521003953362,30.132363614746943
3LxD2,6.817378678004937,-0.2503404257256854,5.001958767959921,134.76630515769844
weVnW,6.683261488911224,-1.4989272792213724,1.0015188308362433,26.95326103153969
JTe0q,2.986752731628888,7.223581402349622,2.9865537856860405,84.03888567782631
rS1mr,-3.74333315996592,-6.6935015885634686,5.002242036862683,137.94540774090564
nsKV2,4.553389977325048,-10.900204772581857,0.9968769758038905,26.95326103153969
Mc5CX,13.575910402461686,-7.028710258352161,1.99837820321498,53.90652206307938
TIN8Z,11.717775613154972,0.3462544786922557,-0.0102854046384786,0.0
10SDe,8.541683112693294,-0.6931344508286991,5.874290897247905e-05,0.0
ojkTl,1.4040180226510657,-9.095927447566735,4.998137922666887,134.76630515769844
1TRt4,-5.496136012185015,-3.701021155344273,4.997702873825058,137.94540774090564
ovuVg,3.936991136992476,-1.0426988491356974,0.0072862791613832,0.0
nu4H5,7.620241991349612,-5.112651524250083,2.0023871184871096,53.90652206307938
Q8TqF,-3.168921009671327,2.206593534855537,0.99475779289326,30.132363614746943
KTyaP,-5.777806775227081,-7.0246326022028365,-0.003944322747693,3.179102583207246
EAQJZ,2.392313039172224,-0.7091439002703481,2.0043395802712234,53.90652206307938
iYUub,10.549359855659668,-7.563697093827855,4.996668705517156,134.76630515769844
iZiUT,5.120038147426263,-0.959850223051093,1.994569549391633,53.90652206307938
tjh5Z,5.572813415409984,-0.409139022840673,2.996961035182333,84.03888567782631
EmC1T,20.40317003669302,-8.012086750049868,3.0041083330076384,80.85978309461906
t0por,10.347249730468617,-2.5834430083503133,5.006934020323731,134.76630515769844
UIotZ,7.368547018712682,-3.915008344126168,5.004470734869912,134.76630515769844
BBxbj,-5.661515805326358,-0.6901003259765712,2.003958747852944,57.08562464628662
CJsvG,-3.484552739070797,-7.144914906755303,2.998313622101267,84.03888567782631
cZPsF,1.78119115559318,-8.29363481519351,5.001788402866202,137.94540774090564
pmIGm,7.308048355636144,4.622016863629446,1.9902393308984565,53.90652206307938
1Y9gJ,7.300289506902136,-8.382589690839646,-0.0065332036633314,0.0
wo98O,-8.831807424983914,-6.8624696522777695,0.9978865900173092,30.132363614746943
rrQ4Z,9.511983710816462,3.9949115240233866,-0.0051001864042392,0.0
NVt7V,-4.849751527437418,-16.08530350372608,0.0025241605065512,3.179102583207246
sSLT9,-3.5259757504365217,-3.3180657800184297,2.004205953489973,57.08562464628662
7yrf3,7.844787326240916,-4.179480756524017,1.999202140053364,57.08562464628662
ZVPtr,12.508097673438437,-0.9295435067391682,3.0039791358930743,80.85978309461906
DVupO,-1.5451894276946565,-10.58936373288443,0.0039171687850698,3.179102583207246
dpdQ3,4.554811813048791,0.2620608577616172,1.00926903008275,26.95326103153969
9Jrk3,14.850378535280994,-4.371118854702496,0.0027117644249474,0.0
1QXL8,6.0373901297212615,-13.18232706541033,3.0007740819225983,80.85978309461906
K43wH,1.3139421172870005,-2.737089830463144,4.001220210001582,110.992146709366
x6csv,-6.416747738389603,-3.4600648838983634,0.0005082074669231,3.179102583207246
8amlD,-13.529330171741169,1.5591936624964422,-0.0052806200930916,3.179102583207246
i2dRi,13.9585750609444,-3.581816754789636,1.996078001137512,53.90652206307938
XcjY8,2.753497346312084,-8.101326447817401,0.0053909547726286,0.0
mIWra,-8.056636748195704,1.4165675296858558,3.005556583385917,84.03888567782631
SSnm3,-6.846528808651162,-8.024539889525197,4.0055594590352985,110.992146709366
3nP9g,-4.691414507088181,-5.581638911287044,4.998962288677867,137.94540774090564
bJPR2,-1.1035389136010425,-4.053433074966975,2.001396917789804,57.08562464628662
9smrx,13.077993322702598,-4.783648123216572,3.001398799455384,80.85978309461906
DoQo2,2.389339914446309,-8.307400988830763,5.0005199312115405,134.76630515769844
Eor2W,0.0624146889521988,-11.48461493052844,1.994975255558348,53.90652206307938
FsDfD,-1.2882488202589162,-10.02623164824,1.9971002650932663,57.08562464628662
eLFHX,0.3133391151806393,-12.336009167666411,5.001347259802887,134.76630515769844
Ie2KN,-0.2274161015796823,-2.358244067312701,0.0016277466964335,3.179102583207246
fe3Yv,13.432314156921787,-3.913303278712258,1.0073857575004803,26.95326103153969
hF5Za,-0.5981577684244357,-1.5613805189518262,0.0084314705208485,3.179102583207246
Ltptk,13.63654814928642,-7.857063305392757,3.003318609826877,80.85978309461906
8LC9c,-0.7658005013652094,0.2659982920829833,-0.0090075400163637,0.0
0c5kx,-0.5585586069302693,-4.2790533555492765,-0.0041382122836689,0.0
uAfRT,-1.6637264724189171,2.559577685199148,1.004512785933831,26.95326103153969
KFLP0,5.265481208450304,1.484071469767137,-0.001513354578835,0.0
P6hsP,7.152744245285058,4.869003138417619,5.007074047833012,134.76630515769844
ZweP7,2.2942612531102515,-8.554831640405684,0.0010855787310145,0.0
0WCG7,3.9944617695820615,-8.689930873190402,2.0065299051136587,53.90652206307938
9mso2,7.564646699655964,-3.3819478850021087,2.995879372254452,80.85978309461906
BJVdo,8.79900005666863,-5.874019270024228,0.9988959690122796,26.95326103153969
z8Y7a,1.4886406002103412,-8.18547929779012,4.007520817375236,107.81304412615876
cGgbq,14.262819201867355,-4.364814770359505,3.996091799625373,107.81304412615876
aQrke,14.8159262429341,1.6850596711008683,4.000465142561796,107.81304412615876
Pmmoq,7.1790454465164855,-3.4429638469854646,4.993745825036434,134.76630515769844
moSox,-2.218289958269775,-6.065650799319153,3.9944213489226303,107.81304412615876
2dvqW,15.047269952906404,-5.271056044761363,2.992020579954954,80.85978309461906
eWXVZ,-10.056472557495557,-8.880557883097666,2.993151265935444,84.03888567782631
nFotz,8.181612129031198,-6.365329970277893,5.003476296938585,134.76630515769844
VaIIp,14.17391959946234,-3.361842995866372,2.99620251107406,80.85978309461906
UcK9z,8.201554999529678,-1.255157808520662,3.996810696764672,107.81304412615876
Pc72Z,8.35713800400339,-7.615988816126259,1.0023105388037905,26.95326103153969
AlDJk,0.3151518673982991,-7.189491019358809,-0.0060009534878295,0.0
cfFeD,7.9735592936353346,-5.269923693526339,3.002864284957801,80.85978309461906
kM74R,-3.5251776166709634,-3.741051385147893,2.9977112597552167,84.03888567782631
KHsHq,-10.316703520389462,-7.082641921040144,1.998617097537428,57.08562464628662
cGEGm,2.719818834331424,-11.74008864630721,0.9982557291297358,26.95326103153969
kBsFd,-6.775611294845317,-6.487988376395483,4.001079371543308,110.992146709366
9IEg7,-3.394653780162842,-0.3216794789540636,0.9991055348626195,30.132363614746943
OWsrL,12.153994676418431,3.7036860852200206,5.005127478674784,134.76630515769844
Y13zM,-18.377284422125555,-11.568965718776546,1.0016131306015703,30.132363614746943
Wgd9J,-3.078189230671959,-4.0657460152046765,2.006894282740672,57.08562464628662
2feYN,11.462053422641404,-13.493276462483497,1.009415556851798,26.95326103153969
G5SUb,-8.046978995362732,-2.1354397109763767,4.006485214143258,110.992146709366
SO7px,9.929114189589267,-11.484322196181528,1.0022174900017329,26.95326103153969
PqvMT,-9.21807839073104,-8.828814867037197,4.9986053123696506,137.94540774090564
b4P9v,7.651792056226047,-7.120926589075332,2.9916481356044846,84.03888567782631
2XuIa,-6.1958931020473615,2.8640182342448703,3.008874967873693,84.03888567782631
fVH5q,-12.57556371396576,-8.379664654192453,1.998778268355908,57.08562464628662
9X14h,3.6485705697397,-6.831857998036702,4.996164829805598,134.76630515769844
UlSGh,-7.505558760221211,-1.8410827587633405,1.9928695513945889,57.08562464628662
7pdc8,16.613626266062205,-7.892399588378272,3.995620167166824,107.81304412615876
2CsG7,10.34091603247561,3.3007906458977425,4.000029556161215,107.81304412615876
nVbR4,-5.578285976760075,-12.633859552724449,0.999541738087078,30.132363614746943
2dh6d,-12.887572099890347,-1.7657031755649024,2.9993713384921064,84.03888567782631
gf8cr,4.860452105185646,-4.107626722213033,0.9942338952109856,26.95326103153969
l98e3,-8.065676235592184,-11.844553876863106,1.9976755375704327,57.08562464628662
hjkPC,16.149282080354332,-9.440398462890796,3.9977657374047273,107.81304412615876
SLv70,-0.8551944885029688,-1.9020100551627548,2.993625849171736,80.85978309461906
a0h8x,-15.49862281072694,-5.766824515809923,4.006722101118737,110.992146709366
IcPsc,16.58875992271829,-1.4129564581641856,-0.0013664699543138,0.0
KvqBQ,-3.8502915444221286,-11.59595741250632,0.0043101062488223,3.179102583207246
dR73w,-10.408209879281827,3.036267749864976,-0.0031041897844379,3.179102583207246
UQxit,-2.027267775669612,-13.206542547913957,1.0020433443830936,30.132363614746943
69cct,-17.733990461147588,-2.8179795364245708,2.9936899246297943,84.03888567782631
bPHqp,15.00311367069216,-3.5796718136327645,-0.004811615201141,0.0
iCTZG,-6.101381802447281,-9.110062338657704,4.998372583516819,137.94540774090564
2SjKa,5.345987116990555,-9.796177697666296,2.006518799880201,53.90652206307938
d4nvc,-3.905702619983455,-1.988326096919136,2.998678192493668,84.03888567782631
NgX2a,3.0722624299937564,-9.774478994778027,4.00298954639536,107.81304412615876
dhBpG,7.314106065796331,-5.201355680998309,1.009688574532992,26.95326103153969
aHoPA,6.405149245629032,4.322024900723123,3.001921050179712,80.85978309461906
21zU3,7.281006979079557,-14.808767600228888,2.004762659514041,53.90652206307938
dwsmx,-6.306691079241984,-13.047051778515511,3.0081829837146903,84.03888567782631
Ayj8Q,3.080033459708761,-8.85636202358898,1.996122450223318,57.08562464628662
pL0iB,-3.0657510076595216,-5.211584037464365,-0.0012201640777028,3.179102583207246
fZXyW,-18.17095569791445,-5.990593020644869,1.997285367853617,57.08562464628662
9fXIt,-9.636013242566774,-6.437166616527738,5.0000121240328586,137.94540774090564
ZN2s0,-5.434618049940889,-6.731680747794802,2.005434191344444,57.08562464628662
Lixyb,9.25427682507124,-6.7036633159411725,3.001160915863513,80.85978309461906
JjtrP,-2.4813882021642697,-8.109064853404226,1.0041543269951692,30.132363614746943
tRwH5,0.6455917245765681,-19.041130342682948,5.001133001827573,134.76630515769844
Etut8,4.1018028678298375,-2.5261959566896737,0.0029097486884008,0.0
o76cA,5.544038278886155,-5.016671438333908,0.9937400825934462,26.95326103153969
AmYQZ,9.561451023434952,-3.786216820079196,1.9984170210621333,53.90652206307938
Qzbcp,1.525162210302355,-10.800048226360497,3.0030260393872417,80.85978309461906
QFFrj,-12.277453024369422,1.4986325476897386,-0.0026876940062498,3.179102583207246
YCUr0,-8.386255858420219,-4.998944522248964,4.995496152417991,137.94540774090564
3uWXh,-0.1244836897681951,3.3116507596001394,0.0048862269193334,3.179102583207246
FNWZV,-6.824625092634633,-2.9775055015919025,4.997003479792443,137.94540774090564
XVApg,11.36998391976325,-5.739361777822562,3.009548934704815,80.85978309461906
nTcRR,3.4798937637898293,-2.5985897943961453,-0.0062096517464499,3.179102583207246
nznGw,3.585529413772872,-6.620426194430177,4.004660593954413,107.81304412615876
V3QI3,-4.827885920613258,-8.18796605369407,3.0065555797524133,84.03888567782631
AlTwi,-0.582380515546884,-9.211005562025884,1.9980355834226933,53.90652206307938
MZBKN,17.89377210730229,-7.370042630964543,-0.002252990004214,0.0
V07yE,-0.9250830287868615,-5.882460274384294,1.0049417311035704,30.132363614746943
k9eWZ,8.471482852339166,8.473093035591955,3.9996848048906704,107.81304412615876
MLfvw,7.404565114481089,0.190456823985587,2.9985619463543336,80.85978309461906
oVI01,-5.571855399519514,-5.324451428219915,2.0077077061077846,57.08562464628662
SVS1B,-10.431044917247467,-5.947810523102425,1.0041486704739329,30.132363614746943
Nh1Un,6.6000579537411,-3.796338756191137,3.998344542034141,107.81304412615876
Nn8Az,-3.736953832554848,-0.4428944956996155,4.003724518382939,110.992146709366
fAYSK,9.247172818630537,-11.86021419533044,1.0035622414082497,26.95326103153969
OJOM9,-7.1226875194612935,-1.3838512468775477,2.002650004174181,57.08562464628662
4ZWJ7,-6.0722764971988665,-15.58221303394706,2.006932958177845,57.08562464628662
6R4lM,1.1953576254797724,-8.194165498155336,5.003950049345255,137.94540774090564
6I5ie,-2.3973435657028315,-6.841935639236978,4.006032580230784,107.81304412615876
EkEav,-5.984975111856965,-4.763041192965472,4.999514258522262,137.94540774090564
dJsOU,2.6539367995420866,-6.201369635656463,4.991460689440986,134.76630515769844
e9Fbt,-7.851475794061133,-11.314413215338814,1.0043566828559007,30.132363614746943
hAQ5c,5.610576676790254,-1.3478451430226608,5.002921662953531,134.76630515769844
dsUmv,9.223960759667335,0.6257116566536967,4.998616540793232,134.76630515769844
TwtLi,4.743037789575914,-8.147475721139259,1.9980519879176089,53.90652206307938
Uj8Bh,-11.167886716515728,-8.620355763030226,4.007323863323916,110.992146709366
QizPg,-8.145033620294559,0.0736149365958365,1.9878077873351307,57.08562464628662
cwAj6,8.812171668137902,-4.7333757993265015,1.993146667594092,53.90652206307938
jGYLy,-12.514710168767632,-4.441811801056891,1.9925093349606744,57.08562464628662
zqpmh,16.146774791269763,-15.021360622173464,5.002670575117483,134.76630515769844
GPAIQ,4.013783663970709,-2.290080601110245,2.001085639194113,53.90652206307938
vthDV,-11.426674940356436,-1.4190219612725006,0.9962470675991784,30.132363614746943
CXRhV,4.592978232344247,-3.99946100579755,4.000892130688805,110.992146709366
1mU25,-6.161327017938358,-4.9471087591151575,2.9966659787541765,84.03888567782631
G0KC7,-0.7959206292965124,-6.2223191869504335,2.005757736255222,57.08562464628662
qeGrU,10.906442347311136,-2.920204409929364,-0.0050327386728381,0.0
G0UMS,6.8851887361003,-8.789490616997876,0.0126911704940517,0.0
oBgwX,8.133978644304577,-4.2454060956211706,5.001938833595939,134.76630515769844
TsVMR,15.163976394671597,-7.873161216710597,2.001120596120012,53.90652206307938
KoPUt,-4.243338288852812,-3.6722847531509233,4.999819114809977,137.94540774090564
hBxxX,5.560278398860064,-1.878997108109375,4.002493730056926,107.81304412615876
v6k5i,-9.248976226581064,-19.819869232066225,-0.0029343993241218,3.179102583207246
GNbAK,9.46998512052635,3.6764388443945335,0.9943706696101168,26.95326103153969
xbBeR,-3.0679618577528167,-5.686108457720207,4.995589487164773,137.94540774090564
Evy8n,14.38599129005434,-9.231199716968398,5.004170000111867,134.76630515769844
eElrZ,-7.628497593296966,-4.2737897635504325,2.0015237455340187,57.08562464628662
N7OrD,-2.345209663789265,-4.092145830996061,3.005348970608952,84.03888567782631
7v6Su,16.966898837592186,-8.928527090021593,2.993909390826044,80.85978309461906
BOu7D,-9.031586967582273,-7.468274888777881,3.998634147328625,110.992146709366
t3d76,12.014852695729504,-3.057314482639104,3.99618118145296,107.81304412615876
lf3G4,0.2924090889581761,2.551079482383688,2.9926984757517614,84.03888567782631
8VuOb,8.772215697561593,-9.837734764122294,0.0028335504170931,0.0
5pDTP,-7.904244454806045,0.3952224777528873,1.0036643574179795,30.132363614746943
r1xCN,7.545763250003785,1.3135931277158477,4.995624479887467,134.76630515769844
pXi82,10.86208294215428,0.2744383523822162,4.998096731115432,134.76630515769844
0tQsc,7.168490304199004,-12.340661450271476,3.992913229186728,107.81304412615876
qZyA4,12.0211823752893,-4.155876278984857,3.9970454671649183,107.81304412615876
A1JUv,7.099737394131645,-2.747197960276273,5.000089420086292,134.76630515769844
SJYoF,18.9610694881911,-9.50150934845768,-0.0065777800562511,0.0
HnnNn,7.278112765525638,-5.9758385954408295,0.9914638160524116,26.95326103153969
UhW3e,5.767948286186726,-14.3031626572403,0.0032711883984892,0.0
IfanE,3.1180605037536515,-2.0646675416567994,3.0028351766510224,80.85978309461906
psvsz,-10.880357908032794,-8.224799643761349,4.994663786203646,137.94540774090564
tkXaB,12.592759397192314,-12.53261243347806,3.00459489433975,80.85978309461906
2RRNw,5.7450513942758885,-1.7495408622204132,0.9959249892726916,26.95326103153969
ibN4q,9.15132536238862,1.6892436931121244,4.99374945082758,134.76630515769844
SihMR,-10.441196699267715,-5.334647731751923,1.999377766953338,57.08562464628662
3jlBT,8.697370784465159,8.040341617069327,3.9951825651230295,107.81304412615876
e1wPW,9.037302414818614,-2.3498876008173,5.0026133434394415,134.76630515769844
WmTwv,4.332613198323602,-0.2865224545087033,3.998110418888199,110.992146709366
zveYP,-2.087867678347483,-0.1387412444963125,5.001340034162094,137.94540774090564
U6WC4,11.608114777163,-8.231559614684715,5.000085783681124,134.76630515769844
LgN0L,17.75175563207416,-4.576848095906319,3.0030990035974545,80.85978309461906
yGQ2V,3.212403500837178,-10.283442567278506,2.0042081239257508,53.90652206307938
ftGTN,4.444954148318582,-4.2621359375500125,2.9969295341836832,84.03888567782631
okPXU,-6.968896980565237,3.80982784804864,0.0014072500348842,3.179102583207246
pGCnY,-4.685641887625296,-21.778019415053908,2.9964010555058342,84.03888567782631
UHUtK,-8.288607621044363,-7.510124238269746,5.006453723350732,137.94540774090564
SahVZ,-10.06052072632977,-3.4270658726480785,5.004626583958307,137.94540774090564
sgqG1,-6.160610359149801,-9.07327923129662,1.9967617964695143,57.08562464628662
qPw1E,5.2029716867229165,-11.005470969605298,3.0020729300526083,80.85978309461906
Qxe8G,5.525578714886687,-1.2156541000437149,5.002220927445308,134.76630515769844
dAmty,-11.180030088916151,-8.839153712399893,3.996757075429087,110.992146709366
IyM0M,11.25566237050825,-7.3687110340141455,1.99497153870502,53.90652206307938
HoXa2,0.4190964627459905,2.2674342655676023,2.9992574371096463,80.85978309461906
SYWbr,-13.929917878859596,-7.969228872078599,0.9966762128938428,30.132363614746943
nSb5X,14.043176394330294,-6.324641680366223,2.9995012270981234,80.85978309461906
UupIR,-2.1590711381142693,-7.657106629991042,1.0077429481167752,30.132363614746943
nhVrt,-8.136408126277555,-8.429430530944519,5.004962191834914,137.94540774090564
UCyHp,-9.99760882699125,-6.188492603359793,4.000440062177761,110.992146709366
O1oKF,1.0254348387118863,-3.0609979594127497,5.005532582935912,137.94540774090564
sHm4B,-9.124524280711244,-2.090187419451127,4.995884261541693,137.94540774090564
eBNB6,11.243523296435342,-10.43161913454681,1.002444254717602,26.95326103153969
qJtWQ,-5.435086702280613,-2.4454018012512067,1.0050959075884682,30.132363614746943
57Pab,-10.052716400055631,-7.1656359652958885,1.99735798551142,57.08562464628662
r3YO0,-4.223491528244831,-0.6828526407129399,1.994198671123692,57.08562464628662
yJWTj,-11.707924468401096,-10.92277145883094,1.0024124892193629,30.132363614746943
ezObN,-9.849192737427034,-10.411913219324862,-0.0008252317963951,3.179102583207246
WH5uk,13.817796077609598,-0.3640289390596863,0.9980784831118332,26.95326103153969
6CsVS,12.314610334570332,-0.1105380909309934,2.002329163251897,53.90652206307938
gjjGf,-9.17635006854052,-5.796542615339919,2.9944787562284088,84.03888567782631
LNfQW,0.3614531160802228,-5.06525722254356,3.0073618549003824,84.03888567782631
pXghw,-0.7918779014985358,-3.1530958813753323,1.997282104619952,57.08562464628662
zjkok,-5.272455963531534,-7.934572581951003,0.9999721387228538,30.132363614746943
Rri53,12.819958786727204,2.5824738850070137,2.0005151569862973,53.90652206307938
yWS9B,-11.43716652128496,3.4713221276880724,1.9979830749443592,57.08562464628662
NFiSF,-4.171235407980891,-5.226666775215183,2.998635817235648,84.03888567782631
UisSb,12.056815040934367,-5.2580928118287495,1.003517001858135,26.95326103153969
Q1a43,5.700328753519652,2.7910700665528445,4.992445913892974,134.76630515769844
9MDHj,-7.255260905242461,-14.465362097503384,0.0024155898946922,3.179102583207246
9ayd5,-14.228598757296306,-3.848166000236516,3.9990113251199686,110.992146709366
9GnAe,-3.934939722093972,-5.319809912590909,1.9979008574043409,57.08562464628662
IHQOM,-7.587803923774335,-10.599931589935382,4.987885669156147,137.94540774090564
EOcEV,-0.6271098534231365,-6.190777799575369,2.9992602918851787,84.03888567782631
8wmAP,6.6066691291205615,-3.1747238427224285,3.0037412909805385,80.85978309461906
xBZVI,14.505235249513008,3.5241251492234267,2.0010451031530425,53.90652206307938
qysqj,-11.979861546862567,-10.997717284851262,-0.0099698411515542,3.179102583207246
xr5uY,2.5291246747533886,-3.3434219202183946,3.995277188059261,107.81304412615876
kCqLv,-6.617967616199104,-7.621705042784887,3.9977477316730208,110.992146709366
qdLDr,8.854456589116976,-11.56091939986328,4.005616157398069,107.81304412615876
4TKP2,10.999937148380344,-7.055441555296197,0.0025546506487309,0.0
iF3FS,15.160524717285751,-7.033207871603695,3.003352552201973,80.85978309461906
2URSu,10.300896633309453,1.7417221536335568,0.0002797902516027,0.0
xEGNi,7.281357107758392,1.4522983571157928,1.999823292280044,53.90652206307938
BI0Xx,9.711318297387832,-4.078992677130708,-0.0013706035168274,0.0
zaJQT,-3.118645094962668,-7.074123646768437,3.988952020334641,110.992146709366
7I20O,6.706813717838508,-8.00473198596028,2.003480564763972,53.90652206307938
NMRAg,-3.9044028369605215,-6.793630380969826,1.998954206220641,57.08562464628662
pWeki,-3.81327739177887,-7.217023267196076,0.009765498962802,3.179102583207246
RmK9z,-0.9693758960407912,0.1712249022870238,0.0033629949477134,0.0
UaKj1,-1.2001405090381692,5.1435217571119205,-0.0034624811008609,3.179102583207246
RlXRp,-6.804912921829418,-9.874864625915649,3.9957616346925553,110.992146709366
JuZmd,13.5474579673099,-4.286446995176279,5.002576632546744,134.76630515769844
P9uFg,4.0309512699338415,1.4145658998105797,1.9957184451911647,53.90652206307938
yx9dD,-7.056978465327616,-0.2016856418403163,0.006946052562117,3.179102583207246
YYNNX,9.634805408728171,-5.607478443897642,4.006858004818293,107.81304412615876
SeZZ5,-5.589003897658987,-1.8430518161037712,1.0085813807503878,30.132363614746943
Wn2kd,-7.359894023397894,-7.507229429688105,4.01568452226166,110.992146709366
1Doae,1.0625191473708329,-3.122276662188296,3.994228176160021,107.81304412615876
ilzVQ,-5.668722318624988,-2.7633115861938675,2.995564701851241,84.03888567782631
cCPC4,8.462145950823723,-3.5899232371776795,-0.0004704934142405,0.0
y5nxi,1.7675776156322467,-4.295641323736823,3.0022040437011888,80.85978309461906
HZ9AB,-2.7627690835071754,-15.25479760614378,2.9905689635856496,84.03888567782631
IQfgQ,-0.8477106612978621,-3.3710548770174737,4.000473626594525,107.81304412615876
f5g24,3.333680878992004,0.7237541538287546,-0.0006779965160524,0.0
9lwL2,11.0179434097572,-6.858449542087801,1.000705795158275,26.95326103153969
SKXgO,-13.285867372007171,-3.3438139324998986,0.0064528343247316,3.179102583207246
G4qrs,19.582986573688,-7.672920841184712,4.005401879373491,107.81304412615876
Hdo1K,13.348182473719053,-8.995768198368449,4.993898983917365,134.76630515769844
WRE90,-12.149244183441196,-3.0168673301838687,2.997940491249948,84.03888567782631
BaSVp,7.341791175778947,-5.864428915335082,0.0021272747141936,0.0
DlTzh,-13.088698922306229,-6.120805103641082,2.003969161634338,57.08562464628662
3SRAM,2.7249221007332123,2.356112996006789,0.9965557241534846,26.95326103153969
wr1we,7.716636507093472,-5.280677788277918,1.0022510573528027,26.95326103153969
mWVBC,-5.875710613189485,-2.8010225524707986,0.0023885011927103,3.179102583207246
QOrRt,8.53829989276372,-3.671043822879217,2.0078799153786178,53.90652206307938
lC6oU,8.83485530181999,-4.426542155355013,5.000114148989823,134.76630515769844
eX53x,-3.514239365026808,-5.286941752188971,2.004403180458112,57.08562464628662
3XVoE,-9.06657607323492,-8.623330049559426,3.9977915314984935,110.992146709366
XfNcS,12.247315533452689,-3.016462825895955,-0.0049167212222055,0.0
qsVhJ,-15.282728472523624,-3.6388887948629,2.9958707048363915,84.03888567782631
ZO48q,4.169367731307754,0.5741629281290654,3.0000153475368965,80.85978309461906
Iu8Ij,0.2469204324030496,9.627400538318016,5.001863986962924,134.76630515769844
DM7PQ,11.751959710277369,-4.639581665773955,1.0048712520823562,26.95326103153969
lioUH,-4.571561779899407,-8.459731584650282,-0.0038936074225714,3.179102583207246
ggxtd,6.738899664952417,-1.7958111339791123,4.011514988336823,107.81304412615876
2DxsX,-8.747819003685187,-3.939525710820871,4.001553639424164,110.992146709366
2dBLV,6.397867687719028,-5.947768327431594,3.99545360202661,107.81304412615876
03RAo,-0.5799117772677027,3.0314858961374966,5.003190088432594,137.94540774090564
XMHOp,-2.4312776436791923,-0.6963358336708811,4.995987979123246,137.94540774090564
udzS0,-1.52884567007587,-5.126997135734137,2.9975772372247165,84.03888567782631
nKxqi,-12.305556935535789,-13.510982748920789,-0.0003545922420488,3.179102583207246
zz7rV,16.241058916646487,3.830802924649835,1.9898693594617305,53.90652206307938
pEa7K,-3.144468184040792,-7.199945197231831,1.991541670334728,57.08562464628662
TVbar,-6.483294832255758,-1.881731416285203,2.002155303055237,57.08562464628662
F21Xw,9.307252454337249,-8.198368232983633,1.9911167294082663,53.90652206307938
KIgZK,-5.045794076954909,-7.749906644629425,4.997148703223876,137.94540774090564
y0bL9,-9.712577107192734,-6.6064691919722005,4.996144727398598,137.94540774090564
kijEC,-8.843887984131834,-6.603247215532567,4.00314775283772,110.992146709366
ql2Fw,-0.1541396357579092,-7.693452753311916,3.0013409466178995,84.03888567782631
XXJqS,-3.2729857383159286,0.0265664342175373,4.000602570799462,110.992146709366
q5t2G,10.169761685386169,3.2751701845887298,3.998983659265855,107.81304412615876
R760e,-5.709150390695897,-13.035942642751458,0.0069428819856426,3.179102583207246
Dugjx,4.579655681030473,-7.4654678280949724,0.9928287706241188,26.95326103153969
H5Rb6,20.02006624841021,2.6871546582675823,3.00004528565518,80.85978309461906
OmxsE,-1.4760384000937208,-1.8581371866171728,3.998301307973557,110.992146709366
KlltU,9.637590098402324,-5.912649787715907,0.0036580600951285,0.0
06mG4,0.0795139624982654,-14.812926788179322,4.997415498697981,137.94540774090564
xbsZM,6.1041565454602,-2.401880027550701,0.9978115811469862,30.132363614746943
VzL34,-4.232882277766226,-4.2518194307862345,1.998137711051969,53.90652206307938
hiQ21,-9.755994614528722,-6.2782834063424255,0.998672864459212,30.132363614746943
zhKPv,4.526338713228956,-9.03281565084882,1.9959900181771848,53.90652206307938
EnRuV,-9.214167300799748,-7.417149762585431,2.0116252777250274,57.08562464628662
ru9Uv,8.67358600790784,-9.887881217973296,2.9997525210184595,80.85978309461906
IJL2D,-18.19660141387464,-4.879156816761785,0.995388683232712,30.132363614746943
KojnI,-3.9344526238078337,-5.520992261126144,0.9902916994002274,30.132363614746943
OKuub,18.34441222927868,-10.75967876860464,2.002135531223361,53.90652206307938
TIOvN,2.13425750472165,-6.2473779807659415,2.0026619230606792,53.90652206307938
hceg1,9.87203301682236,-1.00580135457017,1.99934371199122,53.90652206307938
YqxF9,-12.18054608790706,-11.612444244017036,3.996252050005461,110.992146709366
m8IWE,-3.938151834940333,-5.0472805306116015,4.001938542677983,110.992146709366
qyOxI,13.345724858206149,1.6235819510889336,1.0083834337295663,26.95326103153969
ntFt8,6.398210777986047,-6.933949014897343,1.9986472294200373,53.90652206307938
q9YZv,-5.917841394561711,-9.778637722117494,4.003153104273402,110.992146709366
qOOG4,9.37375491445855,-5.570844247523521,0.0009554793024688,0.0
BaV3e,-5.569138987379863,-8.818038101847637,4.001591558906155,110.992146709366
jmfSe,13.40720068911294,7.720140279857339,0.0041751652802177,0.0
HRDIE,-3.0535675678479017,-7.075926903724839,2.998842971288036,84.03888567782631
RfUc6,1.4377754062538033,-4.927781618860122,2.0038690969493724,57.08562464628662
qis1q,2.804808606296807,-4.503832094047596,4.996908937548071,134.76630515769844
sRjQx,9.258350440385689,-8.097136760505952,0.0100303073835856,0.0
LfvQH,8.933918010423252,-4.337157406650961,2.0050993834764346,53.90652206307938
yV05v,-5.808447837733429,4.3625872131823,1.000461944261544,30.132363614746943
kcOvh,12.75945048692503,-14.32552211335468,0.9948255740161696,26.95326103153969
gMKbP,-5.294192989632714,-4.53305931600446,5.0047595932192666,137.94540774090564
LkEzc,6.859928502282067,4.618159779086362,0.0001364035167047,3.179102583207246
HJ5wz,-2.8682138770369963,-6.394844023878293,2.998644014099583,84.03888567782631
51Bv0,-14.120543504635876,-1.1447792605586071,4.0078659824945895,110.992146709366
bUTMI,-9.251012508471693,-13.991124672344704,1.9989142865115983,57.08562464628662
XPTwZ,0.1450194749705096,-6.2718521048137,0.9994128714245656,30.132363614746943
ZnbW9,3.10865398464429,-5.080968709643818,4.999546590727066,134.76630515769844
POngP,3.547387847448896,-11.033409177842207,1.007418860155892,26.95326103153969
xZXpv,5.749808798397512,-8.848308013353577,0.0053055503737098,0.0
j2KzA,1.5552029304919053,1.5823636473241507,2.0037480988019767,53.90652206307938
Inix7,-3.733355544684761,-3.8368834850263096,1.995976527448699,57.08562464628662
E2wQg,13.48728527586517,-1.132720055888592,2.0025097127413414,53.90652206307938
rBE9H,-6.256131992891954,-0.9102138360110068,1.99866580288132,57.08562464628662
e91pX,-0.0332850841426246,7.880220428935944,1.998861217222353,57.08562464628662
B8AcL,11.299461464282071,10.644917527250264,-0.0105323788302436,0.0
ywgUa,6.511548557393009,-5.947277339992026,5.001045697918151,137.94540774090564
a6qUG,-6.860159137932754,-4.562787342199828,0.0004437567167191,3.179102583207246
DbrRh,-10.233234257169102,-10.05484612712349,3.999301134742845,110.992146709366
oGjZr,0.8380205280368145,-6.602683060041556,3.003618644678711,84.03888567782631
avQ8Z,6.355363422666361,-5.886002201894449,3.011098935596196,80.85978309461906
BZYw9,-4.336957961782887,-1.4308487807934025,3.003655119359244,84.03888567782631
WKnGT,-15.556244856811553,2.741552549484694,1.0013047110470692,30.132363614746943
sjvnz,7.972585863412607,-1.561716358050215,4.999474581559572,134.76630515769844
oENJb,-6.719795413684888,-4.662468530930601,3.9979931711483214,110.992146709366
acxBw,16.051456417803696,-4.868114035876526,0.9999262212297336,26.95326103153969
2ZkF1,-11.399184166612288,-5.912229050544276,3.0075099872945987,84.03888567782631
vYlop,0.2307081866770381,-5.859156239884522,2.0049086698648737,53.90652206307938
6OiWE,-9.092372614011955,0.8898980939302703,2.0082626376534534,57.08562464628662
2tt8Z,-10.952717347193108,-3.349673682346915,0.9909967090125262,30.132363614746943
qnlTJ,6.080769979698972,-11.39536852956465,3.9985773715743647,107.81304412615876
lbtOW,-9.894793368925674,-9.366281400606244,5.0034915495952825,137.94540774090564
Xxbx5,-6.511061815361848,1.30954710899581,1.9930149335802712,57.08562464628662
lBgUe,4.901943470839655,-1.7351161174480318,2.0085556749089784,53.90652206307938
t59Fh,4.058180134919393,-5.681081097533068,1.0050048557554547,26.95326103153969
51V0t,2.4134459627739764,-2.944308734206643,0.002864795942772,3.179102583207246
tB4GZ,1.8552802796151164,0.5889193877352632,2.0050025829774274,57.08562464628662
TI5lT,0.4925490091511167,-7.910101034406943,5.002512108124847,137.94540774090564
IuV9k,7.186750832791993,-2.6794851287920203,2.003343380520377,53.90652206307938
Fjd0r,-2.0142021777010406,-7.816842265507027,0.9920936053461936,30.132363614746943
okb8K,-3.9525238274508783,-13.424793687695384,2.002846747932479,57.08562464628662
C17yk,-7.687508443103608,-2.281368107231372,3.9911300976655824,110.992146709366
DWAOk,1.6582084449440488,-10.36895256609177,-0.0010700749880627,0.0
FXKVI,7.247503385414733,-6.8036081972379705,2.0029305203971868,53.90652206307938
08v85,11.19745942967404,-8.866013551942839,0.0047750261238608,0.0
0RIs3,-15.771568664720377,-2.8536210677493594,4.99519533855987,137.94540774090564
nnqma,7.14773103613159,2.2846764119628262,0.0038896947789551,0.0
r3nEa,9.683542443298656,0.2063103265454207,4.993862719274512,134.76630515769844
D2rJ0,-3.833595054491254,-2.8441761053733394,4.998415601307702,137.94540774090564
wPVaI,5.5825816764763365,-4.931578591712178,4.994188399127001,134.76630515769844
WPvIH,-5.660107558188955,-16.694927004703786,0.9961694092713372,30.132363614746943
2umX0,-11.045049916144874,-5.435250496113428,4.00784204273699,110.992146709366
z9Rlh,9.4006398365581,4.253776878422445,3.990823383968872,107.81304412615876
C3yey,6.967384386425416,-14.123761276090242,0.9979565158095396,26.95326103153969
N76wh,10.095490103133944,-1.3630669042879715,2.008647976633174,53.90652206307938
Nxz2k,4.933231326768152,-5.882178558123847,3.999630338459233,107.81304412615876
RJosn,-12.18776637771552,-0.9538420726888726,1.000701297860872,30.132363614746943
Rl5Q0,-2.347103963374934,-0.7274693817203728,1.0021740871677267,30.132363614746943
f7B6u,9.47505889371052,-3.8151406560543086,-0.0010820557273056,0.0
ccw3h,-0.568944550322283,-10.683739077664946,1.001384425599751,30.132363614746943
kpQKh,-9.371939367752724,-3.280846029529936,4.999573091065947,137.94540774090564
nbHwt,6.131321487537756,-5.00289382842455,3.9999260547597104,107.81304412615876
JG62Y,-7.039048691896363,-11.405590416517146,0.0011862645404985,3.179102583207246
oiYxL,-7.848363129806915,-6.34146842201288,5.006739469203075,137.94540774090564
9ds4z,0.5763892327281317,-6.716859060958925,1.0012654413307345,30.132363614746943
m6Lpz,-6.926993018086201,-15.126728274192804,-0.001974293541488,3.179102583207246
vSDzY,-7.805823412449424,-11.411471829984691,0.99732073027058,30.132363614746943
4KT4U,7.300860550048027,-3.6519836387825935,2.000029640340496,53.90652206307938
qpcAV,-2.8134430691040224,-2.562850985529788,0.999222798289502,30.132363614746943
FV9Ur,20.52623008999614,0.9852938802910494,3.0014395585455955,80.85978309461906
wdZ6T,-10.827639588107449,-5.57554960367314,4.009611434954714,110.992146709366
CYHnN,5.095998853898738,-8.24315624315522,-0.0048897146338944,0.0
Qpkot,7.44514664615301,-8.390251636669676,2.997813815556613,80.85978309461906
4erc1,15.6157703979362,-1.0921319807996204,2.9984728016880067,80.85978309461906
gF5pY,-2.776665098440008,-11.519156373650286,-0.0050133519973872,3.179102583207246
a53tI,-12.335722879088571,-16.807928525954495,2.999448714231704,84.03888567782631
GHVoK,4.037853116236654,-8.480421928123402,0.9977626194907908,26.95326103153969
bUr4X,10.269551814776072,-7.4170209806710545,0.9985347084752416,26.95326103153969
Dsjf1,-9.866766781126287,-2.079917333752692,2.002699115792533,57.08562464628662
iOrGV,5.623586980863342,-6.311749756942482,-0.0059386043720446,0.0
Ge4PR,-6.983558780538663,-11.569307261997016,2.008492404860301,57.08562464628662
Tf60X,5.2638851925058345,0.7254327736756156,2.0098734902860405,53.90652206307938
7corR,7.003820774681528,-2.612303978105647,4.002320129264518,107.81304412615876
Z0qqQ,-1.4617104615432073,-14.7876312762284,3.998026964174321,110.992146709366
hXtQe,5.306408063754882,1.1880155144254756,3.0048131402811147,80.85978309461906
acUfq,4.166842410553045,2.2636407795926674,3.994873396242208,107.81304412615876
ssVbw,-3.083810092020652,-10.053540945710196,5.005774323851734,137.94540774090564
x6xE8,-5.379853871608272,-12.643635103345812,3.9988495810742912,110.992146709366
ayDu4,4.952309876255769,3.840517835076568,3.9982125953462897,107.81304412615876
P9FmJ,0.7164852067037506,-1.3705133402007603,4.992784905633141,134.76630515769844
JW7iz,-7.205056382724522,-10.32232317913628,1.9966111681768888,57.08562464628662
nxqdd,3.7361806684661065,1.853365115440936,2.9963670173283843,80.85978309461906
COsPq,7.103053609562153,-9.132239817522294,3.001084082459709,80.85978309461906
3RLWD,-5.923435250177112,-10.98908222310958,5.00795441185906,137.94540774090564
RDALV,-3.3399643215197163,-4.2827688643017074,0.995267428638904,30.132363614746943
eO3Yd,-4.532493081062522,-5.298010186226142,2.9901662579604023,84.03888567782631
pSDWG,-0.683122189147813,-5.867548600581473,-0.0053730074492168,0.0
50drU,-6.695586210031403,4.698209160145757,3.005783044953223,84.03888567782631
bETPP,18.25851158899333,1.2883234760277436,8.418534033897027e-05,0.0
DZHRK,-4.0969241470200535,-6.6334919305868665,2.9999865299423365,84.03888567782631
zEJTO,3.0694237460443823,-0.2925151789592481,4.000803435844326,107.81304412615876
PduN1,-8.974223606347653,-4.240753692082868,4.002245699256074,110.992146709366
Ds8zr,9.979262955582175,-4.1379013506977085,4.99978688125467,134.76630515769844
tpxsA,-2.629822642305905,-8.001868278263789,2.9986484564535254,80.85978309461906
91p2v,7.807818970114804,6.244605022881093,1.99549585881962,53.90652206307938
XXYiJ,-8.224412088854502,-4.475330051642649,1.9917098045876231,57.08562464628662
fVpZd,1.7458080829232252,5.1464689129665215,1.995467601020472,57.08562464628662
5Ry9D,-12.293250432830114,-9.10535774641582,1.0058038513951266,30.132363614746943
cSfar,8.997542256168334,-14.99887552337066,1.0055255591053305,26.95326103153969
9248J,8.529668125749986,0.5392965200060154,5.004829857770567,134.76630515769844
FrJbQ,-12.670112290239082,4.240905021792448,4.001810006231191,110.992146709366
hKR4L,11.967221771286669,-0.8288478640415802,4.989413901947446,134.76630515769844
jHFLm,6.656206644994812,-2.7966377366339423,2.993799585178652,80.85978309461906
XsKkH,-3.6027168268373417,-5.694717348856806,2.9956925621180828,84.03888567782631
Od26X,3.431643626185034,0.3750371806954593,3.995542739624561,107.81304412615876
QS6T0,17.452642966694693,-0.8873864222481127,3.99269769184778,107.81304412615876
pdABa,-3.4450626759751217,-4.188411554646675,2.001519891472412,57.08562464628662
3sibg,-5.030045793047918,-14.815149436834568,4.991402984111882,137.94540774090564
vWAhq,6.035193959589616,-9.435939934741686,4.001897240565339,107.81304412615876
H3v3h,-3.9702443769056512,2.9216763076856367,3.006290778330244,84.03888567782631
KnqJi,11.248716140971933,-3.9766060905764,0.011657017231146,0.0
MDX3n,-8.163208975263329,-10.479218411862323,2.9961555032796965,84.03888567782631
wzoYK,-11.432027126700868,-6.593595898804482,0.99424894299783,30.132363614746943
ql7xQ,4.0178171767841535,-4.586126391388124,5.000169334984531,134.76630515769844
d1kZU,-0.2169249663188006,-3.1960066958868127,0.9926875408726372,30.132363614746943
TXpI8,8.240174639814269,6.052371074163862,4.993828942782991,134.76630515769844
rnYJL,-6.0660093583942745,-0.0141808003573897,3.997427762919724,110.992146709366
iLosN,14.036024190746872,-11.72349556994778,1.0003411745514483,26.95326103153969
EBm2F,14.04450003735754,-8.693673036743236,3.9993993883454193,107.81304412615876
bw6B4,-12.259763494195711,4.386268742326831,3.007857511784412,84.03888567782631
Kp0Ky,-3.012316952315955,1.2515319426685725,5.0007843785453145,137.94540774090564
FNcIV,9.461941397689772,-6.796937472843528,-0.0002044850733507,0.0
6Iy20,-1.3396098960684863,-1.5980607115731678,1.9858146499928715,57.08562464628662
yILSX,-16.98884398695091,-1.7236670211339131,-0.0042441951914228,3.179102583207246
9Bggf,-14.540946432013538,-1.591134355189218,2.0160967500360325,57.08562464628662
9lHVZ,13.704404278747006,-0.8618434649096907,3.004517008852018,80.85978309461906
2dA3S,11.832762754499338,4.021020744848584,0.0070319357470016,0.0
vPUik,-1.6021999676762153,-8.599437873327878,4.995314556245114,137.94540774090564
N8E7o,8.174250922851222,-6.548914297258659,2.998808316823688,80.85978309461906
PJRdo,-4.022002049771213,-8.534409983437804,-0.0065204503745977,3.179102583207246
JU5zX,-7.628172031440709,-5.55587835050218,3.998704871962018,110.992146709366
qNAHf,-6.307239900456778,-6.20624912896917,4.001036441634772,110.992146709366
YELcj,-4.1871491096049045,-3.9213694474948992,1.9929289578042213,57.08562464628662
jYYg5,4.565036275347532,-11.357124478461106,4.999678438796597,134.76630515769844
vZQ0c,1.1877695736974028,-2.507573290496244,0.9968904625701748,30.132363614746943
n6BYq,-6.647093739902275,-5.004153506275553,2.9992961396152,84.03888567782631
Re3V4,-3.5698811474001184,-4.742855185665887,-0.001004881781021,3.179102583207246
gWSa9,14.059831223403522,-1.4242887472962122,4.0066298276962735,107.81304412615876
2U5L3,-6.5378135085295055,-12.228206615419236,5.006832101139987,137.94540774090564
TEgBG,-11.47353526943332,-6.355091422910153,4.006261521289696,110.992146709366
3Bnci,-8.090786754690175,-10.755959151432364,4.002090970939951,110.992146709366
hzJ8i,-14.307097352788857,-2.37770383941584,2.998607796732291,84.03888567782631
132mP,5.106459231638231,-0.0331285515601011,0.001709510069144,0.0
uWszj,-6.769918951001,-2.793604132083143,0.9872980144597444,30.132363614746943
IOJ7c,-4.337964341633036,-8.468471343735674,1.9963154784393489,53.90652206307938
ypzFJ,-15.365470868006264,-13.644346303048165,5.004745275477785,137.94540774090564
68ftp,12.07551911777914,3.017020478466983,2.999405913759846,80.85978309461906
JXNIQ,-5.473036533838599,-6.204312962991954,4.98851716662134,137.94540774090564
4YC1T,-7.960136801604526,-6.478150342971379,4.9913922108359685,137.94540774090564
cBaci,-7.058237473200627,3.488721080490389,0.0010677745874664,3.179102583207246
11Gdb,4.422037166597157,-17.636187365580994,0.9981740538581804,26.95326103153969
8VocH,0.1387864975952579,-10.888483311576037,4.998379964341451,137.94540774090564
Nsos9,10.23328799976767,-1.9441198199177865,5.003260452352651,134.76630515769844
KHny2,-4.952152456485019,-2.4316394817731144,3.0030125960235146,84.03888567782631
G6LHR,-5.641044058549332,-3.3202859741916844,3.9889261186838567,110.992146709366
o1JDM,1.8679590448205428,-5.215463504661267,1.995661060038396,53.90652206307938
Ug6HI,-18.219526577728917,-2.7768850085565964,1.0012785144785632,30.132363614746943
x4WgR,0.9947591596941096,-1.4737711427431912,-0.0020072274261752,0.0
CRcHr,12.165013342052893,-6.592448584918366,3.002377355479635,80.85978309461906
Kdbr7,-11.152859888477623,-5.494540437996646,0.0104474464534228,3.179102583207246
xjwDu,-9.262045838884593,1.838974632231027,0.9919886079934336,30.132363614746943
O7Sqa,17.788455491039684,5.637828373684754,5.004227229902168,134.76630515769844
TJxeZ,13.489872518525267,-8.226710552248427,2.0022184236308127,53.90652206307938
Kgq2R,-5.9380871807425,-0.2445587999838494,2.008329318418091,57.08562464628662
5EqJC,-6.311980631691147,-5.909457028013136,3.004643166460433,84.03888567782631
3UIxD,12.948156167317777,0.4100564653154031,0.9915525197713724,26.95326103153969
JyLgQ,4.899405170022368,-3.9622433857306794,2.9956238808020994,80.85978309461906
oTYdo,-6.33892862295125,-6.313368397804599,4.995802222762056,137.94540774090564
k5IE1,-6.1404993955421565,-6.716640534821768,-0.0070008453021398,3.179102583207246
c2n4t,-17.72051445911495,-9.28060233347599,0.9949085093553072,30.132363614746943
jU2FE,7.81688477282945,-9.936895221877982,1.0040142593351904,26.95326103153969
rxOLd,-4.4903656807427454,-5.745521336449253,4.00288714807779,110.992146709366
Idjzn,4.89876584351932,-6.53300324378303,1.00428011501621,26.95326103153969
2dao3,-9.113894470519122,-4.951247343449412,1.9999607982025305,57.08562464628662
KPOwn,19.038145392102425,-6.5718219671909415,0.9922194323231888,26.95326103153969
kaON8,9.265226688766424,-6.95948078588224,5.000156593590414,134.76630515769844
r2taw,15.745105550173651,-5.8710752528379535,1.0001800525094424,26.95326103153969
1GEza,9.25839921225243,0.2627075899943754,0.0026350075691802,0.0
1dvkD,4.191772624769431,-5.89672215925988,2.9999068466097545,80.85978309461906
Z670e,-11.487758948044164,-9.832016464850998,1.0014463714694033,30.132363614746943
dRAMT,-19.01545340489568,-13.129387762645266,5.0038744618155615,137.94540774090564
Qr1Og,1.159317249115479,-4.205687907233075,5.000773994678807,137.94540774090564
QtHIb,9.84236343667299,-7.907079689389957,-0.0020257960342892,0.0
tqoSK,5.761949619522799,-0.8336805741976749,1.9963992796886965,53.90652206307938
5l2iO,-7.209131302731137,-7.2668175301676605,5.00229944801572,137.94540774090564
cujGb,13.142016621733156,-9.716298357493969,0.9990996415910268,26.95326103153969
FVMVb,-5.795445445688362,-4.157887217349085,2.9971696934916285,84.03888567782631
wjswJ,9.348162593849857,-10.684091793024637,3.992282513395049,107.81304412615876
cgOh2,-13.396301317999418,-1.9653460540401133,2.004863956733919,57.08562464628662
MuMFu,11.295268443929563,-3.442663989404002,2.005442138997507,53.90652206307938
QOuXS,14.516909180863086,0.2076176432759298,0.0075497488489147,0.0
mgZRC,-1.3503584202924044,2.6293804726894834,4.988751373801042,137.94540774090564
ieRlQ,-8.366245604863883,-6.176744945969306,-0.0010464494776277,3.179102583207246
Dn0eb,13.081612738870133,-13.37323251392266,3.00572565885068,80.85978309461906
xDjYU,-4.3727030395945485,-7.61612981548207,5.000959273773304,137.94540774090564
hDYS5,6.931766307983357,-1.6570475586621365,5.001425020422212,134.76630515769844
bfRoa,-0.3332016041321308,-4.825122969918571,1.0002813907499322,30.132363614746943
p7y2S,2.4665513182337824,0.2165240782542978,2.984714013622964,80.85978309461906
wboQA,-1.274948657179526,-3.7381859097657895,2.996567018435274,84.03888567782631
x4tny,7.598045243705636,-3.2690277606341334,1.003628473622293,26.95326103153969
cVXIp,-14.428949337929703,-6.776030079072801,3.9961804043986775,110.992146709366
4W9t3,-7.631333219949231,-7.351784007334039,0.0013664761329601,3.179102583207246
V6EIn,3.438286752954057,9.594690464810402,3.0028738358141185,80.85978309461906
nqgEH,13.758844771362558,-3.634731901500587,2.000694488001236,53.90652206307938
c13QQ,1.734291674985475,-6.8561001810947655,-0.0064822214719565,3.179102583207246
ywHwa,13.87365143738918,-9.011555554924854,2.000941184678487,53.90652206307938
6uQjb,10.15854922553208,-4.319216767904591,4.996357649946273,134.76630515769844
S7A7d,8.354727800367908,0.6065562630762988,2.003833237848898,53.90652206307938
xfZIA,-12.203307103107154,-8.894625933102835,2.004327427416185,57.08562464628662
Z9KvH,-4.310932525652069,-9.180228751655031,-0.0018025315749895,3.179102583207246
wQhtP,-3.677627626484768,-12.257099242241434,3.9956634203118,110.992146709366
a8nOT,-1.9179361279651024,-8.589915630588514,3.99909813501024,110.992146709366
4cvid,10.778297210273482,-8.390559114840375,2.005342493823036,53.90652206307938
mE3GE,2.2922370141684056,-2.0463767204517533,2.997990489878493,84.03888567782631
bGlxA,-12.227157787032809,-13.24672514804943,2.0056131385851343,57.08562464628662
7sSy0,6.488650699843079,-9.114633759352316,3.002516846001124,80.85978309461906
TrhRc,-15.643596369080145,-5.683452028509578,5.000906460720693,137.94540774090564
FUV9F,-11.599441290430065,-4.348085710551029,2.9935140959985955,84.03888567782631
BXGGx,-5.284766498596938,-10.602883910306868,2.999355885978088,84.03888567782631
2zLT6,4.731057508797972,-14.424518453131366,2.9861739354687264,80.85978309461906
1kWem,12.095448019371428,-6.436356508162446,0.0021524417186337,0.0
UKdqI,-1.2029937063499094,12.677055216777484,2.9957676320037074,80.85978309461906
fus8M,-9.715703277442277,-13.210739404234074,4.996448700493917,137.94540774090564
p4UJ5,1.6808180547563047,-10.427749712473435,5.002901790052476,134.76630515769844
YxgDo,19.76929962561493,-4.839982045539356,4.996638984411355,134.76630515769844
VW7kT,1.8069780188989293,2.0410194110242186,0.0015404765495242,0.0
tDaZg,0.7341474376768531,-7.688595029934008,2.993522743391692,80.85978309461906
MxVXi,16.757585883894105,-1.465624901110703,-0.0001616694625866,0.0
yeruT,6.735358843878789,-6.238947542961575,0.9974251004860446,26.95326103153969
mtjkL,-6.834594159518802,-9.086889250835648,0.9995096936296686,30.132363614746943
348pp,13.187409975442993,-3.2206560050673088,5.011543355162739,134.76630515769844
op9FN,10.234802688533136,-5.687368596294345,1.0016157001443593,26.95326103153969
WNt9K,-6.9224591796260135,-14.440370212979234,0.998200226712308,30.132363614746943
8FUmu,0.4990098523358881,-10.671706538097306,4.993737512306224,134.76630515769844
1Uu5X,6.609244747502928,-5.6736720561770255,1.9947152698339188,53.90652206307938
lSfFm,12.639810289221948,-6.805685038695412,2.9901488854328457,80.85978309461906
FTZdB,18.76252528484859,-4.914828870470814,5.000377417943002,134.76630515769844
T4ty8,-5.89535629585564,-7.18628419456538,2.9947142845631745,84.03888567782631
t32uR,6.088048279932312,-4.261489100685196,0.994156949416138,26.95326103153969
fzuns,-15.462104636843446,-13.412229653298054,0.9954559098244252,30.132363614746943
XbVU1,11.561194084285958,-0.6108903438975806,0.9946563077702832,26.95326103153969
CDIBX,-6.6831682590047325,-1.1595876522571364,1.0064038264508623,30.132363614746943
N4Bvl,2.238654919305102,2.418921052963153,4.001603519111379,110.992146709366
lSDw6,-10.686979432473258,-0.9730768960232918,0.007592262474683,3.179102583207246
lb198,-3.9657946171917273,-4.2014256331086335,1.0013242101510191,30.132363614746943
7Kgof,3.929123159000656,-11.462438428727648,-0.0030976469272926,0.0
tZW7o,15.989255910440184,-11.211230523569554,2.003201128606446,53.90652206307938
21pRd,1.722059889981904,-2.8456997495600023,3.0082002915942887,80.85978309461906
8wNo4,-13.354405165107648,-3.674610209976594,5.000189361612538,137.94540774090564
xbn0G,-10.035371111731996,2.9829124315199174,4.002570906073607,110.992146709366
FkxX3,-10.746310713477072,-10.23048649270888,4.003271451442826,110.992146709366
UtIIV,-12.331526295936598,1.2908148449059418,3.999340867075481,110.992146709366
TNXp5,-11.764288957868038,-4.254896068771043,4.0047640561621165,110.992146709366
ZvwLl,4.073246497284925,-6.2866974279854,0.9999158310106356,26.95326103153969
XUgad,4.94521013278328,-4.578967867872672,2.9871104699091324,84.03888567782631
kKQdw,10.285912401648597,-6.9705582771196815,0.9954020160493394,26.95326103153969
VLrrL,4.795455619138557,-4.880977670165829,0.0005077857264668,3.179102583207246
WOJrp,2.6067256107501136,-2.639200099273582,0.0013092070455632,0.0
ypFdS,16.25323777497102,-4.213086520457346,0.0098317652962917,0.0
c0RaP,0.6177343417900278,-1.6924309470535392,5.006422641119159,134.76630515769844
TP2cz,7.869715365844987,-8.874623391294824,-0.0005681391511511,0.0
aQqDa,0.3693419065369952,3.7894718886829977,4.001841585041266,107.81304412615876
VCL8Z,16.952670453737827,-0.0748055350722234,4.999460266194616,134.76630515769844
HBuB4,-13.348977220455136,-9.643408048005517,3.999566417131711,110.992146709366
lAvnU,-3.9116800718288336,-0.3421143790880379,1.995168337359298,57.08562464628662
gDOtu,9.112444665200831,-5.48031507285118,4.007614914225568,107.81304412615876
qBest,1.131788237049571,-1.3508676659756065,2.0003282466474976,53.90652206307938
oWXmI,10.095048645509554,4.356623804817194,0.9991612735500676,26.95326103153969
CkGaO,-9.776292529761443,-10.685023166223877,1.9989568108649995,57.08562464628662
dG1Ge,11.951327892945262,0.2710302995388867,4.000015510547915,107.81304412615876
bYHm9,-9.785560475422107,3.3387390648494666,4.0054727606148335,110.992146709366
vrlUj,-8.883771011490824,-5.145357104049936,-0.0055003332432434,3.179102583207246
Hx7SN,8.929701243703967,-8.621966217244598,0.0055022121771682,0.0
SypoZ,2.74580239924573,6.013524695575759,2.0047125257684617,53.90652206307938
5j2Y7,12.728693858062028,-1.5989358425329807,0.0048845058901573,0.0
oC29f,15.92927113492611,-3.135182851380004,-0.0096631790124572,0.0
Uvyrq,14.514407935099497,-8.78281195524416,0.999749332668494,26.95326103153969
DCrXh,2.677117821689308,2.5101830358495416,4.001959090149652,107.81304412615876
GRFlD,8.157202448020794,-0.6757860644380331,1.9979538100202467,53.90652206307938
hOohB,-6.280889270092174,-1.59381011806893,-0.0039547783842666,3.179102583207246
CvPL8,-8.447414885183527,-10.43239975892898,3.994083480184068,110.992146709366
JM42g,-8.412223636850621,-6.260380060967929,4.999591669326262,137.94540774090564
O4ly2,-4.467972021783663,-6.773796007759207,4.00257934216041,110.992146709366
xxAP4,-7.241811378527392,-4.270041715084877,1.9982785398628824,57.08562464628662
SmhC5,8.773220918619439,-6.440799305157339,0.0096723297395249,0.0
K1vC9,10.123754389737206,-8.073684612959003,2.0001576131586205,53.90652206307938
THdGU,-4.4004731466348375,-5.274524954190572,3.999093250953753,110.992146709366
LkfPf,6.36590491339887,-11.567692209748609,-0.0032596261889125,0.0
du9gg,-10.212070226773749,-3.4452610854060586,3.998160038556707,110.992146709366
koGSJ,10.08915883464298,-3.0929521199813927,1.004612501591361,26.95326103153969
vDEgo,-12.234354136898544,-10.712074207685076,3.994950363817362,110.992146709366
VS4gK,-10.88738931699544,-4.261747297216633,2.9994765521296887,84.03888567782631
Y51fc,6.242846980789564,-6.600387377914912,1.9938236615147136,53.90652206307938
qm2H8,-3.74601350872726,-0.5571031212889102,1.99678465869362,57.08562464628662
njbmD,18.640318332933763,-6.772918993954952,3.0052111351245494,80.85978309461906
XFwdz,8.77596894210225,1.555416406816704,4.995342461055553,134.76630515769844
d2XZp,-5.9560439149199125,6.512108315772054,3.0039824273493707,84.03888567782631
jAlBp,18.429696753451974,0.5098033632328445,1.0065583325220906,26.95326103153969
jWMkF,2.8630192653098323,-0.4818043540740602,2.999385375369489,80.85978309461906
X8MV5,-9.443227334383456,-3.897752604835252,3.001784849477698,84.03888567782631
ZM5QR,-8.113952718338528,0.2263926917878258,4.002738232693585,110.992146709366
abG2I,3.5361282195836097,-1.0554608746560872,1.005158693129019,26.95326103153969
ZXSlS,-14.835730112450651,5.282688195931543,5.003432390630543,137.94540774090564
PLCHs,3.449908467509413,-6.415499926054492,2.008155353191555,53.90652206307938
uPB4B,13.540397387128026,1.8097915343745128,5.000804022267738,134.76630515769844
kxH4L,-15.335341240142546,-0.0846500575745281,2.000039974724108,57.08562464628662
WnwxA,-4.841343103202481,-6.606647983135336,1.0051206747935653,30.132363614746943
kEdhW,2.290198568646168,-4.193641726295005,1.9979942982425003,53.90652206307938
4gI1B,11.434935690338774,-2.7023479273870405,3.996959528567293,107.81304412615876
uhC9Q,-5.138396619906203,-15.382630905024696,0.0007303217437098,3.179102583207246
TssTs,-8.877939575547568,-4.219457607846476,1.006238439055758,30.132363614746943
52hCS,7.530331953647419,-11.770585061179968,5.001601375769359,134.76630515769844
AwzOm,9.472782878352042,-6.587351410036487,3.0005317985022253,80.85978309461906
IjCC7,7.906615944079556,-2.676286258053964,0.9925548854689792,26.95326103153969
C7k4S,-9.69851342281485,-3.202645159569312,4.00150823761576,110.992146709366
JvyHu,11.705525532215368,-0.6762772878292154,0.0019695041119969,0.0
SHNK8,12.747068239762989,-0.2491338583282294,3.9941575065031456,107.81304412615876
QWSTx,5.391352142367736,4.3972244164972905,3.999742215196061,107.81304412615876
JGnkh,10.875052798392188,-7.269762408145718,3.003912602388845,80.85978309461906
SCpzS,-6.48417824389418,-8.18345141490991,3.9996476489375,110.992146709366
dwSsk,12.221860715211788,-12.244407639392936,1.0060549132721384,26.95326103153969
fsNEv,-4.76935268843776,-1.1984063814434265,0.0067304039268984,3.179102583207246
sDOjG,3.991817948864615,-1.6529783939444185,4.004972137472904,107.81304412615876
UDCC9,-7.221684465056901,-0.5172814952333749,0.0007022836482235,3.179102583207246
kxodO,-7.491653021703375,-0.7599991028210011,0.0051653929398046,3.179102583207246
0CwcW,19.445447202485195,-7.729156476115079,4.9979377409285615,134.76630515769844
KhTX4,8.862534648885779,3.6171484423399622,5.0048043895893,134.76630515769844
j9ROd,-15.105128515626356,-6.286286168380438,-0.0033571392421227,3.179102583207246
KVuZd,16.768750985762047,-11.51953457242412,0.007630050015672,0.0
eegnC,5.76378674796382,-3.64596438816601,4.002469008462283,107.81304412615876
1h3K4,-8.224604865336161,-5.561366809004724,5.000430486228393,137.94540774090564
pNt11,-3.705484993031359,0.2093711624963443,3.9966447731734913,110.992146709366
xOvuV,-0.4244437923861213,-2.5339840811623926,3.995456822586476,110.992146709366
HiL7y,0.1235771741630351,-2.626147401299193,1.0040529621819403,30.132363614746943
AWjqX,9.002650923039738,-6.682424902909018,5.000316573468616,134.76630515769844
ZdS9w,8.742043093316335,-9.67101607538643,0.9938333880789084,26.95326103153969
4FMh2,-0.4944665449525054,-4.49392069301041,3.998596348026759,110.992146709366
hcjxY,8.080468274587867,-0.0266625632223602,0.9967497417125348,26.95326103153969
abvqv,5.896502330687442,-10.859466929484377,3.998117022363733,107.81304412615876
TgRK3,-9.32955369496624,-6.1577700958060015,4.99469046398066,137.94540774090564
ircOu,26.535303621818517,-8.329140666189613,3.997522414161255,107.81304412615876
U69tt,19.974001502657423,-0.5399575743106921,0.9869123781830474,26.95326103153969
Nilqg,7.165380709727503,-5.170566928864616,2.0012164039003992,53.90652206307938
FMivc,-2.4901692335252927,-11.291070122885175,3.995851719663804,110.992146709366
6292P,7.089236176136082,-4.37713185050361,5.002364709449678,134.76630515769844
bRcOK,12.625201101327145,-8.886787189574324,1.9949235704790016,53.90652206307938
dT9ca,3.1916368459301667,-7.833055865665599,1.993665823165176,57.08562464628662
WlJ1i,12.542630266314466,-11.022710295845371,1.99998141644758,53.90652206307938
0T2r0,6.158184145902959,-3.1265423392482194,1.004986526229146,26.95326103153969
XTlG4,17.790140477593006,-9.05466795864638,3.9955424767781,107.81304412615876
nwI6A,-0.6976627577106145,-6.983055550866741,-0.0068042550036506,3.179102583207246
T1WBr,16.0340278046531,-15.974864372694263,2.996357561408983,80.85978309461906
8xgAs,10.450413098651277,-8.686320970637492,0.9977755996738736,26.95326103153969
H5tzE,-1.839092752034532,-7.26454142556007,3.9941166744657743,107.81304412615876
QJxK0,3.733326788445884,-10.139206244087656,4.999551365490071,137.94540774090564
XdZvv,0.5638426892221435,-4.776180022043565,3.0036478910265747,84.03888567782631
7aXHv,-4.97922318314892,2.824898383398777,4.000395617412228,110.992146709366
jMttU,-13.77115891059599,-0.8886058690262892,-0.0001278415594207,3.179102583207246
JrH23,-8.088754906854543,-4.673106269673047,4.008844935188097,110.992146709366
IocMf,-0.039811810957377,-1.1712253799936423,4.998507265832948,137.94540774090564
ex9DF,-4.525377020754295,-1.830356729193552,5.000394898771557,137.94540774090564
NUDmG,8.970445539068988,-14.233893347751264,1.993950679972576,53.90652206307938
6DQCK,-8.910127144426713,-9.096464735704943,1.0053799983690266,30.132363614746943
CRxA3,9.311700742634644,-7.481824013292527,0.0038871966502934,0.0
aNw6P,-12.636771894759992,-15.26090195437396,1.0018608062924728,30.132363614746943
S52p8,7.915335990422684,-6.925914796220356,5.000104939137564,134.76630515769844
TxD6k,13.58923410915552,0.7414266133258032,4.010405233835794,107.81304412615876
r7Zph,-12.445112035288544,-8.691355617717324,5.004172418438889,137.94540774090564
ms7ch,-12.347810571535494,-5.654464639887973,2.9935487667942136,84.03888567782631
s808u,-9.657916499017412,-8.748595533968441,2.0002767763942653,57.08562464628662
usDdX,5.582462907291196,-5.600706002563577,-0.0004018558459497,0.0
7uHUe,11.777049182059814,-5.334084044176686,2.0030331601208786,53.90652206307938
rC1yb,11.432937642813089,-9.542329443417234,1.9930786372978004,53.90652206307938
qrotz,-2.7063943906806127,-5.938646783098108,4.004612394041433,110.992146709366
aITfp,-10.511779611355015,-8.737051840862607,4.990334039087113,137.94540774090564
8MHvE,-6.512646740016859,1.4350892679230762,3.0034327597199417,84.03888567782631
SPtAW,-18.231991961287434,-2.920077893420061,1.0021191903505775,30.132363614746943
EUsco,17.480941313183422,-14.186569025625314,0.9940485583385869,26.95326103153969
E0KW5,-5.703758494305706,-4.7326861052477005,0.00845008587699,0.0
iR1PZ,8.965765421728433,-1.3704496659662009,3.007404867665477,80.85978309461906
qcIYl,-8.46642243879552,4.673764024749577,5.002970993290835,137.94540774090564
FPEet,-7.980744689292553,1.7817859482551528,3.9981905219343417,110.992146709366
n1lEf,-2.1893536289617828,-12.66837380996906,1.991997519866053,57.08562464628662
EmM9B,10.632859634867549,-6.290757976265104,0.0047305267734179,0.0
qQNhx,8.560117911052558,5.365082658113988,1.9965248542768392,53.90652206307938
8rrd3,5.420095572481633,-2.6768485205590933,1.0055411648859098,26.95326103153969
Vhl51,-11.015627922962093,-3.712531084537447,0.987740448844766,30.132363614746943
MOEL5,-3.376596366399311,0.11504329602307,5.008223984582225,137.94540774090564
jkUHa,4.578228904676684,-1.1755964772517444,3.0081125493666288,84.03888567782631
oYxHk,-6.543473318727703,-4.494800074826762,3.0083253853465663,84.03888567782631
6ohpU,-7.022321956348947,-13.068353759307485,2.9966149251514227,84.03888567782631
WuOWs,-4.7993067454771845,-10.013198143174336,3.999428863238044,110.992146709366
vepAR,12.417020221233964,-10.031758611625872,0.9936055914095228,26.95326103153969
ZBIQu,-0.9478675508511892,2.1554222050688496,1.004807613206576,26.95326103153969
FYWzw,13.88595090364539,-1.205191031909385,1.002515766556758,26.95326103153969
1zvJX,-0.7748056868772002,-8.74867971765892,2.002040811386951,57.08562464628662
JeSAu,-7.5669138392210815,-8.042020777127085,5.004501308234712,137.94540774090564
wMPdW,-8.169837171576471,-9.041999499436823,-0.0076232262756904,3.179102583207246
t9Zig,-8.305484419887504,2.715148845139069,1.9933250388209047,57.08562464628662
6SpIg,0.0031765128031855,-4.636110103242748,-0.0030829378998531,3.179102583207246
fYKSl,11.174014717214906,-0.0998103736719091,4.0049213877522005,107.81304412615876
Ugptw,5.538695031567731,-4.3008870374655,-0.0066613253584134,0.0
F2zDI,-11.866400617606509,-4.108874677312265,0.9948872494649248,30.132363614746943
1aXtk,3.41165935135146,-9.30329787133138,3.000438106310739,80.85978309461906
6Hfpa,4.572757939320517,0.3075047163751448,2.000117723359597,53.90652206307938
tBznQ,15.902574577774176,-14.422333387644215,1.0059759297232744,26.95326103153969
OVNtV,-4.0006802498472975,-4.7780875442896695,4.001238491711215,110.992146709366
2mWdx,4.526279160486468,-5.852729486311661,1.0097407764584811,26.95326103153969
8jLnC,10.941068455292749,-9.650931757750516,4.002319057195922,107.81304412615876
nrKiN,5.124546202665485,2.245366071941013,2.994884328184781,80.85978309461906
cRXAr,-0.2318752435538877,-6.427273103423202,0.9938589033575776,30.132363614746943
7PGs5,15.687860981069472,-5.212720299319919,4.013737269730306,107.81304412615876
g4m6R,12.715816661629136,-5.554159549751729,3.007117807945201,80.85978309461906
AfRmu,-15.036190250850437,-5.360372199406501,2.0039812568108584,57.08562464628662
2WNoP,11.480975841861309,-4.156816460863995,5.004479516034753,134.76630515769844
JwWY7,7.697983673736185,-9.015617379489033,3.0043404716939284,80.85978309461906
zdhz4,-14.815028413623208,-8.547637125106704,-0.0011333958044418,3.179102583207246
mQldD,6.415134324385513,-11.706017195552532,3.998140107501764,107.81304412615876
6aY36,11.16134167274555,3.2184245379494225,4.99759540372733,134.76630515769844
ylrkL,12.120075239011538,-2.1344830007938413,0.0016320882130445,0.0
9hbLY,-4.662356756890857,-9.603988388656871,4.000634623888321,110.992146709366
63sQN,4.838927075102177,-1.1531451672623927,3.0016798148431287,80.85978309461906
mfEUE,11.91877404036355,-14.698082712151528,2.002317239140692,53.90652206307938
oSfGQ,-9.979385419136042,-2.5758733705896346,4.995252695697892,137.94540774090564
xTd34,-8.215264008041482,0.9969112435333498,5.000250782560118,137.94540774090564
SNwoI,6.627607877881602,-2.9344509912681094,1.9977232884855003,53.90652206307938
9EL69,12.03974250252225,-2.2420087270879034,4.998843894599175,134.76630515769844
RmkCP,4.213647354431555,5.488416999984518,4.996835182277307,134.76630515769844
XyDV8,-5.023965076662717,0.1421436515493113,4.008830585900438,110.992146709366
4P1cA,-10.35108115536414,-1.1069953691613783,1.9985810975952023,57.08562464628662
DOtOC,4.743712491452881,-4.155363338148865,3.0024225681250005,80.85978309461906
1DkFh,3.1895339044894246,-1.1059838356777885,2.0051553147781416,53.90652206307938
La7LL,9.34604584301501,-8.396985372102233,0.9994113965485624,26.95326103153969
vBibP,12.313501003649268,-12.678386043061929,3.004902883262196,80.85978309461906
AKEUv,-5.604594951013548,-5.144131109840894,-0.0017688799218746,3.179102583207246
JqQvb,-7.09557976516442,-3.9592564457840047,4.992063123799271,137.94540774090564
lFGJX,-9.735674093008956,-5.699178634341054,5.001166432884579,137.94540774090564
ArT58,9.165313850387248,-8.142810804902123,4.010660185858106,107.81304412615876
dgBC8,0.9168095025632504,-0.2180675258761262,5.000261463891356,137.94540774090564
Wl7NJ,8.82475375749527,-6.724695673741215,0.0015327041320813,0.0
SpnBn,4.614820000762947,-5.328301195773307,3.0002483726788163,80.85978309461906
iSsob,-11.499930817974338,-4.291485831268455,1.9956483395080693,57.08562464628662
Hk0nZ,-6.879028342327563,-13.46467217780718,3.9897808483709674,110.992146709366
JVTPz,-3.379451680739601,-9.874006701945705,3.998895252138179,110.992146709366
F5L2U,7.0736843107882414,7.877495712486317,4.003066216711733,107.81304412615876
bDf1o,5.374961088260246,1.7416384929618982,-0.0024297950716958,0.0
VwazR,8.719167285586005,-6.385779182042979,-0.000784174914437,0.0
NHrKW,10.406241534010547,-1.4241607367780147,0.9920475237457992,26.95326103153969
jEmEV,-0.3815171411521545,-3.217919300380736,0.0032214167344507,3.179102583207246
Vktqf,-12.981849918817234,-2.9980667513952945,-0.0004182820726003,3.179102583207246
1f663,-4.735392129644074,-3.0276770855727486,0.99765636862573,30.132363614746943
Kwo3n,-8.616617263929323,-3.800786559190077,3.0104998615462164,84.03888567782631
dMcH0,14.338194305627914,5.247136169651504,1.9967745736777656,53.90652206307938
5A5W9,10.1452843765265,-3.9985584492314703,3.993447702993876,107.81304412615876
I9McB,4.090778101305407,-1.5353879660124772,-0.014222708169779,0.0
Comwx,10.595740413264547,-2.1209156767756467,-0.0029105744365898,0.0
kekdw,-1.1341306213021864,-4.377092504171244,0.9941292986952786,30.132363614746943
8RSn2,9.661375116600054,-1.7335056103215951,5.000867191577842,134.76630515769844
MfSlC,-1.313703918479832,-5.39942495164006,2.990291554181641,84.03888567782631
mvnQF,6.649890092647457,-9.714031052758024,3.9980461304786328,107.81304412615876
mxjwh,4.56230112219757,0.0611705191995555,2.001259258950215,53.90652206307938
uJrB2,13.415562879388096,-2.23567113471034,2.002564111310833,53.90652206307938
P5K03,11.931200262907977,2.4267025300754854,4.995081542708982,134.76630515769844
csY8q,-3.4976538437390734,-2.3837730173992773,1.0056998074668253,26.95326103153969
RjXzE,1.068490852882947,-1.6619035018371349,4.004560887966764,107.81304412615876
xth4c,-3.975838963267317,0.951191766616482,2.0015259303897555,57.08562464628662
mxxhY,12.634859774038386,-1.963008344251505,0.9976633458954088,26.95326103153969
LLOUx,9.059999810664486,-3.4454152396643734,4.994275514431377,134.76630515769844
qsItE,5.975841617493009,-2.083867396655349,0.9962618236583504,26.95326103153969
c5UL2,-11.441370398070209,7.147010810168856,0.9967802670630196,30.132363614746943
jgIJi,-0.4447654692649943,-1.9253014360968663,0.997003332995896,30.132363614746943
cPSG8,10.066458865172793,0.17308307454452,4.008713184365893,107.81304412615876
xh5Q2,7.2546915469969395,5.441794203431572,0.9998508791111296,26.95326103153969
7ON4p,-11.74245971009026,-10.734992686302231,1.996436546505968,57.08562464628662
37wOk,-5.067612077336388,-20.143054807358727,5.000957338625433,137.94540774090564
LFhbs,0.5859732645723605,-8.433431668901521,4.0018897730582434,110.992146709366
muXNS,-15.545992313936472,-3.2322259195995846,0.0057820525912322,3.179102583207246
C1gfl,-7.1892658349799525,-7.9094003133978275,3.9994517622524177,110.992146709366
0cCiQ,3.0976658602806504,3.561602515873416,0.9882170561520484,26.95326103153969
nb4Du,8.631666090915445,3.61000018672418,0.0030676237217537,0.0
rPo1v,-1.7533337063100154,-6.750498686885414,1.0043439905627856,30.132363614746943
OjAiv,-5.13398133078105,-2.816608727358799,3.9989942602357695,110.992146709366
QtzFL,15.727050272639818,-10.753434322578922,3.991719681394496,107.81304412615876
yhy0N,-5.313231997456762,-8.611525700768837,3.001859447839306,84.03888567782631
z6gwD,16.84130481673492,-3.188121518913388,1.0039610341053862,26.95326103153969
v8p7k,-7.690495868171201,-11.23654843294285,3.0027654215084048,84.03888567782631
pwv5L,-13.875831503079018,-5.048436588058572,3.999326247100864,110.992146709366
jFG8v,8.130464682766199,2.2600003070114,2.9996403822839737,80.85978309461906
y7zpC,-8.476080442992979,-1.8053807691600223,4.012429245686247,110.992146709366
jc6cV,-10.72404691820248,-5.0642367068983045,3.998149140328592,110.992146709366
DBc3Z,-7.755358501094875,2.431479860737386,2.9918716162222814,84.03888567782631
GwmsU,-4.046660526045423,-8.434131283801072,3.0005482267350607,84.03888567782631
EqPd6,-1.2390374220850973,-5.120213244017868,4.000574599525679,107.81304412615876
nZWQW,-6.613420956380173,-14.861031523396536,5.002401101780936,137.94540774090564
ZS4rZ,-6.0720303156713085,-2.876548788477317,4.997300168547731,137.94540774090564
y2HMG,-10.527738447370556,-3.3040082883012767,0.9924760646157764,30.132363614746943
rVcwS,1.3413310907470637,-8.99508469940511,2.001201195099641,53.90652206307938
wpMXj,5.65114389565353,-11.086333041174138,1.0047821012820508,26.95326103153969
iSPGc,-0.9624066786132336,-8.025994975227638,3.990204487835768,110.992146709366
T2kLb,13.91495470561385,-1.6972131931929986,0.008604757658602,0.0
8XQDA,10.387967406500572,-2.448345909282688,0.0034472039928645,0.0
hAHcb,-14.459218505503324,-5.713563642624601,3.990873841392444,110.992146709366
Cohtn,-7.699215011178754,-18.342370332717486,5.001226535529352,137.94540774090564
QHcZC,-7.221806908041454,6.363143039470428,-0.0077411948456987,0.0
ZTqjP,-1.002570110858268,-18.284688636409246,5.003082585144057,137.94540774090564
Og8a3,18.834514248419627,-3.0258600660682724,-0.0079091417077013,0.0
6BmUK,13.791741373501193,1.941253816877272,5.00598000513874,134.76630515769844
VJm4U,-1.3178348968786011,-9.842119133591964,3.0040582318030142,80.85978309461906
4l4Z9,13.646880565052369,-3.414125356070592,3.992311124009064,107.81304412615876
yHfHj,-7.342660282974928,-10.131411804536455,1.991029835377075,57.08562464628662
ZvSoA,7.466228688498081,-8.566300308017171,3.995026657197656,107.81304412615876
9yubW,16.345936411071037,-3.836187174380358,-0.0053408926506416,0.0
DjTsq,-7.587476282555727,1.1038810744861012,4.996687625027255,137.94540774090564
tgfdg,-9.737711288703702,-11.144264465113638,5.005964673077637,137.94540774090564
no1BB,2.177744511132897,-3.4368501192381324,2.9967901338392755,80.85978309461906
mskVR,7.774450875490935,-2.857211356777316,4.0000645217528925,107.81304412615876
FSDix,11.665363152341836,-2.216647799621029,1.003077076005623,26.95326103153969
KmW2P,0.4777636405590613,-3.105796368510344,-0.0038094210283198,0.0
pTIb1,14.477948582153497,-5.241009734939872,3.0002096038470616,80.85978309461906
8j77z,7.736852751001559,-11.51265930594852,5.005687131082354,134.76630515769844
68TZA,-9.759204603336991,-6.210338676756279,4.009586350579464,110.992146709366
fNRMh,-1.4618310756360433,0.5959585591227299,5.004679673847088,134.76630515769844
qPDqZ,3.08023987853612,-8.411865734138823,2.9936357848593604,84.03888567782631
1S51y,-2.051467326062524,7.061443029435383,0.0030733031213472,3.179102583207246
QVGGG,6.2597085317694905,-9.988394615782925,1.990718106399515,53.90652206307938
7LxIv,7.5998842913154,-4.094791394450937,2.992159597273476,80.85978309461906
0niN2,3.399285412894057,-4.40217995484814,0.9960508339972948,26.95326103153969
ADBWg,-9.609323762558596,-5.341878749701185,4.999174624009076,137.94540774090564
p1C6I,0.5965122459851191,-2.9411179717179303,4.999476886872486,134.76630515769844
XCz8B,-5.4417527062203535,-9.480045143517955,1.007857094557359,30.132363614746943
nZv1I,2.129545542972803,-11.669870747954931,5.010749355902396,134.76630515769844
9rFIi,-6.936399503536372,-10.654138589317249,1.9978275711926,57.08562464628662
2woJY,5.8568955324923575,-1.263502738015398,0.9956404983587542,30.132363614746943
Cep3O,9.643082536215765,-10.630041898571774,1.997018790943529,53.90652206307938
Ri3UZ,-16.11039550111807,-1.5787904294029484,5.005818859351496,137.94540774090564
DnzNl,-5.445965789527472,-1.7291882596139896,0.0007058109567202,3.179102583207246
Ow9Sd,10.637096044859236,-3.5485154044118987,3.999792085801393,107.81304412615876
gqQ4g,-1.3356159947813726,-6.3437293638063394,4.996389296719316,134.76630515769844
wlQQ3,-1.0386527789060525,-6.853606556648978,1.0006465732111909,30.132363614746943
HjlYw,11.513357470929654,-8.710127071452536,2.9921064266697583,80.85978309461906
bH3uA,6.951488002505228,-7.382164881211997,-0.0035529097630363,0.0
didye,-7.596868905585906,-2.3436583159989155,1.000976411372967,30.132363614746943
LrsPt,3.07426439486346,-2.9977691108836595,3.0032186417834947,80.85978309461906
OUeeH,7.849926962053043,8.212849396754457,0.9910634937230524,26.95326103153969
XlC9k,9.838360178253533,-5.050785531422799,-0.0015869403066837,0.0
K6GDy,-7.1977046817761785,-2.554064728597167,2.0028985165141413,57.08562464628662
Pn1Xu,-10.911606747319992,-12.538781624775098,-0.0045035387791347,3.179102583207246
KyNuC,-5.849374372439795,-7.800544257759402,-0.003639348218849,3.179102583207246
iVMCz,4.339741342177864,-3.884297483177953,4.002357297438213,107.81304412615876
BqIHu,-7.167720596827799,-5.286422896507443,2.0016271352592674,57.08562464628662
vyVxe,-10.663135279720548,-8.570077236425071,0.9998219365862566,30.132363614746943
w1tSy,-11.109236683926747,-6.298796871506232,5.012312017335353,137.94540774090564
oxCwv,1.9182233952326573,-3.9888657682275737,0.9957168225196183,26.95326103153969
AEwRh,16.129077917511765,-5.959490457230473,4.999249785658916,134.76630515769844
kpbQK,3.692877243858347,2.915136620725855,3.0065046711800183,84.03888567782631
NcRdm,-4.732610160582032,-6.46482972091378,4.007667106113133,110.992146709366
pOTlv,-0.7420109813851958,-16.405662202796627,5.003400285245579,134.76630515769844
sko13,-2.4422020490794023,-1.8576991473977635,0.9996572685933834,30.132363614746943
zca2q,5.192717285375398,0.7183391732660365,1.9979780913804988,57.08562464628662
ARPVZ,12.854669125681912,-0.7001170762063436,1.9960810111695568,53.90652206307938
dF5SZ,-3.752901569520945,-8.880309941227587,3.0027413428519014,84.03888567782631
179XZ,-2.105373282782633,-4.669163207804852,1.9969453622816853,53.90652206307938
paBG7,-8.201229153639654,-4.187960204177204,2.002588081666925,57.08562464628662
irccn,1.9568136614828084,2.13905257662649,0.0012751183346034,0.0
oL9QH,-10.619865371956248,-1.4405148449749552,2.997577091120584,84.03888567782631
Gjtyi,8.320577850976537,-1.654373887638969,2.9938164763979738,80.85978309461906
gbPGt,-9.800583067966617,-5.867194547695324,3.992301300526272,110.992146709366
TTQWz,-0.6901026480494945,2.27443892435421,4.994705334183281,134.76630515769844
4Cm48,-7.085953768396018,-8.851487089642678,3.0004274999307543,84.03888567782631
B2sb8,7.011480987523606,-7.491357644287983,4.995801595314634,134.76630515769844
z2Amg,-11.398193433966382,-3.0024860911285187,1.0005594720887778,30.132363614746943
PfBwO,-7.789222967620004,-7.58287091486423,1.0025939196472042,30.132363614746943
yQYN8,-4.36733897043181,-6.356769182273713,1.0007618463518348,30.132363614746943
98mhn,-9.226797974374549,-2.6756886552041674,2.9912463966792475,84.03888567782631
tBcOb,-12.9924038465188,-0.1235580685594088,-0.0017801942622167,3.179102583207246
ZVDd0,-7.352377527714506,-0.2351392515664194,4.9988948318606745,137.94540774090564
ckBmn,-6.6829737323297325,-12.51745104964549,5.000945414342173,137.94540774090564
mNx6u,-5.345268021756248,-13.371860139467335,4.0045471878835714,110.992146709366
liyFg,-5.90536253538946,-4.685268889005867,3.0024068602570435,84.03888567782631
SMtaD,0.0530865392635986,-8.807276565410694,3.003884958594861,84.03888567782631
fehZA,-6.2204221821971775,-5.008745848778056,3.000051737750393,84.03888567782631
dLg5x,-9.750960775595663,0.7620055288249432,4.9994367097592125,137.94540774090564
YlJpm,11.73403069166559,3.7249345213824014,-0.0049766189977304,0.0
aoPrm,13.556177054728195,1.1823204783663703,4.0097934277022285,107.81304412615876
md0Kk,12.62062659339011,-12.029580473439529,2.998916606756723,80.85978309461906
zWv6E,10.082998802957505,0.114317162620237,3.999999988642332,107.81304412615876
0KSGH,12.809836340372463,-5.365720508921582,3.0060969254052203,80.85978309461906
7PJiR,0.1128744663392984,-5.645636299618638,-0.0027364965636332,3.179102583207246
t8EcL,9.458986745075803,-1.2384568819950603,2.9937930505267074,80.85978309461906
wZway,16.79846062816323,-1.6948682501431116,4.996432051756822,134.76630515769844
m8xqs,-6.8487322120069365,-6.525857857242303,5.004353741659314,137.94540774090564
JiAWy,-2.5772803311143773,-7.598242042788397,2.9979913413177486,84.03888567782631
cn7nT,7.986723556591654,-2.22816241814396,3.009733730755145,80.85978309461906
sYB8F,1.2047729621034602,-13.823953701536656,4.995564504575968,134.76630515769844
oBMg0,-6.8012347266738935,-11.318106600788164,2.005069419992682,57.08562464628662
beoSR,11.006087064183411,-13.556384475292829,3.005607749710207,80.85978309461906
qYnlZ,4.015163029356616,-4.502254867992255,4.009084425111318,107.81304412615876
zWTEB,-2.251093029061736,-2.649648039292537,5.00398242700005,137.94540774090564
bTj7q,11.923660935844572,-0.2653655343835908,1.0037005281367382,26.95326103153969
SJhVR,2.825956378515865,-4.612099715031432,4.000363882296993,107.81304412615876
OhzGb,-2.287271165527936,-11.345112217541724,1.008111886296664,30.132363614746943
6KaYB,7.182982635725876,0.8837354686878642,2.00289177149567,53.90652206307938
PKYNB,-6.5606146281863404,-14.761520236810505,5.000178203641521,137.94540774090564
FmtdP,7.9275506467737,-0.3416414124788303,3.993772648301901,107.81304412615876
QYBUq,4.839669978192367,-4.0882847178800645,2.005238376174749,53.90652206307938
OmzfI,20.7578143077031,-4.1477194272340325,-0.0110221985788591,0.0
MlQRS,-21.307086515085956,-2.8938644145715102,2.9988438266494857,84.03888567782631
MMCiM,7.112665124271919,-4.357190231936347,1.9994017626166347,53.90652206307938
JjwS2,9.800176295251305,-0.4725369139977245,0.003605147734985,0.0
X4MNj,4.754508781968632,1.2444198632391394,1.0020826504814695,26.95326103153969
ql33S,-1.8210623157358024,-10.28345997418533,3.007683433914276,84.03888567782631
uWSGV,8.148299561770607,-1.0495008636029763,2.000087082390894,53.90652206307938
H85BU,-0.6992024086605158,-6.8971096934169625,4.990721341109016,137.94540774090564
O23pI,-9.053799997759828,-8.898603985532189,4.006275354606303,110.992146709366
kXVls,0.6162865930074002,-4.773941668273409,2.992497090049304,80.85978309461906
axDr0,11.824119514848082,-8.767791657324604,5.006149562173174,134.76630515769844
dN8xd,6.98327069844926,-8.16128451174477,3.9994956098761554,107.81304412615876
VlDqY,7.809076992473678,-1.5437749965131102,2.0016333733174942,53.90652206307938
A0MD2,4.556094533967057,-3.048942409761513,-0.0005286581971673,0.0
GW5Re,-1.7353504059896103,-2.40195176835318,3.001902374365052,84.03888567782631
Q7BmU,3.3372941437168127,-2.364018860693782,4.001901282584261,107.81304412615876
HVCbw,8.521595560573095,3.0619650978631747,0.0049200987070972,0.0
B4tQt,-13.76472076783926,2.20420088788026,0.0067096106796335,3.179102583207246
bapoD,11.172461145852797,-1.8762346793579552,0.9998247770250768,26.95326103153969
4P2tf,6.634387423006183,-9.982601485551893,4.997879735059825,134.76630515769844
7wAhN,-1.4600783429817854,-1.2863764501837895,0.9964974083860288,30.132363614746943
ygOK9,11.07100981038493,-2.2437561274806748,3.997985115131887,107.81304412615876
4rEyC,12.14855745759314,-11.721885121555191,0.0030685026164265,0.0
UHwt0,4.957419848803736,-5.696018552074423,1.0044583752042429,26.95326103153969
XdZ5f,20.741266486180656,2.2711417177025064,4.0060405318391705,107.81304412615876
Jb1bW,12.592835647004753,-3.970140727484375,3.0017155520171013,80.85978309461906
kywGa,8.676251174956949,-0.1152007584178531,2.0018307260183343,53.90652206307938
KaYbv,2.8540326884857787,-10.30416662503443,0.0068249572112869,0.0
xZB8Q,7.75949026737558,-1.5174625207457817,3.0069149072910406,84.03888567782631
3McXc,-8.718235124638376,-4.717444940678175,2.996170953297596,84.03888567782631
etSZ5,-3.4966193926651723,-10.543634454058193,4.003537540784422,110.992146709366
oDkZs,-1.606344943116011,-6.542686213160901,1.003431641383467,30.132363614746943
bIsuP,9.822079402511283,1.175428748157164,0.9936801576591222,26.95326103153969
hJAZz,-5.776170007931263,-10.1956943306291,5.004685452924957,137.94540774090564
TGYVO,5.578829784606167,-8.187399003150608,4.991928803892566,137.94540774090564
KLaCv,-4.078272207198267,-2.527345297968874,1.002309149580097,30.132363614746943
lYeip,5.044035259871716,-9.914291038727033,3.999296567993349,107.81304412615876
MFWQZ,-11.864764372174596,-4.024536380716238,1.0022022902711114,30.132363614746943
C2CKa,-2.3943787955120683,-1.84497687829208,3.992553808533752,107.81304412615876
Q8sVr,10.096148410154516,-9.762672772591078,2.9958920336978614,80.85978309461906
vxE9L,6.501528447006288,0.4623962741753802,4.98604444681852,134.76630515769844
5q7pz,7.176307877619222,-3.0665384249336247,1.012814400796768,26.95326103153969
0Pp3S,-2.4456419910897416,-3.44634168188732,3.997679274657576,110.992146709366
abA8i,10.623283849455548,-6.942521705316364,3.003309066987664,80.85978309461906
tRPnY,5.210711862724952,-5.45698171885781,0.9945800386432642,26.95326103153969
qAnEw,16.53387171645139,0.2621138204596325,4.993799872426001,134.76630515769844
vIQDa,1.4509969799548068,6.3127702082808925,4.99664471175063,134.76630515769844
G2cUp,-7.670390925301312,-1.9953344305598604,0.004234068095718,3.179102583207246
B14uk,-12.357166030653728,0.3758561130814826,0.998652151695513,30.132363614746943
Bo8R2,11.159391783823766,1.7686248419250914,2.0002975537514125,53.90652206307938
N3xPm,14.209419752185775,-10.057257033386842,2.007050467527556,53.90652206307938
Ebh82,9.54623476445304,-1.2485227394613547,2.998575850794838,80.85978309461906
aGza0,-12.289683484993624,-8.928905825925543,0.9996731211493616,30.132363614746943
5fdd7,-9.096922107240502,-4.009199728198763,2.0031278958906498,57.08562464628662
vKM2k,12.253567287115729,-14.650555147503349,4.992252338478972,134.76630515769844
3ra84,9.480678039550456,1.4325064349844867,-0.0025879811449056,0.0
NOxRR,10.451268336683132,-4.443230264805461,-0.0079800621186167,0.0
UPesL,12.472391375828266,-9.772379275545614,4.998965181635807,134.76630515769844
XAxuD,5.138766080924862,0.2884080679459995,1.0055567693577347,26.95326103153969
FbMFb,14.611313986366492,2.6745044906899675,0.0010733121407554,0.0
COYxv,6.3050894598541465,-4.068221133559764,0.9981367098833116,26.95326103153969
IbiKv,10.77211546615041,-5.111163699604747,-0.0042207879551463,0.0
pYVO8,9.632593990409296,0.8899081277054144,4.999354328007212,134.76630515769844
7UP4P,-3.9591183543475257,-12.324294133387886,2.002893464186473,57.08562464628662
1mUP5,-9.746731449082114,0.5825080602124473,3.999868831348471,110.992146709366
moUMY,-12.61253213513974,1.6650895579602754,4.003429088726846,110.992146709366
SpFSZ,-10.670459810487802,-3.4236539148743064,2.998029922711697,84.03888567782631
rRhFx,-12.61747068593542,-10.376595912972954,1.99777345558582,57.08562464628662
L9vFi,-2.8347731855579283,-4.866191212927093,4.002513111374141,110.992146709366
2o98V,11.382804708939052,0.5691391650013875,2.9964095644514788,80.85978309461906
sVpZJ,10.985693249720972,-4.310656299388083,0.9990531529842404,26.95326103153969
caf5U,-8.037613208954419,5.749455727223928,0.006043745481573,3.179102583207246
7Pro1,-0.2934550388268562,0.608160247192405,2.0016179404617103,57.08562464628662
NyHsW,-9.276445717708272,0.0040096962905451,1.991889487736077,57.08562464628662
aggS2,9.269519379261215,-7.507158240556224,-0.0054611637174207,0.0
tgGEK,-6.945855385426344,-6.7278935412252965,-0.0024067498454676,3.179102583207246
Pkn50,7.462225673169271,-0.4267623133532492,-0.0036123215654012,0.0
veFEs,-14.874015914835455,-4.545112268346196,0.0078225728748843,3.179102583207246
7t1H5,2.4051770654821665,-2.4716755389528435,3.993994449290611,107.81304412615876
vMYd5,16.62353289664804,-1.7484279230165976,-0.0008338829967936,0.0
0MuBl,-7.708873251366231,-6.502060810752945,2.0002249718118925,57.08562464628662
byaBU,15.559109397608594,-2.7182447504981164,2.0085835081586105,53.90652206307938
HbN9A,-9.133419158070014,-5.044271985450359,0.9973949216957472,30.132363614746943
po1N3,-11.760577767139443,0.8391192214246894,2.0032550460035785,57.08562464628662
NLvZi,8.717437799099008,-0.1303304964455858,3.00198362650199,80.85978309461906
yQfyr,-8.077659123221316,-14.396651421852107,-0.0054549429229859,3.179102583207246
MBoOF,-13.206228767136269,-2.4930016007539373,4.99722406748117,137.94540774090564
mJ0pe,13.665190369588304,-4.4916947110735865,-0.0050469558735992,0.0
TPsdL,8.943852141466138,-7.2252566824415965,1.9996407831184768,53.90652206307938
HdGfz,-12.959121664611276,-10.01718831222784,2.007806507696356,57.08562464628662
RoQKY,-11.024492546966028,2.0305801215262136,-0.0064859046906625,3.179102583207246
WEjgX,14.845670478936002,-1.7153995045041892,-0.0069000102442537,0.0
V0MVH,16.54306395694016,-7.774538631421769,4.993081514700679,134.76630515769844
d1Mpd,14.564972110597733,2.080236607556388,3.9995067948518974,107.81304412615876
NrbCd,-5.3511387818681175,1.7743098248777311,1.998025173149214,53.90652206307938
C9mTG,-10.217345100395324,-13.650494738380791,2.990690974699701,84.03888567782631
z1if2,-0.6106316985906037,-2.5274876791304166,0.0027678391416574,3.179102583207246
TzDF2,0.8499241073556503,-1.810622540046214,3.999466694930906,107.81304412615876
K2eAy,6.847410078731358,-2.312973106135872,0.0100556819627002,0.0
aZ0QN,3.085033866063572,-1.1764224317104448,5.005146470936027,134.76630515769844
gAbYz,2.0949837644461837,-2.1548440219633243,-0.001486405059186,0.0
wXBSD,20.18834482649461,-5.370714583416153,4.997525639045789,134.76630515769844
3WPRb,-6.291233366248868,-11.885555608455194,2.997500334414996,84.03888567782631
XxmYO,10.965758917338434,-5.315933204067849,2.003174869342959,53.90652206307938
8OQ82,-11.61552995592668,-5.42783433765142,3.9998125817102,110.992146709366
LeSg9,22.060852668865014,-7.274944474738175,3.993410082922864,107.81304412615876
8aKhN,-11.308371293381224,-1.4422431247983107,0.0021968084544358,3.179102583207246
1WNjz,-2.8741059374537063,-7.498630031911086,1.0016377467788058,30.132363614746943
iU9QZ,-6.563107697722918,-0.490939640635573,2.991767674692899,84.03888567782631
42UTI,17.385946917858693,-5.089212323326357,0.9980164128397678,26.95326103153969
iNcVV,-6.811273114918243,-12.4595602288775,3.001121763218693,84.03888567782631
OGhVy,12.506058238726649,-4.1591003332993886,1.9948422513814,53.90652206307938
4ejBl,-2.0780851439570664,-5.556128435704733,2.9978836084290528,84.03888567782631
g9zHd,6.007930698269499,-4.150667246921788,4.012197160894744,107.81304412615876
q2Axp,1.0617571384352518,-2.6001041918471004,5.004206598825967,134.76630515769844
67iaC,12.049114572483385,-2.765944431677924,1.0014943700719403,26.95326103153969
bSQQy,11.434081438133632,-1.2839770824273469,4.004323495053002,107.81304412615876
hRbRw,1.912267143369256,-2.5972452682291456,2.9987904484258725,80.85978309461906
eue8W,3.607715255860576,-1.2775246101026667,2.0037867010928934,53.90652206307938
K5p3X,4.31926448838908,-1.4255536097547823,3.0001786227473746,84.03888567782631
jSoXG,5.238481562546628,-8.8164078905563,1.0014539720355415,26.95326103153969
ATnKH,4.211058750424592,-6.2961206286278655,3.0003501007194813,84.03888567782631
0oOdw,8.679508620961526,1.1805324586792816,3.997199991589108,107.81304412615876
XYYMn,-14.95185863910134,-4.290842912406187,2.001080894737359,57.08562464628662
Bvil3,-1.5414360210830242,-1.5158986615189178,4.99455432078423,134.76630515769844
xZbmU,-5.554796718484753,-8.409271676045574,2.9998992867198,84.03888567782631
Xtmcp,8.585709502131957,-6.507109005263145,3.996832534640064,107.81304412615876
3GvPl,-1.5434269185562002,-7.757946695452256,4.991587219741914,137.94540774090564
n1Kty,4.703991443937865,-3.7137582172353194,3.0000460654854657,80.85978309461906
E6EyF,-10.751420684508922,-13.61529458432797,3.0038215119387,84.03888567782631
TyCxr,-4.5356901673396095,-2.437419465231009,2.9985310455220486,84.03888567782631
KD2uQ,-5.205801801486099,-11.632595207167794,-0.0015319843419625,3.179102583207246
wV5b7,-7.732568897718033,-7.825167373501045,0.0016143443768434,3.179102583207246
LJORy,-4.126677898517984,-12.633720114555867,1.0023238040024192,30.132363614746943
b4Ari,12.15236967565993,-9.083923066853435,2.0036813896284307,53.90652206307938
t9WnF,11.636553180184404,-3.771389106294944,4.004694839211648,107.81304412615876
16Cn4,-17.176732516715546,-3.044935863435928,1.9989712717833583,57.08562464628662
j8Iqj,-4.224867122790366,-3.0773058517848177,4.9947586728667925,137.94540774090564
TzcrH,-14.468507012706835,-7.943792628130393,1.0006315660635383,30.132363614746943
espE6,12.24613915721201,-1.5097291418169745,0.006264882664473,3.179102583207246
HHxJc,-11.889065648908248,-8.252944822454921,2.0085720942649568,57.08562464628662
C1I35,-15.468645358715836,-6.999434739215008,1.9937799496038324,57.08562464628662
g2NAq,-8.699345280350004,-6.51175393307626,1.0006328149544077,30.132363614746943
eVG5Q,-8.424407662550097,-5.664396501980673,3.993460676740797,110.992146709366
HUhvW,-14.038360099758329,-4.329568919532316,5.0045662322499656,137.94540774090564
AlzvT,0.9591624735953604,-1.9057308253465008,4.997280239161605,134.76630515769844
5raKn,0.7361876320578729,-10.585105086008925,0.9941780497464572,30.132363614746943
BPkh4,-1.5705588663471497,0.4891689147933951,4.999815041846774,137.94540774090564
fSCPX,-10.997869802101247,0.6842617010955401,4.993040308337116,137.94540774090564
Dn74t,9.873065641531356,-2.83577626204938,0.0020884662293975,0.0
JeYTW,4.6581110425285015,-10.26341107256712,2.9962746534947944,80.85978309461906
wotYp,-6.324926502079535,-7.674495870739193,0.0052528439678863,3.179102583207246
Z85IJ,9.389934930778946,0.4746298948700885,3.9963245036941726,107.81304412615876
23vrX,11.05917297974659,-4.723573960971296,2.0071305259035803,53.90652206307938
n68jA,8.477676832583057,-1.744841397636478,2.9984570246433675,80.85978309461906
wRFBD,-8.35281637722208,-9.528613711591357,5.004244591322038,137.94540774090564
T1QQq,-3.7156566191616633,-9.537900653467332,4.002439465863769,110.992146709366
CjfaB,-2.5687858536816344,-12.042999610919134,0.9906160650479928,30.132363614746943
TGP8I,-7.295066764762787,-7.998311215808937,2.998316285315976,84.03888567782631
mb5wK,10.0267048587565,-7.88170283330788,0.0023131498731927,0.0
GCx5M,8.817673134516635,-3.739945962722051,-0.0045069834630156,0.0
f2L8a,-5.067698933621871,-1.7704068752677602,0.9959774154375068,30.132363614746943
vH2P2,4.8446712262535785,-4.625393234185244,2.9974485461511406,80.85978309461906
dP3mF,15.982294331103573,0.5467727240837901,3.0084138055160934,80.85978309461906
lJ2TA,7.970216972048356,-4.033598907419647,1.9890108572574696,53.90652206307938
Xyzn9,-0.7519803492729578,-8.941666784124905,2.9923461344938165,84.03888567782631
MeDQe,-6.7607121363003335,-10.963482039882605,-0.0028804215268142,3.179102583207246
EXjsE,-7.014153669654068,-5.767649436988753,3.005014916421364,84.03888567782631
FDMXl,5.267121493159784,-3.0790486890647752,1.0008368183252687,26.95326103153969
ou3QZ,8.417885249771293,-9.658968452047809,5.002641450920193,134.76630515769844
SPVuu,-10.242754150728004,-5.732568541009733,2.005883937842238,57.08562464628662
68C1J,-9.58176785562906,-4.0812390979562645,2.0107439202372444,57.08562464628662
D2ssB,-5.0131288036720685,-11.15272127436264,5.003794645552946,137.94540774090564
DXy60,9.2502762006904,3.3315072690733265,0.0010633690753257,0.0
GzuX2,-5.14859393325809,-0.9646744124171862,0.0039704444894749,3.179102583207246
PsemA,-8.918929679809356,-6.062669283275362,3.0016779466133245,84.03888567782631
aEhAZ,-7.796967973820001,-0.8580107246326856,2.9920254400522466,84.03888567782631
jopfV,13.348153479967287,-3.81793089135712,1.0046573536211123,26.95326103153969
7wxvA,5.934883657630577,-7.815796482268574,0.9936123800371996,26.95326103153969
1uZPL,-22.45572044591057,-12.16570251853688,0.9881759554514136,30.132363614746943
2jSef,14.57307079161498,-0.5386370307697397,5.008835593416341,134.76630515769844
lQbMH,8.456018377335255,-1.1825974992162105,0.9878538985327046,26.95326103153969
5wRkI,-12.007299442873704,-9.602433451359907,3.005576195115604,84.03888567782631
bSHoJ,9.379221632402068,-13.234451243746037,3.001766624955556,80.85978309461906
CYHho,-4.574998819976473,-9.223012238995915,5.0003056136099495,137.94540774090564
zuB8Z,-8.241027222610338,-11.684050163364311,0.9875024519610868,30.132363614746943
MohAP,-15.147835098500126,-7.357270978888644,0.0032045820545621,3.179102583207246
A0pdm,5.620260454359603,6.2372019209108105,4.007225920548711,107.81304412615876
P1WcS,3.091432586839629,-1.729384726092281,1.9918563160368223,53.90652206307938
UBhBz,10.506126837670603,7.638879252979343,1.9928388507000776,53.90652206307938
DWseN,5.061293471682784,-0.6985609819751204,3.99807774789296,107.81304412615876
s89sL,1.3236663400583708,-3.877926485480576,4.997349643928076,134.76630515769844
YkNOy,-3.663585392451844,-6.839194404256278,2.9976859724076035,84.03888567782631
kPSF2,-7.423683778403451,-5.432554763741663,-0.0054078860441642,3.179102583207246
BofdU,16.044285727394964,2.47850931310182,3.9928417661076496,107.81304412615876
RheIm,17.299681385204607,-7.960762888632268,1.0068599457954344,26.95326103153969
04UZJ,17.791867975680567,-2.301941129495708,0.9996044713990152,26.95326103153969
P8V2s,-10.495241795455446,-3.6465801422557207,4.996805456097716,137.94540774090564
p5U6a,-6.568486315347212,-4.971221016274471,1.0051230485915683,30.132363614746943
DFAhe,-4.316723584845773,-5.626563123331776,-0.0025368247688714,3.179102583207246
xtzEE,-12.97787189514764,1.27150985964823,5.0090674926989855,137.94540774090564
r0ROp,15.16924916277534,4.7472601263142975,3.0037919641445856,80.85978309461906
NFOWJ,8.225207933558293,-7.458805395023399,2.9952648778901567,80.85978309461906
BBb9Z,7.394511898591365,-6.835644973219187,2.9933947522632818,80.85978309461906
U00Em,-0.1490537320678981,-5.029824104690547,5.000765162664882,134.76630515769844
4CP5R,15.027143828165473,-8.942550515033453,2.9996832974905008,80.85978309461906
yKOs5,-2.7653582270119834,1.1137572813172092,4.001730143567913,110.992146709366
8ArbI,-0.9894488057096478,1.6976431035194668,2.003722967425213,53.90652206307938
KhE3r,-0.0006993822878085,-5.222569616830454,3.992455176999136,110.992146709366
rl9Gm,-9.47175678071832,3.301126699902712,0.9951249382418856,30.132363614746943
SpWWQ,8.03524505950962,-1.77325740603459,3.998054489657519,107.81304412615876
oesl9,-8.253356069009934,4.578303704752786,2.0039764629522643,57.08562464628662
y8jNc,12.580473425364492,-5.0262605910351486,4.9978230203863765,134.76630515769844
OCTFu,-6.499830101880856,-11.38020170509252,5.010437536334647,137.94540774090564
UGT0M,-1.636379086599594,-6.744768279714232,2.001925040604691,57.08562464628662
LHGcc,18.19455361422149,0.2831067789694677,2.9981267030152847,80.85978309461906
BLxPN,-3.952832971556664,0.1898039994509446,3.0025880494314543,84.03888567782631
LC8Vn,-4.266708438401404,-1.2550890421950776,4.993133607474364,137.94540774090564
Tdj3E,8.339467192042903,3.8065415958277966,4.992939640075614,134.76630515769844
rnBVt,-9.192047470019752,-16.235323049067873,3.004934849628796,84.03888567782631
XdD5Y,3.360576847081483,0.9707034367858416,3.998390454634837,107.81304412615876
UIB3j,13.156434928168691,0.2695906181039214,4.000289420244791,107.81304412615876
yLeBy,5.591758007232338,-11.479769806853245,-0.0021837966541785,0.0
aGZZn,5.944727063358124,-0.8089814127715753,3.0011466048065896,80.85978309461906
Vcqfw,1.6324320482071988,-0.6110534949420519,0.9990191756719948,30.132363614746943
Rfgiw,-2.206309411531639,1.746929974904088,0.002757655991312,3.179102583207246
pE6SZ,-3.231545762063302,0.9996525368958932,3.996373085255261,107.81304412615876
0OO2r,-1.1385814470191216,0.7816136866966712,5.007752135076791,137.94540774090564
ntZYB,5.1249559328710665,-3.3790727320418843,-0.0031402440513751,0.0
JfnPv,18.82254636642277,-9.576027130142176,1.9989076444743408,53.90652206307938
Npd50,18.84650692021018,-8.088663769370779,3.9961440380025897,107.81304412615876
ILPRo,7.393264504543902,-4.555276949992282,3.002372816066494,80.85978309461906
Pkx3L,-9.535982395498811,-4.197893331075558,0.9851986406378208,30.132363614746943
yueYN,-7.8335345857028305,-10.220891574172091,4.98785192476604,137.94540774090564
xTbwH,-9.312929231699858,-0.0851436445345754,3.994984395931483,110.992146709366
4GE0X,-1.3459091399882013,-9.921307261348378,3.0008656722263343,84.03888567782631
CZfDb,-5.018358097872256,-3.2990770616644145,3.010564605184681,84.03888567782631
0K2hW,4.7181473744176605,-9.074204091835355,4.006819448005405,110.992146709366
vHYAd,-6.6677040820184565,3.7242748553316063,0.9943964164693077,30.132363614746943
wrHup,4.217891197222917,2.013807505470452,3.0031872244385807,80.85978309461906
P1Ah1,10.272256096683217,-12.546835169493274,0.0017802891997338,0.0
zxIlg,-10.463429101588307,-12.090492235209336,-0.0034608444020274,3.179102583207246
5Y0ce,5.8851822408885255,-5.023094672886354,-0.0006252913431125,3.179102583207246
LxbdD,0.3638501106822103,-7.415117474137695,2.0015376128073257,57.08562464628662
hSAx3,9.208776363163318,-18.793040905878645,1.998660662545268,53.90652206307938
Ki977,10.305431903936372,4.53477511109016,3.0062370361426494,80.85978309461906
f3uOJ,-4.558347014792533,-8.094421148316126,3.001385811984893,84.03888567782631
tiwtV,6.216930404464343,-4.422415760373935,3.002524729451985,80.85978309461906
v9BfF,10.6207157196828,1.4475227375021102,0.0056108028195206,0.0
kAe6Z,-16.02303790558496,-6.251988843893086,3.998062940869415,110.992146709366
YYUHm,-6.332554142164755,-8.605542153138371,1.004689851197852,30.132363614746943
mvM2S,-7.027541982498455,-13.169407136175574,1.0030930095658372,30.132363614746943
zYnIm,9.622204259057,-5.010493290996309,1.9970397301432368,53.90652206307938
pp1mL,-4.477920828526546,-7.097875222813477,0.008712850456633,3.179102583207246
h6XnG,-6.261787559010626,-0.1773822327812118,0.0133594137036252,0.0
fNtl0,-4.726239790620732,1.2797415080745251,2.9984696890825595,84.03888567782631
yQLfu,11.695981491438786,-4.782436447352292,0.0025224080701288,0.0
5hLim,5.754558359246692,-5.493224862024252,4.994077417526753,134.76630515769844
EtNcg,8.703942315097567,-6.828990830864309,1.0049977803795511,26.95326103153969
bY8tu,7.821282058839179,0.9370521560502274,5.003989985301087,134.76630515769844
xAyGk,9.178144556276123,-3.6308015736512,2.9986466417623765,80.85978309461906
PjBbx,-7.321013234962387,-11.905613669103731,2.0032356844798227,57.08562464628662
SJMq9,-2.4811310862101794,-4.596113020291277,0.0097317104893135,3.179102583207246
I5qDW,-6.020640309923841,-8.332837845470095,-0.0019621005585729,3.179102583207246
qIl0D,5.8451501011641565,0.3982503940355721,1.993077850439855,53.90652206307938
7ULYZ,-11.393988707594554,5.1216906329633884,3.9976232213354392,110.992146709366
jBm0r,-2.4031375310824195,-4.035525662183924,-0.0027801351106635,3.179102583207246
iwEbI,10.589673785018157,-4.709586445224208,1.9977311520202643,53.90652206307938
6mws1,16.26610409068089,3.6309273619507993,0.0008043923953596,0.0
jw2jp,21.251725530580487,0.8734634559818186,3.9954500383999663,107.81304412615876
ha0oo,15.163295985534134,-9.87880581878905,3.0016132155440087,80.85978309461906
fPZAP,6.39537319379312,-12.723227792434349,4.999815022504475,134.76630515769844
q9LOt,6.814007746585702,-4.701559724970719,2.999311950187201,80.85978309461906
YmDPd,-2.4939557606960245,-6.574253696468682,4.0002627884234485,110.992146709366
uvn1v,-8.517906049397203,-5.052437807483643,4.004934137858637,110.992146709366
ckbR9,4.928223268902904,-7.578081828815902,0.0067761027910368,0.0
zVeog,7.89686828719915,-3.0883582435965407,2.996366216483917,80.85978309461906
PsOHx,-12.275566286783372,-2.089459695946197,1.9962623023395496,57.08562464628662
toYWD,1.1816524385192742,-3.7607597275118576,4.001730626771652,107.81304412615876
FPs2w,-14.97011793672299,-1.2657239990607383,4.004828781671055,110.992146709366
xmRIc,-0.7476623680391192,-1.7436508842104714,1.9949290047486608,53.90652206307938
aYh5S,5.897242116423382,-9.348742025592708,3.99892757582048,107.81304412615876
khr1p,12.286571817285669,-5.276176603881557,-0.0009693693537139,0.0
XaVld,-4.15233498349606,-7.26090160622104,-0.0075417287090315,3.179102583207246
FsY7H,-14.188770600959463,-4.733808262188793,3.997103481439613,110.992146709366
TXBtp,-2.225170604436159,-2.6675179981117125,4.000973766376827,110.992146709366
tEKiE,9.016394245869098,-4.247428715320459,3.9983462513260672,107.81304412615876
K31YG,-7.936799187929499,-8.857356043199871,0.0090914280096856,3.179102583207246
H2Eok,2.8584574481319542,5.05167689776336,4.005270463835186,107.81304412615876
nQrA4,-1.135762334912659,-4.957640326955863,4.9966934448019495,137.94540774090564
AhpaJ,-2.1085248637903726,-6.5480022850613,1.9991313577280656,57.08562464628662
ONcwN,16.146159801626283,-2.96885210902296,2.996416076880594,80.85978309461906
aM4Mf,-3.1415577135729675,-5.566322459733287,4.006601446376924,110.992146709366
06cxo,12.749609475796836,2.0448588562248315,3.9958852983465287,107.81304412615876
mTR6J,-14.097258102371711,-7.254709543711566,3.995362345649988,110.992146709366
LJghC,8.648229972384621,-5.434529839670174,3.0158483263676463,80.85978309461906
WSh0n,8.372534695516864,-6.690695018657218,0.9989010117219916,26.95326103153969
Jl1sP,-7.405046323700337,-11.954510983490858,3.998233765135616,110.992146709366
GeOjw,3.1217979559984608,-0.2531510319765768,3.9966419993024,110.992146709366
ja9k9,-5.417882601391036,-5.447175781951428,0.9957664449415978,30.132363614746943
pnSY0,5.150305515129972,-9.85575348372866,2.001461128954169,53.90652206307938
PTrDN,6.389577182153063,-4.441170646570035,0.0014187785863662,0.0
9VtLY,23.54132077863139,0.9304054653692956,0.9975995408806326,26.95326103153969
0Mw0w,8.372074205806294,2.514456607216542,0.999205193646788,26.95326103153969
kCb7r,-2.576442517397357,3.1718793598580977,2.9974127299908617,84.03888567782631
S7t8y,-17.911302718329875,-0.6123052156184476,4.000162105890822,110.992146709366
QN80s,6.1156439350974106,-2.399227920486596,-0.0166356697461229,0.0
pJRCD,-7.3127494245431715,-4.649244798875396,0.9914581006228108,30.132363614746943
wpwqY,10.796986751556554,-1.996127970650448,4.008945690965253,107.81304412615876
T6Yqu,-10.193000828219322,-5.901285125877447,4.9935917041492965,137.94540774090564
xWPMJ,6.24501296245438,-1.8090799962548323,2.003484788872388,53.90652206307938
vEScs,-6.614491022576656,-1.6278154293261773,-0.0074876673672236,3.179102583207246
AWX1U,7.470535501982107,1.8586808294524628,3.0041861624390527,80.85978309461906
WoD4c,-3.2267581816552315,-12.19380886232186,1.0068633125881956,30.132363614746943
s0uCz,-9.12028552667222,3.626675982610077,3.0015855868564083,84.03888567782631
6bUYM,-0.5545329115836495,0.5563988076340589,2.0087323257120127,53.90652206307938
lXsGF,3.6132925623215626,2.4496532099366948,4.998055468891106,134.76630515769844
hqL8k,0.5149302406849774,-5.251179136536365,5.004877416695405,134.76630515769844
e2hUV,6.139725174459939,-3.642109460919072,3.9971693948784472,107.81304412615876
M3Oyl,8.270487500473491,-10.585193630651627,4.0053378607527135,107.81304412615876
xQlGc,-3.735973751395299,-7.5892177284622,4.999363594719592,137.94540774090564
OzohQ,-3.8034948776450337,-2.888327227451611,3.99146432474616,110.992146709366
BHkTq,-15.52336198779301,-5.051343665173071,5.0009713294576255,137.94540774090564
s6sNR,2.8226730043154173,-0.9883107924720886,4.997988224848659,134.76630515769844
wnJxM,-4.462276728462876,-6.367574350712292,-0.0055846073336865,3.179102583207246
hmTeB,2.3119333530347137,3.937205189736546,4.003126471244483,107.81304412615876
KyH7k,1.293487804595724,-6.036464081082218,5.004411248619736,134.76630515769844
iRnnN,0.2059184132563896,-6.096783424679493,0.9999830087715902,26.95326103153969
J1ESP,-13.803020349482733,-4.1845624203813125,2.9984071263305365,84.03888567782631
Pwt2V,6.693098268748454,-2.9805498862732445,5.005065620034256,134.76630515769844
2xrF4,-16.76799732624999,-2.141457385179068,1.0004387230333065,30.132363614746943
jOWGP,4.153419723757815,-16.04046994564763,0.9963194528235882,26.95326103153969
E6S77,14.88871475117246,-3.6208744280614367,2.005858828267044,53.90652206307938
IKzaX,17.996485377660576,-5.169600609989288,0.002436998005819,0.0
B9cTk,-7.179874221160783,-8.221859841271558,4.0060283242409085,110.992146709366
nDh2U,-1.6997432998086728,-7.715734656153492,0.0037096864792259,3.179102583207246
u4sIq,4.666820228972265,-7.425071299815687,4.999942674694523,134.76630515769844
boK6S,-2.954985983140676,-8.821905358180489,4.9885998840728165,137.94540774090564
c4XGT,-6.100972809266305,2.2234202366760254,0.0007801406550654,3.179102583207246
4FLbZ,12.420986131632445,-4.376492033107986,2.0053876971811806,53.90652206307938
To75N,-13.69537051173525,-4.40987086842194,4.99497024792168,137.94540774090564
ZkMTz,11.071709335561383,-7.2981718321135425,1.9923511542962768,53.90652206307938
DEpIl,-11.34283504852512,-10.902864223992744,0.002174545539699,3.179102583207246
2CfYf,11.227872886129004,-4.284148524265577,2.011722380661237,53.90652206307938
I9OeT,-1.4821809154741308,-11.036459849503029,1.0058277651961385,30.132363614746943
ZRi9q,-6.856486522293135,3.954603909311553,2.0048677376358457,57.08562464628662
Rdlpc,9.353597998023018,1.0796604890993962,5.006361549850566,134.76630515769844
Q9ejy,-2.1364125954031623,-4.215039568722215,-0.0020022229133577,3.179102583207246
wLcfq,7.946374209241957,-0.065563775963882,-0.004851363691914,0.0
fCZd3,10.696581840870456,-9.729544241674905,1.9900492349800656,53.90652206307938
4PAxC,0.1991601140128045,1.3149482026323795,3.008781802518192,84.03888567782631
r22pW,-8.181739455730554,-3.996291853031293,2.0045702881445626,57.08562464628662
qIN53,-1.243293397528741,-6.934094526555492,5.002611158735196,137.94540774090564
9Rkfu,-7.4185502776829075,-11.156616748388029,0.0070182537907656,3.179102583207246
KPCyS,-8.696825282608422,-10.591709866723622,3.999092032568372,110.992146709366
QzxS4,-8.503338297755086,-6.489195375428066,4.003239601374166,110.992146709366
SxLNM,-5.158183356750884,-7.284009432674438,3.0015608482675487,84.03888567782631
JTPyp,7.257603343605001,-2.299727581709229,0.9968613300170336,26.95326103153969
fmNmQ,-0.1810160659839432,-10.13191411991358,0.000293661263225,3.179102583207246
CvXQI,-5.46106513782313,-13.389169784877842,5.003774127155131,137.94540774090564
a2aoJ,3.162437069859413,-6.774202640150055,2.9913902235418304,84.03888567782631
c0OyX,14.598863786104284,-5.321757636754505,1.0033730386713884,26.95326103153969
kX6xr,-7.003863573009594,-7.255331514345932,1.0074796926911045,30.132363614746943
eraiY,-12.435509642215065,-4.241741929052597,2.0007702524473383,57.08562464628662
2hvxy,0.4787330837120134,-12.057358837899384,5.000041689237203,134.76630515769844
HtPNn,9.185144496183849,-1.3656911671089844,-0.001803574685878,0.0
BM5KR,-2.3750298274448207,-3.360909519214806,3.0015285460865546,84.03888567782631
oTNtm,10.728095255452056,-6.527209628459593,0.0044636013658668,0.0
1BNCh,-10.08587117863506,-13.476559766482296,1.9975265152472224,57.08562464628662
S7Byw,13.590174175307745,-4.5208421465645605,2.002625591709056,53.90652206307938
VGjJR,-9.911223003007509,-1.7554705431385953,0.0014138859367184,3.179102583207246
01bdE,0.9364794890408764,-9.799433257626893,4.005149368441253,110.992146709366
wSLAQ,10.147299070393323,-6.049633536732053,4.999455761282753,134.76630515769844
qSG0p,1.120037690393815,-0.0540767426625512,0.0023991306496603,0.0
CDBDw,4.026633763750168,0.5250940830695638,-0.0051219646336621,0.0
Io4VE,-2.87676815855382,-2.3588735993304115,1.9982044276601825,57.08562464628662
pAhhr,-1.6092597238777886,-3.781159513987215,-0.0003509834465281,3.179102583207246
UB78B,14.104190033062718,-0.8368502515651031,5.001334131924264,134.76630515769844
CBhWs,8.114080651829866,0.4317013262911171,2.000226432545341,53.90652206307938
HYfvb,8.870394289452053,-6.415289395636768,4.003975666120695,107.81304412615876
K9c2c,9.927349220714236,-3.4652297596775465,4.998185414279166,134.76630515769844
YmKMP,-4.147059278039669,-12.202027564080376,0.9855349941628242,30.132363614746943
ZIG8X,-14.419135277715773,-3.957899471305309,3.0111108416086454,84.03888567782631
KPSaY,-6.8977080192781735,-2.3071439050769023,3.0012394380707588,84.03888567782631
CFpXx,-3.956619272322498,2.171273189070316,1.0024848261716357,30.132363614746943
kG5dJ,-9.160818297442386,-3.230616967178816,1.0044409262217808,30.132363614746943
PuvPz,0.9770145874220528,3.997361802341299,3.003894047508871,84.03888567782631
oqXaK,11.678014496253391,-6.425737344209081,-0.0059728219239193,0.0
ZpIPf,-9.9624847773568,-24.2607860126633,4.998089701505839,137.94540774090564
yuTXQ,-15.830461035538756,-5.00250654639124,0.9892298316939891,30.132363614746943
g4Dtj,-1.2089401434383085,-4.249995974185533,-0.0019044804203253,3.179102583207246
1EUEH,2.8187651224361185,-3.1552826795593507,0.0025088685784261,0.0
77jHa,13.25337802528554,-1.2184321892433134,4.002147664527628,107.81304412615876
K1aZW,-6.871625849421477,-4.961916473780579,1.999293331164087,53.90652206307938
WBKPu,-4.858443356143941,-6.978245990771892,4.996863357570875,137.94540774090564
6cZeS,8.267041817219939,-10.791423954049192,3.99887921785373,107.81304412615876
fqzb2,7.115676197389963,4.024902935903173,2.997904451525019,80.85978309461906
snxYD,-6.614258501254557,-6.612649261124695,4.0070594616501,110.992146709366
l07ls,-8.49691411400925,-5.744503598601376,1.0080519534444763,30.132363614746943
5JtSN,-7.523666053339093,-3.360996992691016,1.9972555206067248,57.08562464628662
LQD1Q,-9.054711346810327,-11.043203651142855,2.002317733150166,57.08562464628662
ASOGQ,1.7395726404089649,-9.930309579852285,3.0018030384481387,80.85978309461906
41HN0,7.781129061664067,-1.9698919610044223,2.999589767692392,80.85978309461906
iTATs,-2.956273928537576,-17.861888138442694,1.9918480367390068,57.08562464628662
Is8QB,14.346329862465089,3.2251012864360717,4.9980068510476965,134.76630515769844
NLV6N,-8.895227016896808,-6.577071008301824,1.9969476400891173,57.08562464628662
S0yGA,6.2053915264066974,-5.667490332181893,5.00101102298919,134.76630515769844
C4D4F,3.779149390100145,-12.76755204572228,0.9937242755192688,26.95326103153969
RnznI,-11.596925412791595,-8.890226935053278,2.0000802806407254,57.08562464628662
wXbN1,8.06150525084534,-16.019940196984678,2.004281148854288,53.90652206307938
jW8c3,11.141225649788948,-0.1851619835589009,5.0032956616732776,134.76630515769844
Ih6ab,0.3653780772002193,-2.2352817509120637,2.9945646443369847,80.85978309461906
TJ7Dd,13.401424730887086,-7.555344288955085,0.0037309645582726,0.0
PWk87,-6.4951379205547415,-1.3626875161332146,0.9971121997778292,30.132363614746943
iZtGL,6.905059928930831,-13.673086771151034,0.9965962818882654,26.95326103153969
Wcw2X,-10.997059502830734,-6.206075913359388,5.000288831311244,137.94540774090564
Bd0vw,1.5922219768194834,-4.532091518497029,4.992485466676432,134.76630515769844
nW0Az,-9.162266927198866,0.8349186250070435,5.008386698307191,137.94540774090564
XlBzN,-11.274355362588423,6.05612525053575,-0.0043738212556401,3.179102583207246
UWEIE,-6.352927090519327,-6.262839464289577,3.0035553276515543,84.03888567782631
IUJiN,-4.682855404205588,-5.340144912795619,1.0014382020724273,30.132363614746943
EXqAB,-5.589868771088279,-0.9619883547364642,3.0038393936437195,84.03888567782631
nXziE,1.7206695107195698,-8.889232510501893,1.0005478421733909,30.132363614746943
GFhFx,-6.4118744959830085,-1.4503972005214552,3.990433309481701,110.992146709366
W6o7U,2.396439658722201,-0.3100716833133137,0.0084849032306432,0.0
S2rYU,8.716297457503373,-6.461846885785977,1.998358126298424,53.90652206307938
wPnl3,-10.652136038987726,-4.951827780235745,0.0130414969961862,3.179102583207246
Vudmj,0.3673599086034977,-8.025557513906655,5.001522154279458,137.94540774090564
uVhCn,-9.308156770359156,0.7124280834849523,0.00494779700628,3.179102583207246
9mba4,6.949170365634524,-3.068383523187295,-0.006607099459326,0.0
9msgc,0.838280214312519,-5.9357208832823565,3.0009597961080345,84.03888567782631
esrLs,3.890328330064567,-11.13987648921074,0.0044972333509523,3.179102583207246
54892,8.438663239703468,-2.1239400689234382,4.997356850325981,134.76630515769844
FHxYI,1.2588542464974584,-3.5379504003740503,4.0124072531822295,110.992146709366
oQLli,1.09089355943627,-4.255806176018357,2.997783908280547,80.85978309461906
OSKaS,1.053640493417202,-1.1268775333658128,2.9970447136487115,80.85978309461906
oUflH,1.7583197155098622,-3.2720065949593637,1.997024819020696,57.08562464628662
YrOoY,3.921337120241282,-10.501311808672266,0.9994523366268576,26.95326103153969
VMIHk,4.4982069260009645,-0.0150482942151155,3.992653040028896,107.81304412615876
EFgp6,10.857947296301043,-7.826352652510284,1.990906771678149,53.90652206307938
RBSTy,-3.849865014658974,-1.1858522254287278,-0.0005724872382178,3.179102583207246
WDBhO,2.4756588149307968,-9.790121856689652,0.0053833845170272,0.0
9oqbx,8.27552080152992,4.981112851717031,4.000559444013187,107.81304412615876
U7eHF,3.816928841662734,-1.5235110191565098,1.9952505265161555,53.90652206307938
kGpjp,5.301891220508977,-1.2887336748953464,1.0063597848278514,26.95326103153969
plSOt,4.996508222073032,-1.951923455898504,4.999609861595854,134.76630515769844
ctbgS,19.832010844074897,-3.584780201875092,4.998856944663333,134.76630515769844
L3xFK,1.225205490717152,-18.01520458248757,3.0006984695833454,84.03888567782631
xvT1N,8.19548394335642,-9.810200936273503,2.9967779690573337,80.85978309461906
zT43n,8.465650878100481,-4.070177951446135,5.000683589079987,134.76630515769844
TvmUt,-10.78839820846548,0.1073385203800221,4.005200375673079,110.992146709366
8Xvu3,-3.1773795088786434,1.2465394384654491,3.999542207117599,110.992146709366
GcrXJ,6.657744296109126,-12.343539947386448,1.0046076411761418,26.95326103153969
IOMu6,-11.366990416288074,-6.3013798181577805,1.9930956305879048,57.08562464628662
m1taI,7.688898293236488,3.4695226700122577,0.0037690364108137,0.0
Uekv9,-0.3576423456242734,-8.57168963837432,4.000445955252951,110.992146709366
FaJ9P,-12.111707318097398,-6.416216027530089,2.001681882311228,57.08562464628662
At5je,-2.0018734074355864,-7.198947209878832,4.999087825126488,137.94540774090564
QPizg,2.365171478420514,1.955909381959024,2.9996469365286416,80.85978309461906
5BEm5,-5.104982064415092,1.3460007925819637,4.998337262176619,137.94540774090564
jEKTx,-4.868785169491011,-9.657876432682796,2.997372830411372,84.03888567782631
I6GwT,-9.811425947006487,-2.7261368681623104,5.00176062462609,137.94540774090564
G7WSM,11.440243869855498,-1.440671504598937,4.998750257423237,134.76630515769844
3x1uT,10.64933720328536,-7.128476009148817,2.9972236290461165,80.85978309461906
ooI6g,-5.89414945498571,-6.212343957684097,0.9857403294489924,30.132363614746943
RFdYo,5.575239502831017,0.0820775333220797,-0.0033461882828169,0.0
Z3T9J,-2.438228647050224,-11.255432496487224,1.9948698140874035,57.08562464628662
9dJkT,7.486226175133907,7.434045603527203,4.9891285448517815,134.76630515769844
GNB6L,8.097415678783571,-4.616442243514106,3.9972561732803817,107.81304412615876
xLPsU,6.924237851093478,-1.391592103608054,0.0041530450034373,0.0
PzvWD,-6.85943995286579,-8.641986887182808,0.0012488713167064,3.179102583207246
NThjV,10.833906723462675,6.532799317688223,3.0048373566772746,80.85978309461906
cS2KM,-9.784788454839363,-11.362414790777256,-0.0026141935963868,3.179102583207246
p85Ip,4.665396434311862,-2.7382958046685766,3.9956071237237567,107.81304412615876
KJDIY,3.07397937348864,-7.360371978684276,2.0074785570622007,53.90652206307938
NndiK,5.714406185727586,-1.38467436746748,-0.0120370401801999,0.0
DhD3l,-4.421452949918381,-4.0814504721894975,0.9965992418463916,30.132363614746943
13bXK,-6.13801535657913,-2.055172681199557,1.988586244274584,57.08562464628662
YsKQe,1.0230456149013405,-6.2558648870643125,2.999852166701965,80.85978309461906
kOb3j,1.3076236327915698,-5.847049506224465,2.0030231093226205,53.90652206307938
5CCnz,17.245824499926268,-5.3161528755294585,-0.0020219938721318,0.0
zYvuY,5.354563546355274,-10.291684371650092,0.9968404020041468,26.95326103153969
e5fAR,3.37186328426355,-8.886932039009976,5.00798370137399,134.76630515769844
lpfek,-2.1340726960522383,-9.281418710678654,3.004093284545463,84.03888567782631
s5rur,-5.61112459606212,-1.6528962501816054,1.004775176667312,30.132363614746943
uUu0W,-8.165925053521558,-6.746375085277957,0.0002639804334202,3.179102583207246
sjmQ7,7.586461030474125,-7.840538739623643,4.004609224597199,107.81304412615876
j505R,11.182182724162256,2.061857329036571,2.9914118944669728,80.85978309461906
nLZz4,15.477175321771774,6.110436638771947,4.995600225399811,134.76630515769844
UQGfS,8.116205616484647,-9.72641661184403,3.008902588345629,80.85978309461906
RrcRj,-4.761439991872576,-3.544806246757477,5.001498782300532,137.94540774090564
BxflA,-4.022605305471512,-10.31035717077965,3.0018513075356923,84.03888567782631
YUnb2,7.1340495167693865,-7.3695575964707185,3.9901414595516025,107.81304412615876
tYV1R,-11.308991104546545,-7.294535931335941,2.0012699390362365,57.08562464628662
op3Qi,10.443962739193902,-1.8771636085018173,1.007078344820137,26.95326103153969
9yYlA,16.43215264046803,-12.369730601720448,0.9987409490184932,26.95326103153969
fLlqB,-8.851184246537265,-6.3964387569197125,0.0069920711648076,3.179102583207246
Q2MH1,15.558203642026706,-6.3229347608882405,2.99503637313142,80.85978309461906
fnTeG,16.863655390827862,-2.7464308324312383,1.99917129311816,53.90652206307938
4e8fK,-2.6584572606856245,-14.657720095049564,4.9978974301882735,137.94540774090564
ViUZi,-0.4129820737428487,-8.420005500243073,3.002600020448513,84.03888567782631
ZgeBh,-7.553976866501667,-10.735758826290372,4.0002744039926,110.992146709366
ozu5P,-14.310092394556284,-7.218645754605401,0.0064368917414872,3.179102583207246
pjqF2,2.4633616550679687,5.970377337116243,-0.0028190423921493,0.0
E5DPw,7.372512573799275,-6.988678578680467,2.002560707099028,53.90652206307938
itCEO,-6.0694094965316445,-13.35671820945558,-0.0006646401857084,3.179102583207246
ifaRz,9.41199498352925,-4.339328957014798,4.995119039686084,134.76630515769844
Tlq8A,7.221125733830322,-10.89615064809714,4.004755073825621,110.992146709366
RXWXR,-8.958607489476602,-8.96425394488028,3.9978163080558247,110.992146709366
CdKEK,-8.942748203966943,-4.968716755200682,4.0037070430047095,110.992146709366
K20zb,-15.176069538425557,0.1409146667038623,1.0037965525946762,30.132363614746943
9AFh9,6.2346339412968925,-4.128924282157959,0.9966670496859416,26.95326103153969
5jHcR,-5.895919000682661,-8.876605680815675,1.991537298752188,57.08562464628662
H4lJ5,-3.7604265842371545,-2.0444084216284715,1.0012839399165516,30.132363614746943
GrFLu,15.897464080157066,-0.9247367148141916,3.006346998213335,80.85978309461906
bkG1i,-9.513155729503836,-17.521804047804853,1.998873997125234,57.08562464628662
zHLPp,-9.283897351876943,-4.8352004436743705,3.002902786631968,84.03888567782631
vqfFk,-3.151018068117623,-3.750878705165532,2.0103883564309712,57.08562464628662
VdMct,6.811005483241397,-5.607497516237461,2.9980297247769143,80.85978309461906
eLHU8,17.16494444376314,-1.972324928945704,5.006146172024002,134.76630515769844
DbXu3,-17.31084710592114,-7.047797549120232,1.0120483232374122,30.132363614746943
G5sQx,9.36785102018314,1.0733555052214951,1.99861116897706,53.90652206307938
YXtLv,-7.209426019965779,-10.012406578491529,0.9936124622054308,30.132363614746943
GdOfu,3.931434530637924,-5.990222362984987,3.0024192665030207,80.85978309461906
5FeiW,7.792641174322316,-9.63206295601115,4.992109071125014,134.76630515769844
JOaa9,-5.13912955180095,-7.413662702512681,0.0024338610962326,3.179102583207246
sZAau,-15.055248561673348,-6.336216266042517,3.0077663034957807,84.03888567782631
iHFwy,14.18421928084172,-3.3429650703890568,1.0068250912194254,26.95326103153969
I0xEy,8.650630546318885,-7.7009875601395965,4.997677559008352,134.76630515769844
IVqrq,-9.363494810745395,-11.315530936580217,1.0124072628870373,30.132363614746943
GpCuz,10.182119622777469,-3.623697344175064,2.009971548793408,53.90652206307938
qUxqH,-7.816186010846428,0.6531204476363222,1.9986740952465991,57.08562464628662
f54FU,6.3171235695054735,-1.3553465871062491,3.9953111709663687,107.81304412615876
pFhSh,23.82960836839214,-11.216743207118428,2.9961428352002004,80.85978309461906
tH11c,8.720160092179285,-1.5992938953868894,1.9916399249402503,53.90652206307938
t32zI,-11.323247960506984,-4.1396476168348215,3.9969409244866414,110.992146709366
V55HZ,17.08213315228936,-1.3621681641646888,2.996643243098537,80.85978309461906
8O7UU,-12.380088508348848,-5.804381684243058,2.002371163186635,57.08562464628662
uT90b,-4.195564559206699,-18.54760205783214,4.004528301109501,110.992146709366
HEGrS,-13.107473146255913,-8.536566619703922,4.991753135744841,137.94540774090564
wsOrC,13.395812878408256,6.61894684277924,2.9950578127697067,80.85978309461906
dWNxK,5.3462673823635365,-1.8856644002343053,1.0000331524457542,26.95326103153969
8hyi3,-11.676257675088577,-4.409840224636578,2.998616329461808,84.03888567782631
OXpir,-5.077264761818147,-5.136795237164816,2.0026757620384683,57.08562464628662
1YxNl,4.395041051126463,-3.1969025102287345,0.9998812829091906,30.132363614746943
49Rd7,-8.386237520458929,-4.430568759886588,5.001742834938872,137.94540774090564
n26IK,-8.866675881166989,-10.181018973020096,3.000357256522076,84.03888567782631
Z8yHO,-0.3211628524023293,-10.813491801019447,3.00003970226726,80.85978309461906
Qd8Cn,-7.4116895414263855,-1.374329097370162,0.000184796224607,3.179102583207246
nHGnQ,-9.132349018881564,-8.200167859955796,3.001991951210704,84.03888567782631
JpYse,-8.274741912747889,-1.7176375418981775,4.000264736493576,110.992146709366
mcqEV,0.236301427046941,2.862346744051833,1.0000838575090518,26.95326103153969
c1Gul,13.298842076542789,-6.558268162355912,2.0066025544117085,53.90652206307938
7wGTB,6.830993282079118,-5.848223484915062,0.992533758845732,26.95326103153969
9E06c,9.217778462774556,-11.06927958153579,1.0012998225346252,26.95326103153969
UMsFL,-7.998240678787086,-10.652887864459284,2.0010668683196147,57.08562464628662
FrIAn,-18.475143296930277,-11.130645443286284,3.996662487251717,110.992146709366
asVXJ,-5.178230768256832,-1.8434344392469928,3.0011834493811937,84.03888567782631
kNBrD,-0.3789001115948052,-8.338621955515086,3.9906861279275634,110.992146709366
3gVJW,8.009433437142564,-3.75969189364448,0.0067752156398289,0.0
huOrS,6.005463595956662,-15.135862332547095,0.9976395638458152,26.95326103153969
u5I4B,-5.098700260144216,-12.256140622634454,1.0002676086112652,30.132363614746943
g1lNJ,13.620204702735592,-5.852208743355429,2.999223968116821,80.85978309461906
QTIQS,8.270222602161816,-1.2327876096264694,5.0036755421391685,134.76630515769844
SGnwz,-10.059597002007155,1.3036749066214952,2.002957440991822,57.08562464628662
Xnqzs,-2.393507292750674,-4.929694533884579,1.9963675542521435,57.08562464628662
BvikY,-11.087786947690908,-8.284231769298021,3.9969235384608295,110.992146709366
SUq5q,13.887361764452734,-6.9834967205978185,3.009879573470966,80.85978309461906
WZq5d,-7.797502030121202,-13.784581120536629,0.0040005394046781,3.179102583207246
dB7KI,-6.595152178004208,-2.421765163132513,1.9986889235374536,57.08562464628662
AIBXm,-5.917164634494588,-5.222069121907285,2.0091949295390545,57.08562464628662
CoTeM,-7.850896994722688,-5.561180502341664,2.0024701047045266,57.08562464628662
pjyWJ,4.3058827153411405,-8.756897190825653,0.0002111190929719,0.0
GmopP,5.766156242310951,-3.2325746467856287,2.0048235486802004,53.90652206307938
AihFJ,10.39072259678043,2.101259450080009,0.9947663453000528,26.95326103153969
ZsKoV,-13.052268795933404,-11.047233094847526,4.008654907409023,110.992146709366
qGzMX,4.07873694419115,-2.9014400000175904,2.998742973109351,80.85978309461906
fYfEA,9.958637989512784,-1.95587302790022,-0.0014129422942767,0.0
KwOIP,9.439806279515713,-2.433001575343871,3.0038107935662963,80.85978309461906
EOW5o,-13.22681097338788,-7.411424275185009,1.9959373288827764,57.08562464628662
fgzUJ,-6.988708773913936,1.83242443913264,4.0016789175992455,110.992146709366
Q1QeB,7.277795830986395,-2.44679581625784,2.001838929574605,53.90652206307938
05EjT,13.746162246098791,-6.786957890870785,1.0010766426388225,26.95326103153969
gQ2YF,10.478395798965543,-4.811895669683461,3.001494060249632,80.85978309461906
KU8NM,-4.928661754654008,-14.019977808795096,4.006616183164578,110.992146709366
oXBXY,4.525492818452587,-12.61383930062609,3.003185379952813,80.85978309461906
qnUld,-9.008358643633336,-5.5842762112328215,2.9980284966050994,84.03888567782631
P0z2Q,9.610170934966485,-1.786962167897096,0.9980875408944851,26.95326103153969
PpkCG,-0.2984176684836725,-4.178710957217231,1.9984393174297344,57.08562464628662
DCFmL,-13.651468998583397,-2.6951938327600384,2.0050664967384986,57.08562464628662
cjER4,-4.625662011074686,0.4100334839556625,5.000299798477754,137.94540774090564
fyzhu,-9.76663214656856,-11.47108516839397,1.0029946400225052,30.132363614746943
VCgyK,11.968909191253436,-3.9741321313837776,0.9981907319191528,26.95326103153969
XslKB,-3.672291351141346,3.4865827994779943,4.998052229693363,134.76630515769844
0aECm,-7.233620800001257,-5.2894590898304505,3.0028146637984148,84.03888567782631
IXT3I,-12.362143845201564,-10.825275322911391,3.0053600568819965,84.03888567782631
h087D,0.0032848983769993,-6.398848136682313,3.9975730079484215,110.992146709366
mowNc,-4.808878023593729,-4.986239237241717,3.001248804161398,84.03888567782631
2PrH5,-10.96209901403514,-2.8411950508607364,4.0054968338587535,110.992146709366
CwoUo,0.3907916345648843,-5.651012851614452,-0.0013128634485603,3.179102583207246
vvhQn,-0.7593960159785116,-4.100195309902595,0.0050220043472771,3.179102583207246
0gTPA,-8.55135502360724,-7.155659833657462,4.995339492147769,137.94540774090564
smhQK,-11.621530990270056,-9.12920547545986,0.0087315380699691,3.179102583207246
WWDzP,-2.566828579083423,-5.652332229225517,1.0026739424021116,30.132363614746943
6bdGr,1.973896228724306,-2.6521607175615376,4.0024897536721324,110.992146709366
hQd7N,15.105253724909025,-6.033491645803416,1.0080948325274914,26.95326103153969
i1ZvB,3.0972614387677853,-3.44471419180219,4.999354564122458,134.76630515769844
2dORh,-2.819835731472012,-9.363590687355028,3.9999495856236296,110.992146709366
1SuQP,1.8885320222923865,0.3951357158010742,-0.0007855253891484,0.0
NHZDI,3.909415226379594,-3.889786631643105,-0.0039304242838213,0.0
jn6Ui,11.80912667505578,-5.530528701130044,2.9972480565403723,80.85978309461906
F7Is8,1.4797240577336446,-10.208501880562912,1.0060143717062509,26.95326103153969
62gyt,2.3863091851860387,-7.977074098854686,3.99853840812692,110.992146709366
qczDx,14.916672435749344,-6.3338422203594735,1.0061894656945505,26.95326103153969
cHMpv,-5.886869955914031,-8.926190439784644,4.998374823745146,137.94540774090564
ILEBH,12.482481145841133,3.900510882107276,4.999676678771086,134.76630515769844
5V9bg,-3.5942409394716046,-8.568911961554306,2.0015861997591693,57.08562464628662
aUuzs,-5.462011014633815,-8.01006776409065,3.998117785091439,110.992146709366
9pVca,-1.5717436277813102,2.861523755939721,3.994499784152484,110.992146709366
v40uy,9.118527445663709,-1.847817289478377,4.0059129679193015,107.81304412615876
2ajIN,17.594928536586174,-3.482333019719804,4.997142548547666,134.76630515769844
a6o7c,11.676135118133676,-4.828417002608231,-0.0010247572028659,0.0
mUd0p,7.528592188036888,0.3454267654969714,3.995773931397968,107.81304412615876
uRZxB,9.88518250958908,2.73599248783745,1.000007579808995,26.95326103153969
sOctQ,2.000388377047209,-2.2838736067505683,0.0081235542779248,3.179102583207246
2tX1o,4.172067072785769,-1.1820743672138367,4.003941112800317,107.81304412615876
lw5Ck,5.816180955580063,-5.421093981770375,1.0090659426889783,26.95326103153969
8Nfq5,9.457697316385548,-13.548982235428136,4.005032551545298,107.81304412615876
sVbsK,6.97473354474512,-1.5519579554686225,1.0039543986293258,26.95326103153969
un1Qx,17.234878635862692,-12.781455695016716,-0.001340691538461,0.0
rwtTt,12.339854573843848,-6.401567943253458,3.005041546495197,80.85978309461906
2SdE6,-10.225707335514674,5.619331921720519,3.995548422341464,110.992146709366
GWFW9,17.81852622804695,-4.6927490731158725,3.002219946510264,80.85978309461906
FVbb2,5.063286877426222,-0.5749206746510538,3.003280035257547,80.85978309461906
RV32P,8.042242026930078,-2.710040694435495,0.9956691595545184,26.95326103153969
uQFID,4.9106688613071325,-12.291959334612262,2.0017995184057167,53.90652206307938
sIRV0,-3.7953925892785376,-5.754904645791267,1.9977006536464803,57.08562464628662
goYfC,-4.649862877609328,-6.932620159596508,4.005073978371942,110.992146709366
8qSQ1,17.40538742722984,4.14537203362513,5.003976472621114,134.76630515769844
3knMj,6.284849804130291,5.833484990328549,0.9974514166095392,26.95326103153969
WJr8T,9.5583930780462,-9.638037436898212,4.002015426345879,107.81304412615876
Mvkkz,-13.164612068915568,-4.500046259960825,3.0018840292059914,84.03888567782631
Vj7Qp,9.390768401115462,4.535865736549416,4.991416509666822,134.76630515769844
1LLsM,7.339270818674276,-9.626105572197853,3.9914565897780183,107.81304412615876
xYKMX,-6.137711374993678,-2.0602878827975144,5.0059980825416375,137.94540774090564
6lsuo,-3.0678925047243766,-11.23447748013643,0.9976623088418366,30.132363614746943
oF6yV,-6.420690518523481,-6.831907124439168,3.0001995683979583,84.03888567782631
dYkFB,7.16235656856855,4.952194589153881,2.002238623109128,53.90652206307938
Y1WRP,-4.870635781305452,-5.120047759032532,3.9935499487540063,110.992146709366
eaEF3,9.1930740610152,0.7268961677949894,2.0043374344358296,53.90652206307938
Bqs4G,-15.606441665127544,-2.609387951600356,1.9961972065370568,57.08562464628662
BsYn2,9.59559033790766,-6.371918848617697,2.99905480737118,80.85978309461906
nl9AE,2.8617422569538795,-5.6941766598850725,0.9983440713085904,26.95326103153969
PxC1M,7.170090359419122,-8.87647272309629,1.9962672730903592,53.90652206307938
NRVyp,-12.58388372730307,-7.298514305155223,5.0006680223323245,137.94540774090564
qKgTx,-3.968117080982851,-2.0777703833710786,0.0095601996538428,3.179102583207246
ilE3a,11.792418488467073,7.609417330875527,3.987599811089844,107.81304412615876
xcZfO,4.080940853589149,-18.03287867579723,4.003891572711116,107.81304412615876
axfFs,9.403920102184443,-2.78643660648609,0.9975396523822748,26.95326103153969
93TbN,14.578979326376864,1.7469823831695903,4.006978116405115,107.81304412615876
MI0ov,-7.4045400939447585,-6.832691580884827,-0.0010311318105607,3.179102583207246
4WISh,-8.461325135600113,-8.007376271928178,4.003614672961141,110.992146709366
adxJr,4.260102334559375,-4.277118757433291,5.00680406188509,134.76630515769844
KUeLq,-0.2938472778756829,-19.981311615118827,4.994634032786749,137.94540774090564
KDFn6,-11.868246939184171,-9.587902760274735,4.9910671949249314,137.94540774090564
LFvqJ,-8.265802423980357,-8.324296044413119,0.9961686738910088,30.132363614746943
lapM6,-9.92931670147259,-2.2288271428925093,3.99720223156604,110.992146709366
z2JlA,-7.285951370479717,-3.186792275627319,1.996597141814096,57.08562464628662
pn7sS,13.178655306838438,1.772760382000138,3.0042925647495364,80.85978309461906
q78dR,12.225644888883323,4.560613265556607,0.993585134782472,26.95326103153969
j0Jbv,-4.8957031602522445,-3.559925710944314,3.9967048242609375,110.992146709366
8Pw4i,1.367268306540265,1.1270530754758743,2.9933352257820776,80.85978309461906
aG2Q7,19.52725366357026,-4.9543100455395805,3.0041081935243885,80.85978309461906
TqPnl,-16.3924609449495,0.5352201069080316,1.99024891460516,57.08562464628662
XESHz,9.332440545445136,-0.2319305614466857,3.994737685100009,107.81304412615876
XsQ7V,-5.848897435085294,-1.778314853997891,0.0077551026099963,3.179102583207246
g4YkI,-9.5386593048319,-6.648425043594347,5.004745560614898,137.94540774090564
21oO8,1.3189693800281903,-6.998264006921924,2.0008051347296867,57.08562464628662
JHs9c,11.352818401385484,-2.7993535226961668,-0.0045437712505178,0.0
8iCKK,8.14781398874199,-3.778797670322161,4.994931318780381,134.76630515769844
GBllf,2.6612974889772323,-2.7907581988232275,-0.0038586786274327,0.0
IwQcs,9.878805476343366,0.6715530692118756,5.005528505249196,134.76630515769844
g0d2T,5.348600322250143,-13.986610888336338,4.002051964138452,107.81304412615876
GAcSe,6.435730590015225,-3.1749095911641327,4.000117122029489,107.81304412615876
PsLXP,-11.249304673451547,2.21460202952934,3.9975129959810265,110.992146709366
flOTy,-5.443301384053942,0.6789176462567159,2.995995927599613,84.03888567782631
KwEX0,-7.843831526038562,-10.44719336246228,2.000558178802752,57.08562464628662
q0r99,9.9364728679644,3.3815457576413985,-0.0054634733648001,0.0
0hCGI,-0.8907079003639495,-2.0280565436531592,3.0011113070683466,84.03888567782631
F7uCF,-10.12978050386532,0.3742620079486407,1.989725764302068,57.08562464628662
cFVMm,-4.8135606149554455,-10.614061190871974,4.003638644277158,110.992146709366
KCUpv,-18.08554457086097,-6.9582174402926364,3.0133903073353303,84.03888567782631
dI5Hm,-4.499923893110315,-5.155184847570299,3.997425908237932,110.992146709366
vfT1h,-8.209924373451154,-6.148813866988318,5.003258372173349,137.94540774090564
8hJW6,-16.624319869902088,-10.045027821799518,3.995341104103436,110.992146709366
k43l2,-1.7985710453523422,-6.541831351413936,5.003197091129513,137.94540774090564
qe3ac,-5.298091127481177,-9.045780783987045,0.9934043333905918,30.132363614746943
nZ93M,5.101761277153392,-5.304595643165109,4.003858894391117,107.81304412615876
aZEgY,-5.842300867513392,4.454275759449004,4.9983118938224615,137.94540774090564
oYrY3,0.8411921866251637,-11.03307014490962,2.006694439095188,57.08562464628662
Vsb30,-10.697369374007597,-3.5229181283413986,4.993085136509381,137.94540774090564
RUlLG,1.5090335716482637,-1.2892449710481917,1.997629510265012,53.90652206307938
VTYCq,9.539366675648033,-3.398266933958892,2.997641432902963,80.85978309461906
TJxOi,-0.6682290649060336,-4.850235127973215,2.998142635166213,84.03888567782631
eBcRI,-5.363005359450362,-13.83039812025686,-0.0092510292418899,3.179102583207246
6l3dn,5.961174638869956,-9.14104620799874,3.0025578920096434,80.85978309461906
dQOsx,-10.802108953590787,-10.745493863457876,0.9955622935418926,30.132363614746943
CuxQP,5.736261546012591,-8.746957746778444,2.999236101015569,80.85978309461906
6IWz3,4.849253984900684,-0.946406950680573,5.003784778028101,134.76630515769844
nfNms,16.855238592592773,-6.6994431849666345,3.0088697806522657,80.85978309461906
g6JfO,14.72834606710284,-9.078271892184285,1.999300926899077,53.90652206307938
Qu1nz,10.36680961396635,4.054302443388884,3.0018325419604275,80.85978309461906
7ffUq,2.9759339287509303,-2.436288034454566,2.9991221027834905,80.85978309461906
E7VCl,-8.083430796834573,-0.7743584867936999,5.00280327067067,137.94540774090564
akVxI,-8.962264294395409,1.7276826139555563,4.000886155988544,110.992146709366
BPILl,-3.855715788423,-5.363935376875267,4.998592680173164,137.94540774090564
wEoVz,1.841905729388144,-4.2905113446519785,0.9974191285498644,26.95326103153969
99v70,-4.382735645107966,-11.450335568972962,3.9912189536116736,107.81304412615876
XAqJR,-0.2279653595455269,-4.507794686241351,-0.0073860242589591,0.0
PWMMq,-7.619713660971838,0.2184953746117628,2.0049392079994792,57.08562464628662
7pD4d,8.30736755804165,-3.4524016733715763,3.00384270018803,80.85978309461906
KVLSC,-5.322439910937352,-15.282130628996644,-0.0040208125112498,3.179102583207246
pakp2,-5.40432820719924,-6.5842814837920765,0.99961508003296,30.132363614746943
NQGYK,16.522402224386582,-1.3648988069238848,3.0007635469683014,80.85978309461906
gmZrW,4.772970312692432,-1.5926212426136184,1.0057866855871718,30.132363614746943
dkvOC,8.256836194195687,0.0384875306726941,4.001681320067736,107.81304412615876
PNSt7,-3.967607739516223,-5.1117805532089085,2.9976392354881733,84.03888567782631
DYXEv,-12.282120137884732,-1.1897721794484222,-0.0052816542489115,3.179102583207246
ytACE,-1.143000035057276,2.2795332236001165,5.008062163690166,137.94540774090564
drIUd,-11.36290198889506,-17.796001747311074,2.0045127861622967,57.08562464628662
VWvIC,16.401401834885384,10.859346667260697,3.9952326658490183,107.81304412615876
WGHLC,-3.2940969282072667,-6.762344294120357,0.9987506507464152,30.132363614746943
O638O,7.478377224024824,-7.624287237012624,3.0010267763342595,80.85978309461906
GXvel,1.6796524532610588,-5.981902534067388,0.0003863323192846,3.179102583207246
K0N5t,6.563662475605844,-9.758730651041583,1.0053409247446516,26.95326103153969
gOHvZ,-4.134103261739748,-8.25378039309869,0.0136741259686346,3.179102583207246
m2K78,-10.371870017291895,-3.003495421752121,-0.0034138226728378,3.179102583207246
Dx0YV,-13.79570677069308,-7.771346498293287,1.9976886224115031,57.08562464628662
dOj3C,-9.599591200201315,1.2661066277293749,3.99693868918602,110.992146709366
jC06E,-11.982692704955303,1.7969191597326732,1.0017785217884807,30.132363614746943
TjacW,8.134823127627431,-2.653213551211495,5.010595766414354,134.76630515769844
oXgK2,-9.666265321987806,-3.099163666060182,4.992559302087932,137.94540774090564
0IRwD,-1.2582762843221564,-1.0476650447464264,2.9996719168134267,84.03888567782631
ScYtH,13.00457926474552,0.9887181186731436,5.002937530046336,134.76630515769844
f8biT,3.7506768461297457,-3.863962951745384,1.9939760406182432,53.90652206307938
L1JXV,1.845630157322808,-5.848889436807159,4.0038732320873685,107.81304412615876
eTKFx,10.063259733142704,-3.3357466147254624,5.000715702588685,134.76630515769844
xaRbl,-8.693565836989205,-8.3010926881788,2.00527706112975,57.08562464628662
SheMR,3.367148886367305,-6.652772954591796,4.998157552687684,134.76630515769844
gSDr8,15.072121013380844,-1.3274783159953114,5.0032876733942695,134.76630515769844
IlHqH,12.379302424140889,-8.033735719330423,3.9981045632510175,107.81304412615876
iCF0Z,11.053034798141455,0.5626411122473627,2.005053773506288,53.90652206307938
NIetP,8.147931995024043,-7.715506036615045,3.9969988338527536,107.81304412615876
4Ro9c,-4.21218263666554,-13.975608136513287,-0.0043761456441667,3.179102583207246
Y7qAc,-2.952932124330572,-1.7083303065339743,0.0096896014508156,3.179102583207246
GYOH3,9.029941808860768,-3.318997136669976,4.993348465932932,134.76630515769844
nLpkJ,8.59048842852173,-9.027261121801905,1.9959353035772,53.90652206307938
mWCQq,10.8190408223856,-10.070611321275262,3.002055450083453,80.85978309461906
fkGVK,-3.85245103077204,-9.747633977246874,2.9999896668365977,84.03888567782631
3Ujft,5.207810324982733,-10.077114167261886,-0.0020320543471642,0.0
VMCkt,14.14896132680131,-1.0246112582713724,4.0078104294861765,107.81304412615876
4PcU8,-9.720664944944884,-7.614376158232172,1.0009872685410277,30.132363614746943
sWDiu,11.3910236814009,-6.687562185186954,1.999593897941177,53.90652206307938
yEwAK,11.650026291555465,-6.1573464051260975,0.997701683878908,26.95326103153969
dmVwN,10.465229732356113,6.650836048613911,1.9983006578532831,53.90652206307938
u5rqW,6.8895610977745365,2.0767899624839967,0.0043669178852014,0.0
3ACGl,-17.149098817820402,-10.348032001460275,4.005783807335199,110.992146709366
vbMMw,-11.8975907829833,4.766079328170697,5.000604662371853,137.94540774090564
cLU06,-3.585519425158884,-6.095093905381567,3.0047610991456937,84.03888567782631
q0U7M,-11.6588491674858,-13.388708581530953,0.9882444018541462,30.132363614746943
1o1zC,-8.6101791841077,-4.184099923686462,3.0011314658054458,84.03888567782631
xXw00,8.767877662506377,-1.858626668767835,-0.0015817255804591,0.0
QxVJk,-2.7357508424606976,-14.342670745599316,-0.0004099821858806,3.179102583207246
OvoxW,10.441241542621416,-12.526583883094954,5.009996579757647,134.76630515769844
ig706,4.994885345310713,-2.4798612593761646,5.000466914301644,134.76630515769844
L35DT,22.27838420213861,-7.85284098910402,4.997338611514327,134.76630515769844
7FZsV,16.89769172668214,0.103264261385338,1.0051204132629217,26.95326103153969
1E0Ra,11.468776019936442,5.402622694777311,4.002549056967871,107.81304412615876
pz9kC,9.071621309372285,-2.998106845397234,4.999398465816998,134.76630515769844
O3p1a,8.589033132534874,-1.6540650489897777,2.9980247533317463,80.85978309461906
tlZiR,1.8789366114019463,-4.334329122375676,3.0030511106023283,84.03888567782631
eOsuJ,5.70688534113912,-3.0518825299972434,4.001932119894328,107.81304412615876
L9AqS,1.381803674274554,-1.6718170175817484,4.006746583253452,107.81304412615876
j5qt3,0.6445456302292056,1.4662836253638292,4.993661304343112,137.94540774090564
SKK7O,-10.511310981712947,-7.554199064930223,1.001982630190806,30.132363614746943
Px0S8,4.046248932402852,-5.544572219749564,-0.0113716605105452,0.0
9Sdyf,-4.402257372260716,-19.805103391857017,5.003248239268482,137.94540774090564
kkY2i,-5.726326026459134,-7.517699623124987,0.9965451375974904,30.132363614746943
kPR53,-9.204340650573306,-1.8248949214776904,0.0033080403090254,3.179102583207246
fQHsV,8.691582099405625,-8.328119881840061,0.9957213704330508,26.95326103153969
YyZh3,1.4827330830554493,5.7480842645601244,1.0048529837855789,26.95326103153969
kBzX0,-15.50542907079313,-1.3142597777020029,5.003772447359734,137.94540774090564
6uoj2,2.0954317769872968,-15.949146061319794,1.9998382122636813,53.90652206307938
HlPog,12.545435390657492,-8.944270471196894,3.9961469214917744,107.81304412615876
gorZI,9.7746251848238,-6.660181800474451,-0.0101645775336298,0.0
zKtsQ,-14.17514566899056,-8.651740911447991,0.9949580380507228,30.132363614746943
qqB6m,7.788680617136352,-1.623402413695025,4.996303443910448,134.76630515769844
rDmdg,18.84839125871873,-5.516315570917914,3.006802953643388,80.85978309461906
1WlP4,-4.551499660563602,-14.258989821922157,1.9955207893174152,57.08562464628662
KZKaU,6.3738698045736655,-12.418214169516054,5.005733856479095,134.76630515769844
XH8KD,4.5090142380477785,-6.902412650494955,3.995784830383855,107.81304412615876
TtC4O,-3.958306262467256,3.1347361104492766,4.001737598559639,110.992146709366
GOEka,-9.674714198227674,-15.259628073852673,0.0039478089924614,3.179102583207246
lTkrQ,4.590200830941162,-5.87426179563741,4.992771888746116,134.76630515769844
DEoIX,14.38243910371769,-3.231592433568291,0.9932099874308722,26.95326103153969
CO7Jp,11.395125858038549,2.349728886910235,3.006328979021681,80.85978309461906
3krv7,10.558936693572564,-5.1138749719830905,4.007416173644402,107.81304412615876
OTZpH,7.614693875981263,4.45794015115034,0.9981027552868846,26.95326103153969
PdQCI,-15.971593770814891,-0.1642494490520114,1.0030089889343503,30.132363614746943
PFgJj,-8.102220184386201,-4.082933350393708,-0.0011539285812824,3.179102583207246
PBa0W,-12.0073724691609,-0.4513524771741384,3.9999436249256783,110.992146709366
O09Hf,12.536181792006628,-7.839445049199064,0.996030128753042,26.95326103153969
fK9fx,9.526434947365646,-0.4561229379133636,4.9994882094899085,134.76630515769844
WiPjZ,4.782608876702425,-7.720490238045111,4.001954155011888,107.81304412615876
MFLSF,9.842672513131694,0.9863737511509872,4.999825580322775,134.76630515769844
6e7RQ,13.548195829885849,-8.394008567051166,4.000019715261595,107.81304412615876
0vi9Q,11.800364128934786,-3.0269844158275414,1.989724787274004,53.90652206307938
QjhEO,15.040106351048374,-0.0090374472533549,4.997272700276514,134.76630515769844
MDnT0,-1.897633455848271,-1.0321023644163612,2.0081357567969924,57.08562464628662
UjJ2Q,4.487584988893501,-5.295345522303006,0.9975738054878136,26.95326103153969
I3sVV,-2.4206231090111103,-10.322810790067235,1.0016183833661385,30.132363614746943
ok6oT,5.292372734011928,-14.44463604300686,2.9987609366800103,84.03888567782631
lAygI,-8.315855619206443,-5.677237756091339,-0.0033624321958497,3.179102583207246
JQpUm,9.98504346613058,-1.7880767954575296,2.0075305258663185,53.90652206307938
78grI,12.626670799110205,-8.451503031902046,4.000471088549194,107.81304412615876
4Mzgc,0.6311425401572821,-15.564921249306863,3.995741096802469,110.992146709366
Ltgwx,-0.4663917676763986,-3.691740823786308,4.003015579513138,110.992146709366
WXgTW,-2.270686850948296,1.0182981419837018,2.0011287445766333,57.08562464628662
1gXCj,-11.569885185661043,-7.495942014959178,1.9998190173975656,57.08562464628662
e0Rke,15.895874098924384,0.0083615039102702,3.009784507586008,80.85978309461906
25xKU,8.852855258476398,1.1065769786702555,0.0008107771232057,0.0
XJ0hC,1.344672494143473,-6.922756806202023,4.99846569775845,134.76630515769844
Lmw7e,12.467760705856982,0.7754271923814882,1.999578666004675,53.90652206307938
DykM2,7.264830516385023,8.035690835243097,3.000556910589773,80.85978309461906
1JIuA,-8.668466776669444,-8.630803524940205,4.996321707843313,137.94540774090564
moZnw,-7.397631599214391,-9.639898025176583,1.9966954220683728,57.08562464628662
xg4bW,1.9389653080327056,-7.728217264353477,2.9888768713472187,84.03888567782631
DLRVH,-4.294356617359743,4.885995927009316,0.0003477086929203,3.179102583207246
MKew8,7.633550243332393,-6.798988404378775,-0.0016612039052965,0.0
BBWgN,11.11853623776925,1.9447092419951764,3.003639408279623,80.85978309461906
DlNv9,-3.061889548712553,-13.434185107503303,5.008099229043445,137.94540774090564
7009y,5.589725921060758,-9.67150558081763,0.0010740589638655,0.0
rUJII,5.974898521390358,-6.684186556966512,1.9993171195350887,53.90652206307938
NaEdJ,-8.537937281783389,-7.811395945435619,3.0037957649511378,84.03888567782631
kDJNL,-0.2433107942006147,-8.734332612910368,1.9980406897637464,57.08562464628662
czgvv,7.737066710926034,-9.764888462100792,4.9951542347106255,134.76630515769844
k7Wbc,-5.745389977698548,-9.636203560575533,0.994718742360834,30.132363614746943
rEXSq,-11.417959773402709,-5.267621524945333,-0.0134963410832624,3.179102583207246
hRuyo,11.584323179921856,2.516733454942556,5.0039359712979925,134.76630515769844
wDhZr,15.675977147847329,-7.290176292127214,4.997248965892222,134.76630515769844
SmClu,-7.646269002664376,-0.4429111056439154,-0.0011136579648774,3.179102583207246
XBiCB,14.45290028687456,-1.9362346050764525,4.001146221644402,107.81304412615876
NGETX,-11.036454767659643,-0.8457326050111904,-0.011574457273538,3.179102583207246
DYkrZ,1.9212242709703728,-3.228604855189767,3.000369144055405,80.85978309461906
1tGmD,-19.128288216068167,-12.151196518368272,0.0072584393744556,3.179102583207246
XEXS0,7.070325783626133,-9.079748452138674,4.0003511557076905,107.81304412615876
iqCx9,-10.610314381591111,-6.894351520162557,4.997134003427846,137.94540774090564
TPMxm,-13.560769242816862,-1.8434086146838995,3.999419286758069,110.992146709366
UCW98,-0.6359945951376922,-8.253324563937895,0.9870110145009784,30.132363614746943
3TbpN,4.817782148273782,-10.449635775514224,-0.0083725996795372,0.0
sOQLX,9.781597811800296,3.706253889718039,1.0043946435846447,26.95326103153969
VT4o1,9.369444773308356,-2.760100614968937,4.010886070915007,107.81304412615876
7I66S,-18.08612114642039,-3.3951660397412304,3.0029992379829555,84.03888567782631
PtRDt,0.2281507090015049,-8.998385101659695,3.009500394046403,84.03888567782631
e7GK3,6.117808644989299,-1.7462674042206603,0.0036126509220012,0.0
azLEB,2.5660945932266825,-5.449511767377546,0.9954230058940226,30.132363614746943
s7yti,19.843341211577496,-6.260285498396709,0.9991499715602942,26.95326103153969
1XUSz,10.142846559490694,0.1282720675729654,4.004376005985745,107.81304412615876
sPbKf,17.247991147562622,-3.9184483280923854,0.007618821976554,0.0
OEbNR,9.481246519335064,3.3410432655068063,0.9991763288296128,26.95326103153969
v39z1,-13.853952669936008,-3.405019566676457,4.007083076136063,110.992146709366
E06rH,-8.729025838581743,-10.05699101315856,2.002501277043554,57.08562464628662
968AY,8.571676661308105,-1.6606269355685654,3.009496689931256,80.85978309461906
zCejs,-14.445425447079732,-4.729904044083,-0.0068544133180796,3.179102583207246
XWNHI,-0.7905862509120469,-7.444961584853012,1.0093263817723008,30.132363614746943
k6Alh,-2.524209938219565,-9.289826328485187,4.0089249890605325,110.992146709366
nB366,-13.254881850757224,-6.517341946010856,2.0075580471438403,57.08562464628662
vL5Dq,8.222743056036343,-1.2401993078980782,3.99784402553998,107.81304412615876
t66f1,16.783870424408654,-1.4144249697765972,1.9951933612386392,53.90652206307938
oDhzn,6.496236915081098,-8.423663723656864,5.000109842102414,134.76630515769844
0Pxwa,8.712080937512676,-3.4785172254414025,0.0033685273928216,0.0
wBj5N,8.191293412399753,-3.597937077263075,4.995552580685527,134.76630515769844
VX6l3,-6.347443499344196,-8.317822927906668,4.999578683110117,137.94540774090564
bABoD,8.234425455967411,-5.259513357338854,3.006624245274653,80.85978309461906
zCxww,-15.514103549145908,-9.933118063637616,4.001963420497506,110.992146709366
tgoqt,8.172726318299395,-2.1868790980968944,3.996583953845533,107.81304412615876
To9VX,-6.714417020932719,-3.9724329942018857,1.997152510816696,57.08562464628662
0znmT,-7.472799545783148,-10.119318678191249,-0.0062254203517717,3.179102583207246
hU5zs,6.707605501811617,4.811117601356812,2.00271685733125,53.90652206307938
lBrEo,-4.183137017514537,-5.819564015208719,4.998543733606199,137.94540774090564
0fjVh,4.026321164115946,-1.540482275493761,2.9962147750610573,80.85978309461906
qyavL,-13.797505884608904,-4.98470881043371,2.9993769801797945,84.03888567782631
f4ido,9.302220991172568,-7.698680252349455,4.002032154060478,107.81304412615876
U4wsN,7.77077069805008,-0.0658516192752838,2.009822790898873,53.90652206307938
G0UbX,3.7119127254524487,-3.32735946737282,5.000176019978892,134.76630515769844
yo1lq,11.12327641803828,4.637583544395809,-0.0028111919342997,0.0
9sq8P,8.53899857992933,-7.515312983478485,4.999714517302905,134.76630515769844
zOYJE,11.312177868698695,-0.941845233309868,-0.0035453154086026,0.0
iG93o,3.5942856818802698,-0.4235484816587598,3.994108236081924,107.81304412615876
TC0Po,9.78449983631412,-7.433904108616804,4.996784123165648,134.76630515769844
w8Tsh,0.8251648803740831,-3.6665208308220776,5.000529042798736,137.94540774090564
RDBpk,14.51108666855857,0.3414275391388006,4.994937445839769,134.76630515769844
13rHA,-3.2450531974308063,-10.699143477354164,0.009401853744607,3.179102583207246
ECjg5,-11.514558974410058,-9.089979197609944,1.9961068962707464,57.08562464628662
vCHAF,12.67029792587384,-9.193058342365534,5.005193914471451,134.76630515769844
LBeEu,-11.527036044919027,-11.942003189579957,2.9931015744980614,84.03888567782631
KcSEo,-7.737642136319206,-11.948715626640336,3.001554337491706,84.03888567782631
HI3xo,-6.392134969764745,-12.762209041834147,5.011099266674021,137.94540774090564
bDcaQ,6.722826593883179,0.1834984293754242,0.0046995262396579,0.0
5dHFy,-5.708788536744523,-9.041006822748828,0.9931879549431956,30.132363614746943
jrRdn,-5.388770123134027,-3.5266986899771946,0.003275740589926,3.179102583207246
XTUPd,13.457609158940096,6.558078576844356,2.004182244283152,53.90652206307938
B0Gux,-1.3134991406140015,0.0393025540620453,3.996273464761655,110.992146709366
R54yO,-15.299607913247868,-15.14845728972555,4.007230741982744,110.992146709366
CtPUx,-4.618881163657563,-5.738976743976921,3.003253304566794,84.03888567782631
S2IZn,6.137233270442282,-6.5583620981101465,1.99546251019531,53.90652206307938
w8nV8,-3.0466129296654856,-13.540840524992678,0.9974688121261864,30.132363614746943
78GZi,-8.561952170009647,-10.19535129703612,4.99431298044478,137.94540774090564
BTcq1,9.5085159312984,0.6054173967085745,4.005307872310763,107.81304412615876
K4Ecg,-6.085970204885826,-4.4491816464709535,4.998549712266357,137.94540774090564
CUUmW,-9.199012741147133,-13.629126800371274,2.9918480870777326,84.03888567782631
bz4Tz,-4.428855307813401,-1.5020679417220943,5.0045671561867975,137.94540774090564
vvNfU,11.76122270312904,-0.4564608462322939,1.9971369889150967,53.90652206307938
4lHeF,8.884455753180227,-4.81434889440933,0.9965785343204532,26.95326103153969
smYjR,-0.8971026825364223,-8.24419128983819,4.002997428734221,110.992146709366
XLyHv,-6.8712669510086535,-3.0402788349208616,1.9987393801086368,57.08562464628662
XPg5K,4.133686292009058,1.508521393541998,0.0048500963263197,0.0
toGo6,4.714848412618276,-4.94072196684872,3.00302428865148,80.85978309461906
HV00D,9.306167537004544,-6.494698843342477,2.9956909574633346,80.85978309461906
xVtgD,-6.827338090400309,-0.3598560341324361,0.992229975876662,30.132363614746943
dukcS,7.570902519390653,-7.690727870770877,5.004821269660762,134.76630515769844
lWs8z,-6.0089549086218215,-3.6413153888960936,3.0093185260620587,84.03888567782631
YqNBO,-7.273974451576875,-1.5951703032120887,2.007149792255254,57.08562464628662
0F5mo,8.377202646680388,-4.887246826082428,1.0039881084691915,26.95326103153969
Jzz7f,-6.045589391751722,-6.696764767280843,4.997673851186262,137.94540774090564
jq4Fs,-4.245199784393819,-5.136680941754951,2.0006664097197158,57.08562464628662
n4Qgd,6.236592294463835,-5.495878588925427,2.9997657454452367,80.85978309461906
j0vqJ,7.122655075202442,-7.790832146585085,5.002487083383159,137.94540774090564
IqxoZ,5.148280224321682,3.7683851347502895,1.9976842643272748,53.90652206307938
cBOq8,-3.007405303952455,-4.974229631320132,-0.0017754949765566,3.179102583207246
264me,8.749720839985455,-6.231302192333518,2.001541057098001,53.90652206307938
nW21e,-4.180019796155518,-10.235527443530806,3.0057865954703256,84.03888567782631
cX5G6,10.3082422748851,6.798806323478261,-0.0063110463813404,0.0
p9DTQ,10.348720923770657,-3.81423186532156,4.994451979338968,134.76630515769844
f265w,-11.39379370636592,-12.07892459101118,5.0021977595366485,137.94540774090564
1STZ5,-11.342154434019694,-5.545308818656013,5.005328050350158,137.94540774090564
zu36m,6.694494449746724,0.2672416788222964,5.000096795023241,134.76630515769844
2VAZP,-8.578644056850687,-2.571860580135319,4.002380693130572,110.992146709366
pcwdU,-18.919594796979847,-4.695472793011941,4.002921596934348,110.992146709366
5DYln,2.1047056056549778,-0.5770544766819907,4.0110537292018975,107.81304412615876
WoP3P,-0.2512474561145597,-5.2920069997970005,1.0070553747830002,30.132363614746943
soxPu,-1.076718815557804,-4.374901000823688,4.991794182329138,134.76630515769844
isduE,-4.725180640040863,8.49449770269073,4.992335585262705,137.94540774090564
ysrek,0.8272229939446802,4.281804531699264,1.9938559048854,53.90652206307938
8Fyoj,5.89062723031537,4.06848763528585,2.0029313328252347,53.90652206307938
yv1b2,10.686854906610662,-6.777341565013932,0.9956660375480147,26.95326103153969
n1rvO,7.493022629414067,-3.1500299507617457,1.000015996458718,26.95326103153969
FWg6y,-7.194982854439847,-18.265207275117284,4.9972739257325305,137.94540774090564
2Dewf,13.896742984772567,-9.712219697654682,4.00937249325859,107.81304412615876
2VPAf,10.402172179142225,-5.689971376329818,1.0019769582734026,26.95326103153969
DINSE,13.770848001268424,-3.828705737342784,3.996320720728096,107.81304412615876
2ScFa,-0.7330777964879616,-12.784955088601391,0.9966696763779782,26.95326103153969
i9451,-9.221187171372897,-12.491105318565454,2.0003717154595666,57.08562464628662
NYs0v,-7.053867103379138,-0.1295680536304191,-4.8565129810912765e-05,3.179102583207246
yiyo4,-0.5782992300219956,-2.808293324996789,5.004499189439247,134.76630515769844
DAojM,-7.970059425859213,-14.669529457843447,2.0073765091960203,57.08562464628662
ISeIN,-7.698569082563345,-11.232606282330355,0.9991178563690564,30.132363614746943
ouzEQ,-12.067258495411195,-6.318808815017687,2.9966833012514247,84.03888567782631
alZcc,-9.257503183333476,-7.162356363081937,4.00285187854273,110.992146709366
X9vX7,-9.094137027270502,-3.651064725737765,0.997116158317226,30.132363614746943
o6gHk,-0.2359835990331422,4.730440968834066,2.9967341345570486,80.85978309461906
C21SL,-7.954410717767727,-11.897628556533194,0.0023879232610467,3.179102583207246
TcANb,4.637202452419632,-12.73910341333385,2.011472036665809,53.90652206307938
t4X10,12.639739133910885,-3.9867570294553887,1.9985472354952905,53.90652206307938
8PrvT,11.929214067702391,-1.1486710637978996,3.0028329611229148,80.85978309461906
iLhXH,-14.367556381232204,-6.914168401086209,0.0034910961973822,3.179102583207246
fmwet,7.605255861258676,-12.360631948854106,4.004020085739429,107.81304412615876
wegfl,16.63198751001415,-3.9778378352790407,1.000773736717321,26.95326103153969
5Riqg,-3.0640805801324964,-11.13267759484972,2.9973782641712634,84.03888567782631
A13ns,2.7438032913400714,0.8765145679867405,-0.0011837501028056,0.0
Q7xCN,-3.0895060037794786,-3.2120804891636623,3.9986908608074905,110.992146709366
SqXBt,-4.170705331108492,0.8341290727697599,4.999049709047019,137.94540774090564
HvPHd,-9.572809377262224,-12.753093763651206,2.996091386986752,84.03888567782631
C2fGj,-2.9928966562642985,-3.2209942038886687,0.0012431425620223,3.179102583207246
3dXZV,5.2526121069983525,-0.6153572677485064,1.9984979520192447,53.90652206307938
qwiE4,2.162677800670917,-0.8404472722449601,1.9978329054911368,57.08562464628662
lv2gO,-2.038526544862658,-0.0479018255492871,5.000152542115235,137.94540774090564
Q6xWJ,1.098143684750695,-12.2035258808386,4.997786509398714,137.94540774090564
QD6U8,4.0398761661203775,-4.770970335602296,3.006680129355744,80.85978309461906
eolgV,-6.988414324175729,-1.4024143821427604,4.995765874064619,137.94540774090564
5u3Sd,-2.5178657017368127,-6.0056030953157125,3.002507288378576,84.03888567782631
tf811,9.680008025839,6.174848627248102,5.004651878553302,134.76630515769844
YsDhs,-8.314641909973744,-8.546137558155358,-0.0003058152638094,3.179102583207246
Efi2m,-9.39423467479927,-8.793687121313155,-0.0012462045119637,3.179102583207246
ateMj,-3.94297288802462,-5.688563313627545,4.991534395856233,137.94540774090564
uV6dr,-10.182326897032704,-1.4645291055070748,4.9916750534858805,137.94540774090564
9m1VG,0.3004252099711602,-7.8287107508122995,2.006254748936307,57.08562464628662
RE2lW,-17.46932447440463,-3.5949602583100937,1.9946809102789764,57.08562464628662
r7OxB,-10.541210034162564,-5.091607963674763,3.99987649127715,110.992146709366
uW5mW,9.247178691363375,3.520255878110272,1.0007946653967408,26.95326103153969
J139z,-4.680936013024203,3.262157887488629,2.9941387525968115,84.03888567782631
JOoNr,-14.313409359334042,-3.293845270811784,4.003483170754426,110.992146709366
AXuPl,-7.859675720523812,-2.015075135526332,0.0063551501605772,3.179102583207246
xddof,8.588846143678474,2.420717425213571,3.008076743954923,80.85978309461906
xPGN0,-7.20133052205724,-8.58132194424034,1.9954754278373148,57.08562464628662
kOIeQ,-1.7112695099350397,-13.08744590080406,4.9971368140306,134.76630515769844
aWGzK,17.456076376309078,1.3802810146198796,2.00045125539901,53.90652206307938
NZUhy,8.953420466871723,-4.83363612683362,2.9995298289612013,80.85978309461906
3bY1Z,-12.622449680318912,-2.642177749353936,2.996024718864861,84.03888567782631
JFDMu,4.222839560530175,-5.2782143437582825,5.0036402521956935,137.94540774090564
TGCyO,19.98191792450769,-12.794913974917511,0.0005449472053604,0.0
Yk5mR,2.8149987843817046,4.187698218337287,1.9981907194838908,53.90652206307938
6ND02,11.505326627075815,-5.124986419000272,2.998524439432196,80.85978309461906
iHjM7,-13.337589658162324,-0.9537336197356616,4.9993066592354864,137.94540774090564
leTeA,-11.354299252141772,-5.075275517710692,3.998076291406158,110.992146709366
lv7vC,-2.868870040974487,-12.830859026053822,3.9864531894205184,110.992146709366
SEs5A,12.284977182675377,-13.63105966102006,3.999570048065503,107.81304412615876
EXQqj,-10.839438821613752,-6.241450657776303,5.0036290026216586,137.94540774090564
Z2YQl,-5.950953918865722,-4.998822013447335,1.9928832836274235,57.08562464628662
Pw1b8,1.0068922763929569,-5.003026459467242,2.994446409567665,80.85978309461906
MgpcK,6.919885895515043,-10.47783380315352,4.001751399194603,107.81304412615876
clZMf,-4.050139072500161,-7.746679366306266,1.0005327784027909,30.132363614746943
jAYOM,7.097397820974537,-2.055080336552071,1.99844456682198,53.90652206307938
ed4w2,2.7713669318326213,-5.829285778660374,4.004001991517557,110.992146709366
o7l4S,-5.270730868120663,-7.165993985776384,1.0006110235554737,30.132363614746943
QbbKv,13.146996424384374,-4.111308364608789,0.9947887324241844,26.95326103153969
kRxob,-8.847169804544189,-12.964914116215876,4.002973661054393,110.992146709366
vRCPU,10.650733585571864,2.603229551764933,3.0016006969587075,80.85978309461906
8rA8G,3.4937879310085367,-5.999088143395035,3.00575833134381,80.85978309461906
uct6H,8.386801709003013,-8.236863796431678,0.0004050054019654,0.0
5Ac6I,16.50614561009872,-4.488448971811437,2.0048612345082475,53.90652206307938
F1P0V,0.2424671106099163,-8.638980589262914,3.993507164392109,110.992146709366
Zieh6,-7.9826339136873345,0.0154427360622184,3.0063385142544488,84.03888567782631
2adAB,5.255227509270134,-13.22758388017541,1.0010751331547834,26.95326103153969
BY9LL,9.332316407446717,0.4636759486658351,3.00001518511204,80.85978309461906
17Igx,9.122788513057433,-3.607612387208969,1.9945096251624657,53.90652206307938
T7sdz,18.943638799165875,-3.1566162982559094,2.993512880728092,80.85978309461906
vl6Yw,8.437029394206366,-7.937987044755751,5.0062407194402265,134.76630515769844
S0dVO,-0.8151332635480504,-3.2672942142401733,0.991700366012996,30.132363614746943
K6OLT,-9.19236053961088,-0.2635559252213584,1.997166189607327,57.08562464628662
HzCYP,-3.385054010678904,-1.538986850207662,2.0049349692699754,57.08562464628662
P4DNM,0.9024725539217372,-9.29234699247468,3.0057027537940924,84.03888567782631
PMYjP,6.9360540213565045,-1.2083032161323723,0.0059744997690938,0.0
Hoky7,-1.7408909000953745,-5.088778768498985,4.994883862982877,134.76630515769844
qthmT,-12.128067933298508,-6.7168992528467655,4.991164027273634,137.94540774090564
QKFhh,1.3838780985477257,-1.2944599136884207,1.9925176129617463,53.90652206307938
uImgt,-10.397717869247945,-9.52869571764424,3.9960898528709454,110.992146709366
Fib7s,3.798802684001576,0.2991930919622469,-0.0012787446978411,0.0
aDR7V,8.161705908905292,-9.86978192291878,4.0038741764370185,107.81304412615876
fdp9S,13.422512562444108,1.5084287816232331,5.008161754746085,134.76630515769844
2oWLz,-5.25791042907929,-14.156299774433156,2.000506896174084,57.08562464628662
tbuTO,14.866069092362778,-0.6284355462781392,0.00648668589702,0.0
0p0YJ,-9.622099353839983,3.4154572510185184,4.993325058221052,137.94540774090564
ARGrv,-5.4364446986119095,-4.826047545729008,1.0037440281520829,30.132363614746943
Kt3DK,5.538710655914644,3.438888932014703,3.9989589946189534,107.81304412615876
sOU2D,0.3020505320208349,-9.107912384637812,2.9973056770553894,84.03888567782631
ZTTyv,24.41123164518475,1.5313572312503163,2.002729986658874,53.90652206307938
dcMGT,10.861301545686288,-3.560970725152876,1.9926554221041088,53.90652206307938
6NNgh,-8.085118034446845,-9.377228391458075,-0.0022861158171839,3.179102583207246
6omGw,4.989822922778664,2.240708030874382,1.987714195606756,53.90652206307938
t48NP,3.4911632665998,-1.658537537234114,0.0068264754537974,0.0
Tj6Bp,8.327874277452214,-9.16921578430673,1.00199647144016,26.95326103153969
0Uun8,6.834975580180742,-5.860501464478255,1.0038321038076583,26.95326103153969
xHnDo,4.576491749029633,-10.860468142519824,3.9913049845706254,107.81304412615876
pPAOB,14.582016428877887,-0.288541694716006,4.993884987074467,134.76630515769844
9Ch0D,-3.595446349890401,-4.411556870867211,-0.0036127233494095,3.179102583207246
MrVYl,-1.880254357827956,0.4897539348266076,1.9997943135249705,57.08562464628662
ROKYI,-0.2631084495076301,-10.140213944187538,1.997243157341054,53.90652206307938
YFpCA,0.8495870955266858,-0.8786639401952048,1.9991876592116895,57.08562464628662
gHZoR,-3.0429004822212984,-11.321286014449589,3.999929904159206,110.992146709366
FIYeq,2.1778568970205034,-12.324860835255311,1.9988573105626568,53.90652206307938
FSeUN,0.4057109102222069,-4.273346892920683,0.0094836487566092,3.179102583207246
FG4AR,-9.602510245855427,-5.851565740507366,3.9936879562577454,110.992146709366
6jfzA,8.706998162444576,-9.76644644870098,4.995982450448673,134.76630515769844
4Uy2P,-8.050570929185751,-6.123956226693023,2.999924684860267,84.03888567782631
gWIPV,11.394215031659982,3.764050540358157,1.0029998678582033,26.95326103153969
mGtrY,9.590305354484531,-11.615870389725869,5.004009786280216,134.76630515769844
TspxV,9.426382172373971,-5.203120499670104,0.998454359057861,26.95326103153969
qW3O7,-5.025831340662614,-15.298468948036763,2.0058937625785216,57.08562464628662
h1fIe,10.57422996065821,-8.4187305424141,0.0052083250879321,0.0
CeiLU,-7.262901671573263,-6.844304429226778,3.9949091960279786,110.992146709366
EwqMv,-2.3635678197043206,-3.807950406004807,3.9994017338788415,110.992146709366
2l1jG,7.0852194677191935,0.5740150781752948,1.9929251729063209,53.90652206307938
1gdbz,-5.258857765747124,-5.579514008277699,2.9962973440725214,84.03888567782631
V26wJ,10.290793832948632,-4.989042847484196,1.9930601002683948,53.90652206307938
V0BY9,-2.659123513467458,-2.340348969963635,4.000657583874424,110.992146709366
LiEFX,1.457809370165248,-2.7591383428281406,2.002375041762701,57.08562464628662
sEc1H,0.5691448393052481,-9.41528132773666,1.0002312898017172,30.132363614746943
6wtB6,6.3707300778435245,-0.5269405413561739,3.0018742171372934,80.85978309461906
Wu2t5,5.828931102895664,-7.975324092597072,7.193718788827914e-05,0.0
LOpgh,-5.740464680073521,-10.961453644945031,5.0029351444279815,137.94540774090564
BCozL,4.3601662710568325,-8.388100646645603,0.99860852806807,26.95326103153969
iynxs,9.481697067937173,0.9365874570295104,1.008798900885962,26.95326103153969
POjW3,14.64353804057993,-0.4886528617989141,3.00618030107884,80.85978309461906
M2Ew4,12.54006563646566,-7.309017265960843,3.997614345300708,107.81304412615876
yindp,-11.702989009543414,-6.583685119284847,3.9954706830503386,110.992146709366
sD1zI,12.155761716843564,2.326013414751853,5.003823916426494,134.76630515769844
i0lud,7.802904310996183,-7.4097874509772765,0.9931900132682951,26.95326103153969
fa914,-8.275151976646901,-12.20620605136612,3.001825241296892,84.03888567782631
eQeKK,-5.761637307108048,-6.460438456968398,1.999649406532091,57.08562464628662
KrR0Q,-8.139805645103023,-3.1046405190279684,1.004031819770673,30.132363614746943
aDK6O,-9.92012571752773,6.667595267694918,4.995821458681228,137.94540774090564
Llun0,0.3200383167287004,-0.5692733670779679,1.9954686652003124,53.90652206307938
AYPuR,8.715620622366865,-7.284482745813793,1.9961280837362283,53.90652206307938
gX0DD,-11.548125241183577,3.191348384601138,0.0046291495349662,3.179102583207246
ibOu6,-8.477713172867889,-14.118332920390404,4.001594150477944,110.992146709366
8jx7X,11.079587200664132,-11.06083726403903,4.0108450516637015,107.81304412615876
81aE1,17.699619497406477,-6.66694053689691,2.9997688429948908,80.85978309461906
Xl5ar,-10.505876960153577,0.5545471401154254,2.006908144917975,57.08562464628662
RtGT5,-3.2355881429498137,-10.284502492331365,2.9990900479113782,84.03888567782631
vRRUc,-9.446151299379798,-3.544525294147948,3.9941941081183177,110.992146709366
c6dsH,-7.085184759880643,-8.758637900217451,-0.0021541055076066,3.179102583207246
kQNOq,-2.3242907050996244,-9.159444916924691,2.0007250256264864,57.08562464628662
Vrg7X,2.780394423565131,-7.458179714976707,3.996042728937845,107.81304412615876
67VTJ,2.319625878775564,-5.131689458220605,0.0036128859334133,3.179102583207246
QB7mP,7.068488268497197,-3.430509445650149,5.001233945846633,134.76630515769844
vP4ks,2.3223459928452934,-7.104582201574331,1.0032793300726732,26.95326103153969
P6RVa,-7.102558621823825,-3.6310797465344624,3.9959832720259154,110.992146709366
sS1L8,-4.906419560736878,-3.673935123407716,5.843229918428824e-05,3.179102583207246
ySMFK,-3.424273726795308,0.2096798392273795,4.008496007001456,110.992146709366
KbwCk,10.120275876613665,-10.61031460381658,4.000851961683956,107.81304412615876
t1Q1A,6.839421454905827,4.835251087498299,2.0016368289470217,53.90652206307938
YcLOt,1.288230425299682,-7.903174467026958,5.001308727408235,134.76630515769844
ajJ2q,7.654729547156571,-7.739915324779706,1.9937601285468232,53.90652206307938
2vlkO,-11.62247985421952,-14.120822208327578,0.0007002438674399,3.179102583207246
MbVEy,-4.457980504122379,-2.579906973541513,0.9963571872379834,30.132363614746943
qyFHc,-7.232340615726517,-12.810894458715604,4.99348552866204,137.94540774090564
Uz8tL,7.077045697925112,-4.797480668911338,2.0025873288037044,53.90652206307938
jUCKY,0.5861133444890321,-9.392868144239358,3.998560886965298,110.992146709366
PAUwM,0.6531280988448831,-2.4008754152782226,4.001415956135165,110.992146709366
5Tsng,-8.99537895548144,-5.825876458135384,2.0030436940677445,57.08562464628662
sp6yu,11.679600273183391,-8.68648659100949,0.9976190536645372,26.95326103153969
z5w7f,-2.0573342196906297,-4.754664382945339,3.0080736829086305,84.03888567782631
o0rZz,-5.636771874756559,-7.9887626779098895,-0.0050866933749541,3.179102583207246
8dSKD,11.278397986794074,1.2985755101117895,5.001908097715128,134.76630515769844
XZLkZ,-7.909562886251072,-0.0739295965286288,3.995348209975848,110.992146709366
IUAvs,9.415968299974384,3.321618200450998,0.0030483559878128,0.0
9ZMC0,-3.772989113433614,0.3802190133889676,5.004670765188282,137.94540774090564
HDKaS,4.307901762207556,-4.106741532785351,3.99942754375922,110.992146709366
cgKe8,14.056535716581273,0.6815621458062795,3.0049500129717885,80.85978309461906
g3Srm,12.937553967823469,-6.779608890255753,4.0033513304744615,107.81304412615876
PgXkD,0.7619092204278886,-0.9995388742444784,2.005195619730097,53.90652206307938
jZiuc,-8.499634460378134,-12.476186667237029,1.9958484737991,57.08562464628662
FptLi,-3.321810056663524,-7.817751721267495,0.9919559782896056,30.132363614746943
X9AjY,5.9535494362953605,0.4030300939743832,1.006078880647262,26.95326103153969
Crdey,-8.826848536967026,-4.174625211017574,1.0055413155166495,30.132363614746943
YIrHT,-15.195294509260636,-1.8568249281933185,1.001508819445044,30.132363614746943
f8btI,-9.760232008306009,0.2621962076472579,0.0057787792736474,3.179102583207246
INQwZ,0.1834452675662072,-2.2082959592810267,4.996818918749631,137.94540774090564
gXGFc,-3.939870532495408,-6.727850021747855,0.9934120605000744,30.132363614746943
KaP8B,5.8371806621074285,-9.896044286100055,5.001970164179288,134.76630515769844
x8nyQ,-8.885270065540487,-7.357837927204622,2.009790040303823,57.08562464628662
RfS0y,8.22847445829408,-2.02553834249912,1.0042422378572446,26.95326103153969
FjrFa,7.351446998158222,-3.8518104721609823,0.0039119293120264,3.179102583207246
xNRAL,7.072756200652635,-4.6935363651501305,0.9952104865252016,26.95326103153969
elsDf,13.345372782036446,-3.8358057589846624,-0.0037882211833911,0.0
8ad0o,2.0591056643608185,-9.939800842404198,4.9974700873710525,137.94540774090564
pCclx,-6.180183706508965,-11.037362125430802,5.010734184425653,137.94540774090564
KT0A5,13.659742434551063,-2.970718440576708,0.9958477213739572,26.95326103153969
bEP6F,4.851747586838139,3.3940271902847483,3.0024562646673285,80.85978309461906
Wtze5,3.0134625634222187,4.129397007672377,1.991544755411312,53.90652206307938
fDVL2,2.9415200027686854,-7.061544063947323,-0.0064595775631783,0.0
yATSr,6.7972162948060175,0.2699214305391728,1.0081958247417997,26.95326103153969
IMFlM,14.3393540303105,-12.203444089421096,0.0064129379051402,0.0
cHc5v,11.902049735738762,-9.757614012860328,4.00267748552476,107.81304412615876
xsjpD,11.610847936065673,-0.944087364901426,1.9995132880583524,53.90652206307938
kaWpm,3.372641783568195,-6.309140166147801,1.9963736851590992,53.90652206307938
Nazfc,12.006392693462088,-2.856112838658708,-0.0017252907775725,0.0
WG0X6,7.15767228534823,-8.012061695741078,0.9981218108367134,26.95326103153969
BPPV8,-8.436018392881873,-10.940195763692024,2.0027808829629103,57.08562464628662
XKnCb,7.903363012853006,-0.315024106844239,3.998137197675232,107.81304412615876
3Yy0m,-19.684514603548266,-11.730566313311831,1.997301242891537,57.08562464628662
tJqp4,18.574998837432595,-1.8336822711862373,2.005197282477756,53.90652206307938
is9Qr,10.861034288304696,-6.78310036153408,4.008205639200076,107.81304412615876
jILdw,13.772225008851388,-6.041583302290949,4.001797082090305,107.81304412615876
kyKMC,-4.140202908931029,-9.352408530042204,-0.0038863466825435,3.179102583207246
zjUuH,8.961401362404496,-0.4474521420673368,2.003236503733373,53.90652206307938
z7c7e,12.606174406936631,0.3002564874414929,4.998889825137188,134.76630515769844
dMh9J,-6.153720818494395,-5.67348342258717,-0.002598007424869,3.179102583207246
RgWTR,-5.352675144530346,-13.101750862176,4.9957362468536095,137.94540774090564
dxKE3,-17.043928127807867,-9.720649698579184,3.005239243746189,84.03888567782631
g8RQM,-7.0977467211604175,-4.935292571189066,1.9933993204442024,57.08562464628662
URgY6,2.0884836365663597,2.2248147603100863,1.99852178552898,53.90652206307938
J6w3f,10.54604845005306,-8.863383335746141,5.013871781017649,134.76630515769844
TVMG6,-15.658224083370358,-15.533554916889775,5.000459707515281,137.94540774090564
VcgyP,-2.493722869360822,-8.015491801811693,2.006870889171505,57.08562464628662
zk0TR,-6.948646694973358,-9.038586388327229,3.0023623807077686,84.03888567782631
aN0XK,-6.209418526550398,1.3163449060198928,3.011098951342525,84.03888567782631
4go33,13.197375038623758,-4.941490947034363,4.999186419852796,134.76630515769844
i4Mi7,11.11157323317277,-6.069913227555661,4.008026440580225,107.81304412615876
ZP04Y,7.188573048340661,-2.783675068907857,0.0004936989591581,0.0
h3aBz,-3.102201602508578,-7.15865537322571,1.9999411508493257,57.08562464628662
i0HQ2,-7.83001159444499,-7.932829391030455,2.007941308082976,57.08562464628662
e2TSS,-9.183372694446591,-9.291327280650572,2.002393027569853,57.08562464628662
QeJKp,-7.039089472297789,-6.942986875280508,0.0065191910214866,3.179102583207246
9uRn1,-17.957966135325908,-4.009918237763716,2.008848930850024,57.08562464628662
ygOMg,8.996776707333485,-4.385698199353864,0.9970139537668326,26.95326103153969
qQhB1,12.037643404385124,-3.6870797648269806,4.997190951356562,134.76630515769844
WFB3W,13.29092373658662,-2.8732571781543688,0.995496159479652,26.95326103153969
dtddK,3.3608997633803908,-3.195361528213808,3.9937815029531896,110.992146709366
wVuEK,-14.868487908671463,-7.781911851930188,-0.0021563481942844,3.179102583207246
npoIk,10.25271881482796,-1.9266437284488744,5.00471232395632,134.76630515769844
vKYsh,-12.252100324510485,-3.839727366059139,3.0077433197093,84.03888567782631
IJ1q0,6.97186531757059,-3.100408880723536,0.000514688657041,0.0
E0gzh,-1.3546371418065428,-1.9618194110386584,4.997372299086951,137.94540774090564
4XXid,15.475008761628905,-6.103195471275159,0.9906265958881392,26.95326103153969
wYd6f,10.047096233318644,-7.055069073302803,0.0054844423152739,0.0
hFOor,6.879816754693638,-9.047297544469426,1.0008454133124518,26.95326103153969
M34Nm,10.094957702111245,-3.024197364575845,4.9965282780722005,134.76630515769844
W2FF4,8.591944556159271,0.4594949117948986,5.003683125049316,134.76630515769844
9WtkJ,19.13172578563716,-0.2395954684674031,4.994380826445872,134.76630515769844
oMI8g,11.384950341926162,1.345774954248692,5.001766999741803,134.76630515769844
mVupz,-12.119808353640527,-7.2708402039652285,4.995921307224012,137.94540774090564
L3qyE,-3.2114584770586574,-8.184842640629881,3.991912898035639,110.992146709366
qvtAk,3.575736036993888,-5.9172270958951945,1.0086656827731706,26.95326103153969
naaR0,11.077128127920776,1.3818331359492966,0.9989716706788676,26.95326103153969
s0JSW,11.96163502059118,-0.8514171910537679,-0.0047515646391608,0.0
HOh0Q,-5.067982125409977,-0.967091303689422,4.99306318333015,137.94540774090564
fD6Ih,3.158049870274436,-8.25306960516173,2.006278273774189,53.90652206307938
4JmIX,4.564132591007082,-7.354255358644277,3.995945276057977,107.81304412615876
2y2tn,-5.229135895146113,-12.58413470789228,0.0031040683283857,3.179102583207246
299cn,-9.625725611842268,-5.614196458538455,4.988486034390559,137.94540774090564
abihg,-11.702416911936885,0.7818960164473571,1.9961837653185035,57.08562464628662
LDFIY,-3.1494451970364965,-6.972804064569298,-0.0028967538399263,3.179102583207246
5o2yN,-10.44708600968722,-5.556542323149818,-0.0026544878095961,3.179102583207246
vjxTM,-6.684088164518983,2.394540216992977,4.0003715616968645,110.992146709366
BPWrS,9.664887004706827,-3.1546163895164896,4.0003794929977285,107.81304412615876
RUYO3,-6.17421872264157,-1.4218559531789312,1.993342354952304,57.08562464628662
pmoay,10.204307853766553,-6.864899734109184,-0.0005358518311227,0.0
D7H1Y,-2.178325442146252,-13.384998882605666,1.0015451205646184,30.132363614746943
yFDWg,13.979115760860555,-0.0108911835510987,3.00427692619378,80.85978309461906
Nl8Jx,-3.425211169336212,-6.260175698513619,4.998964418890318,134.76630515769844
SOFvb,-0.90077812550728,-6.569262829724343,4.001948250522385,110.992146709366
M2E3j,-9.3362322465761,-7.926245963392477,-0.0020178314011285,3.179102583207246
HY4Q0,-6.372886337106,-14.59667190634904,3.00115935901785,84.03888567782631
lAHc7,-13.0598124231138,-7.304827454881797,3.9995086131415554,110.992146709366
mNmVK,-5.191187677721421,-4.405113978746207,4.996858127556475,137.94540774090564
7ZHnI,4.724562673515975,1.5215143535545836,0.9999495617855908,26.95326103153969
5E7Sm,-5.118795666618227,-6.281171842582241,4.996303573920955,134.76630515769844
wQpqg,7.296618799322518,-3.1769692293386846,-6.347028192495797e-06,0.0
PodXw,2.651773368870568,-0.6153156176474539,0.992297097957794,26.95326103153969
WmD4i,8.622082280831986,-6.74810706372305,4.9986968640274725,134.76630515769844
ghRPk,7.548014965260927,1.551236292308432,0.9929362104387356,26.95326103153969
YnfRo,-13.956944324779675,-1.7610402520130224,5.003027842608357,137.94540774090564
8Kflz,8.275858235400841,-1.4546777170233822,0.9921707332115504,26.95326103153969
aeeI7,-6.033306093761313,-4.791051511516297,5.005455096763139,137.94540774090564
k44Ep,-9.909095515351732,-4.075960607302334,5.003762498308856,137.94540774090564
xEvoE,5.559385093416656,-5.800728990980509,2.9959667737847755,80.85978309461906
0NQmN,-5.135011175202957,-8.278049303202389,2.000083210523345,57.08562464628662
rMD6b,0.7829047266748024,-3.2726030483148865,3.0006599340242994,80.85978309461906
ZtsHf,6.493945960463488,-5.7132412430587385,5.011764903166762,134.76630515769844
pdMiS,8.54271505836021,-9.902181483861286,2.9958956181593366,80.85978309461906
c5ntd,-6.921145143776483,-11.518286677795734,1.0016230828742156,30.132363614746943
Asdjv,18.14136256374532,-5.697974859979031,5.002262745572625,134.76630515769844
RfXMR,3.828278921161184,3.1034627352442348,2.0023482951649227,53.90652206307938
pKiin,4.6132939651293166,-12.507387987542415,0.0009863153055922,0.0
XhLwl,-11.096999563557167,-10.234499457470225,-0.0031236634996135,3.179102583207246
LqU2u,17.349527097285982,-5.386770174790709,1.99591661648908,53.90652206307938
uSpD3,12.745659893617312,0.4524856041446839,4.004028961831033,107.81304412615876
fNGc2,-2.6334348556174656,3.4992778305599925,1.9914936113032489,53.90652206307938
YT0EV,8.645375359336532,-1.1426643145333637,5.000634037214205,134.76630515769844
TYwXe,-7.018942878634832,-3.2727351210701183,2.9965881598245563,84.03888567782631
C4JSC,12.371392738436937,-2.498068053655785,1.9957094188868965,53.90652206307938
W4IjC,-0.1918036235541613,8.216243663579736,1.00315792946291,26.95326103153969
wc0V3,6.724730911889755,-0.0062522451766007,2.0004380670989192,53.90652206307938
phvi0,12.43186216772168,-7.683892086273662,2.001114846579524,53.90652206307938
On3Xy,12.884837918386465,-8.104309363272105,3.997589298015743,107.81304412615876
nA6xt,-5.897801208726023,-11.718726744185544,1.0010004260529557,30.132363614746943
eJxoC,-12.241974794644856,-10.213018459289511,5.005878893575894,137.94540774090564
8eZtS,-4.804956680789492,-10.735994033885149,4.001600312678102,110.992146709366
WquPB,9.057553213916927,5.3733854232372975,1.010601349606753,26.95326103153969
qyHKw,-14.651988087870336,-4.3624803346777385,1.999989083401473,57.08562464628662
fvIrD,10.244339799400546,-8.768414230353839,-0.0026445093824829,0.0
RIXWN,1.0788311761631864,-6.0778728906539685,4.998190610883872,137.94540774090564
QVMqC,13.593084371011894,-7.2799644342013,0.9942463494746347,26.95326103153969
aulI6,-6.678048243696994,-3.756286159013548,3.000513997579493,84.03888567782631
5Pgdl,2.4213222956466,-10.27308840208964,0.996486325592814,26.95326103153969
IBmWO,-11.148095884689257,-5.263622981006129,2.99714830402382,84.03888567782631
Ozl2L,8.467469494486371,-5.911200870598076,0.0091585228727498,0.0
28cKe,10.686828031674551,-5.614879019087073,2.003135408813731,53.90652206307938
n8Cxp,10.133304667785342,-7.782229959933951,4.994410477402163,134.76630515769844
cHTVV,-2.5712696288144303,-9.544626818023572,2.9975572589159016,84.03888567782631
o1zTy,4.2351586967900845,-9.925611564788207,0.9974972923546904,26.95326103153969
Wuu0M,-9.425314207862645,-9.018110143651692,2.000362965762736,57.08562464628662
yXyX0,13.072740727716164,-3.688712205340862,0.0042755970501082,0.0
FEJMu,-5.505215058606621,-9.28001422575228,5.003059898389422,137.94540774090564
y6daa,7.1084538876819465,15.544533254305003,2.999713182663044,80.85978309461906
bfVGm,-8.358770443441497,-10.033257243547318,0.0061936682267685,3.179102583207246
ww0st,0.948753230212219,-3.9352446328529047,2.007825529541253,53.90652206307938
vadFU,-6.027561011008425,6.44118767393848,1.0004026486738664,30.132363614746943
eiJnm,10.2505670737854,-3.769683439812237,3.002460206091805,80.85978309461906
F9jMz,-4.791659654305564,-15.039446796084418,3.0044196246276007,84.03888567782631
5b211,-7.514843461476297,-3.0003537569514847,2.992649014615432,84.03888567782631
oXobu,7.218765792499772,3.5113394097283974,3.998620739632928,107.81304412615876
BotXU,-13.436101130782184,-7.471540746300453,4.0078813604979455,110.992146709366
0PznF,-9.67867911890302,-9.719522615656471,0.0072314061555022,3.179102583207246
PyemE,1.1909546179143715,-8.784498057792515,1.007768133857906,26.95326103153969
6GsUe,-9.412458420760066,-5.374946428196184,0.0053313989905571,3.179102583207246
y4e6N,9.744062074863708,1.0466306218592765,1.0035936782727737,26.95326103153969
lbVJK,13.305572426465346,8.572294850024388,2.99347308680494,80.85978309461906
EMYF3,6.575881429527644,-9.24631540852262,4.002946600523682,107.81304412615876
hesdw,12.462791232394697,-3.301655257471692,1.9996176929837657,53.90652206307938
3TGaz,15.48025044959768,-12.584960503672994,-0.0057570436069062,0.0
qlEL0,-4.156604335869,-4.906421043879419,2.0052647239461154,57.08562464628662
oTd39,-7.464932682001509,-6.672679746467657,3.0047054067117718,84.03888567782631
abrIW,12.033122015794127,-9.891524676079056,2.9963469454681766,80.85978309461906
yrn5z,11.049205819854444,-2.6290151651719045,0.0013630938171159,0.0
tLFRe,9.38284367521426,-1.2789200112175187,3.9989214456209687,107.81304412615876
9NgcK,-5.9604706318348,-7.689060626463871,3.002091227978258,84.03888567782631
ltGqN,6.947520375275477,-1.1065907245970623,1.0031284268246614,26.95326103153969
24nqY,-8.352198807182727,-3.131985939969936,2.9958826938330336,84.03888567782631
CcUF9,-4.217203021833287,-0.6601680558703809,4.003540673415469,110.992146709366
i0OG8,7.717134738283312,-0.902252879711638,0.0067656234465194,0.0
9hMAQ,-12.235232334208751,-13.948271736731137,2.0037212728567355,57.08562464628662
yKUB3,-2.2490684617387364,3.19030090534406,4.004883260020561,110.992146709366
z1B0y,8.565306573365191,-5.674127078534669,4.994446574053781,134.76630515769844
syziq,-6.765653828596459,-6.0348930281530615,4.999529189371167,137.94540774090564
yY6LJ,-4.723654884644127,-1.4799121171415992,4.996130438685741,137.94540774090564
oCFgo,3.575834058728753,5.696613166520049,5.006568850736651,134.76630515769844
VIhWe,-14.069310520747646,-9.816876079895124,-0.0036263805760401,3.179102583207246
wapw2,-0.1346385195643638,-0.4841135213142591,2.9906046195737965,84.03888567782631
QQ5cU,13.53017685298057,-5.526309015562606,4.998561326078363,134.76630515769844
lP7eb,-9.301353629209476,-9.661167588244211,5.00022376218288,137.94540774090564
9ZfY8,-1.5637092651068931,-5.295678069776853,3.000185958960901,84.03888567782631
SA9ue,-7.884537445414473,-11.817808076135506,3.9972478488048666,110.992146709366
Zj61J,8.197696722410232,-7.800564819498358,4.006040357663695,107.81304412615876
oJ06c,-1.7195098832019309,-2.4080377819503216,0.9916286821037352,30.132363614746943
sPV3j,-4.816259922934638,-0.0896131475468688,5.006470635942515,137.94540774090564
XjPwM,-10.094173217223972,-9.6994215606545,5.003864721157741,137.94540774090564
ae7Jv,2.6939948685446886,-2.0730660309424063,1.000068287565974,26.95326103153969
VJXFm,5.781876881725463,-2.033016097444796,4.009414003975837,107.81304412615876
ei9Zd,10.707284131945531,-10.376069371891004,4.998124860580608,134.76630515769844
cJKpO,-4.402066454294419,-7.602413575116987,4.999348959775057,137.94540774090564
kxOHl,8.303672970746955,-4.4260746088487295,4.997011796279264,134.76630515769844
yYaCI,-11.816021255027628,-10.74989771583414,3.991933721945245,110.992146709366
MoOof,-12.6710612766527,-2.3903325950088776,2.006134560893745,57.08562464628662
6uX4q,9.971112859583371,-4.382739453357529,4.000581980238802,107.81304412615876
m08yV,3.948748753526848,-13.79575548247058,4.985103952375863,134.76630515769844
lRLXu,-11.2601897345872,1.9857366390384028,4.995879310625694,137.94540774090564
83U4Z,-4.0296442455188215,-5.8184289767041255,2.997480029832857,84.03888567782631
h4UHB,-2.7269526162156765,-7.976498007631347,5.006970672529924,134.76630515769844
Ekq79,-5.470643633016242,-4.448501114055051,3.998825578795333,110.992146709366
OKJBw,15.426628253323331,-1.4069150155263368,1.9943652278550927,53.90652206307938
hcbx0,9.379197259290663,-8.672815835550683,-0.0030987597481399,0.0
VNSXs,3.4629033445300674,-5.313310701234935,0.9978085780167152,26.95326103153969
DkwS4,-7.389627324097804,-1.145122304525258,2.00067268248139,57.08562464628662
1vQCI,-1.5547957445307032,-8.995365200754707,3.986124037183187,110.992146709366
qO3NO,-8.759308121591305,-4.431476895085519,1.0015393636133585,30.132363614746943
XQcRX,10.401017750267547,-7.152297875022982,3.992785748324708,107.81304412615876
Q9S7r,10.528247692355407,1.8514471031894653,0.0032906805538026,0.0
Ro3Iv,-7.867425172062976,-4.6504231741088695,2.9997309904347484,84.03888567782631
cLY1O,6.290243054743553,-4.04814225204367,1.9931861545010887,53.90652206307938
XQiCf,-3.1286768481682947,-9.097933381056391,0.00132546898508,3.179102583207246
Nn28o,-5.585328051390906,-0.0883455424981694,1.9953355116087013,57.08562464628662
09hSG,-9.39997884774976,-1.6110291617472594,2.0086952337585045,57.08562464628662
ADu9k,8.309599143668194,-8.040500254450349,4.0075530941086415,110.992146709366
8LrV9,-4.8716506121192245,-4.264905211504347,0.0042474725645562,3.179102583207246
68Pu1,-5.627780647602801,-5.006597418412349,0.9945272619588972,30.132363614746943
TAONH,-6.5854528000875225,-5.596179124011341,1.0012375185149034,30.132363614746943
019uo,-5.562916023643542,0.913278624747285,0.9881724204909516,30.132363614746943
U1ftF,-10.83812148282782,-5.4770914708649965,0.9972878333338469,30.132363614746943
Nqhzv,-1.5606174957301002,-11.612919672155591,0.0024067047381282,3.179102583207246
RtsmO,15.641186285052132,3.046140190710692,0.9915679943990868,26.95326103153969
1CgAB,-0.9877809996986552,-15.994117807366337,0.0023489629660462,3.179102583207246
M1y2y,11.686283940718234,-5.0256131661646615,2.0016903039187226,53.90652206307938
elqtY,19.14715730152431,-6.447487899769637,0.9945315635721644,26.95326103153969
JvSMJ,15.72651533230342,2.331273588291399,4.002822655311316,107.81304412615876
84WPH,-6.169129669005669,-12.109442884406786,5.0061575890247445,137.94540774090564
VwOpD,8.57929717804892,-3.5027520996357864,5.00131490924255,134.76630515769844
cgtM0,-9.128252676928971,-0.4008748092363171,0.9945620720014188,30.132363614746943
MlYkg,-8.533099475472744,-4.140734501489479,-0.0010448403266553,3.179102583207246
PLiU4,-15.541084244152568,-9.118265391089018,5.002720619943681,137.94540774090564
nZ9SU,-7.573327790646938,-10.81253044900113,2.0043387274902464,57.08562464628662
IByVu,-5.405146387987197,-2.4749158006457903,3.997315373302881,110.992146709366
5wCsI,3.6346729914629816,-4.083846428272898,3.998690618602801,107.81304412615876
6OwtN,-13.934182257540144,-8.295890481790106,2.0045498037494083,57.08562464628662
Xte0S,16.570799746274194,-9.488397871229004,3.0025963600307075,80.85978309461906
NZUv6,-11.396355416673376,-9.180945119958604,3.0034619986260687,84.03888567782631
8pIkJ,8.72224125968226,-1.7320301371768887,1.997874555231281,53.90652206307938
Gxm6O,10.932588773877365,-5.434705914632247,3.0002463132492765,80.85978309461906
XM30w,10.10312367228967,-1.4137070001032408,4.002234749257266,107.81304412615876
E087k,6.237180826657837,-5.32161745872458,0.9971987290314936,26.95326103153969
GkNil,7.208674473005985,-4.911899217602528,4.009056237106076,107.81304412615876
ExYqw,-7.302018240540148,-10.79043236638634,1.9999859480339328,57.08562464628662
Mph4b,0.0918643099319274,-1.0924628655722088,1.996314073973928,57.08562464628662
Aj0a1,16.174593231097102,-3.1419431014608485,-0.0044934246900313,0.0
YQ6M7,5.09691175418474,-8.613139098403686,4.999790480794759,134.76630515769844
Kgt56,-2.2477530302319,1.117138656609434,2.999770482018321,84.03888567782631
GINAh,12.13105952796549,-3.566648310287478,0.99134756275913,26.95326103153969
4Emoy,13.274883979144152,-7.077158189421418,-0.0100669733737847,0.0
uwuv1,8.174226395457817,-0.9981364442752576,3.007453611349867,80.85978309461906
Op0x7,9.277949048007184,-1.185969691885837,4.9953423417250375,134.76630515769844
MHTC9,-11.030352163354555,1.5908603527125251,5.0005426304525855,137.94540774090564
CpZgN,15.519427431225516,-4.968713741497722,2.000697101778246,53.90652206307938
ENL0S,-12.819370957778256,-4.343006038880706,0.999435211415986,30.132363614746943
TVpvb,-13.832250317187734,-4.720536199812371,-0.004879638232224,3.179102583207246
7kXzF,10.018645706484971,-12.339677022363803,4.004289735374215,107.81304412615876
sqxgd,9.293395112487612,2.1260192650847616,5.004313923794356,134.76630515769844
bFCO1,-3.8565032130734576,-3.527165976156919,3.00024565074784,84.03888567782631
9aYWX,11.143135702454003,-0.5123297585567403,-0.0007740107398701,0.0
D18U5,1.9690354895921525,-8.291611006423084,3.003742552981876,80.85978309461906
YBKgI,2.063385531464741,-9.259104650140632,2.996815022149088,80.85978309461906
QcFUD,10.583694207829724,-8.661304618318667,0.9963485825689676,26.95326103153969
cyDkr,-1.31689187172537,-2.2637006218305307,3.0069669949842903,84.03888567782631
pMbpZ,-8.068446159353774,-4.100222891922357,1.9973680431760967,57.08562464628662
X5G1h,16.947033585377827,0.1461473241160042,0.9988208264507616,26.95326103153969
ehOZK,0.3721127843305503,-1.1801309111342595,3.9916037865741183,107.81304412615876
WiVtA,-12.322613034627974,-5.995672535519158,0.0072286281865895,3.179102583207246
R4sBV,-3.846216811755634,-3.9297674128159934,3.00497160907422,84.03888567782631
WR2aB,9.300403439751634,-6.266277291392425,2.994296671790825,80.85978309461906
IEv8o,-8.531055041596883,-6.507670093724394,-0.0017725413149716,3.179102583207246
nYLCi,18.29311188054541,12.419360101481232,2.997242715691364,80.85978309461906
QhkMI,4.171146051565275,-8.176783496242527,5.008285810419487,134.76630515769844
FhRae,12.853039263563648,-0.4439449734329499,4.998822953608978,134.76630515769844
CMFeh,1.6828940002620714,-13.197621381634605,3.9979956841562174,110.992146709366
v019M,-6.1492642729432365,-4.208374177208694,1.0034288300185468,30.132363614746943
zaKUK,-7.151240278520633,-4.876433009008196,1.9891251575314568,57.08562464628662
A5mU1,8.179153733556818,-10.077350025831423,1.9978059624669269,53.90652206307938
H141C,-5.0674691643249465,-1.8365107501611817,3.003325146286955,84.03888567782631
YIlr1,-8.226900895694058,-3.783474480109144,3.998745147936364,110.992146709366
1ORSJ,-7.538458823047637,-10.736387868798593,-0.0072454652719944,3.179102583207246
MSYoi,-7.0449274486411655,-8.206499157337326,-0.0025550453558898,3.179102583207246
AsHMx,-2.90885990985759,-5.047021431039748,2.007456447279714,57.08562464628662
MoKb7,-0.423784797343826,-11.027559031077333,5.003946283032984,137.94540774090564
0JuUj,16.512166852320178,2.6246124069690326,2.996012837755382,80.85978309461906
J3ojX,10.168683246834114,-10.816602555347243,0.0145667985950744,0.0
mPQrG,-3.8566106994830607,-2.1477629319277844,5.006749030697397,137.94540774090564
CztgK,7.622111597623101,5.284295472367057,0.9907139455959516,26.95326103153969
q5sJn,10.260737999842483,1.17620178760209,2.9977878779330966,80.85978309461906
hCwI0,-2.068576784756649,-12.54418363770582,4.0037740155087285,107.81304412615876
f00hO,-6.455711303973748,-3.343570616747172,4.0008000965948325,110.992146709366
vvCQc,3.812648035273376,-7.2421866141997295,4.992632635556272,134.76630515769844
4D3Il,-17.1506499879916,-6.991177403968022,3.997578252583391,110.992146709366
ZDU7B,5.792769967002955,0.4423828303330026,-0.0088202473184099,0.0
7OpBX,0.0228535850202362,-8.25024177166489,-0.0019610578605508,3.179102583207246
2aBJy,-11.8540108783141,-5.754204292378723,4.99852419369309,137.94540774090564
LobsR,-5.458715494166364,-10.872105667225236,5.007442970336826,137.94540774090564
Uwrqi,-11.602203121001894,-2.9363844777166404,3.997726860006752,110.992146709366
jOsHk,0.3607070303496851,-8.652066638101376,1.0044343412263013,30.132363614746943
iZkAJ,-5.943884038114545,-0.9193448765415456,1.002481056633438,30.132363614746943
lntGz,7.127787074435209,-6.00576331930198,0.0015226640885246,0.0
Hzw1E,-5.356174180883504,-6.40665081272547,3.0025693617733684,84.03888567782631
nEmN4,0.694478549054157,-9.385188348993749,-0.0010428072072712,3.179102583207246
SQ9fi,13.056367082013027,-8.038807162458545,5.002481064280615,134.76630515769844
3JJNt,-6.492459195236331,-7.242177088122144,-0.0016139300565326,3.179102583207246
UHLbA,8.394225105707436,-2.8383144795171376,2.001801132342209,53.90652206307938
srD4Q,3.0196844993500376,-12.850006056761211,3.994304747041306,110.992146709366
K4Apt,15.18128958288408,-3.0175228709625896,1.9986452460132045,53.90652206307938
TkTVz,-1.7707474571455082,-5.3695648325678285,4.999757870731078,137.94540774090564
Wz3YC,-9.987887837383358,0.116853555915382,2.0002608218911533,57.08562464628662
raYuW,6.009959070913245,-9.643817186002352,1.0024428571589663,26.95326103153969
qbFCZ,-2.6706660480204265,-15.181470570863778,2.996181480687328,84.03888567782631
8iufB,-2.7169036696195,-11.953793380934448,4.993408891339377,137.94540774090564
BkLo7,12.577936301449778,-3.993191847781752,3.9963560050985176,107.81304412615876
maE1L,-2.9379038741369983,6.7821122972574095,3.998032540728848,110.992146709366
sujJA,-8.503511171756966,-7.686447467014831,3.001936891946916,84.03888567782631
DWBEx,2.2780579309403186,-2.112404154978051,2.00045243719647,53.90652206307938
psJSv,-9.136305333737084,-7.716685195483166,2.997446813269783,84.03888567782631
VlwuD,14.28780039697525,-3.3982185806378857,0.0055872127883364,0.0
93lMO,9.402065671292217,-8.281253166970513,2.9990596505328124,80.85978309461906
CoKvv,8.237240876591866,-1.6970671285675585,2.999183767397993,80.85978309461906
T3XnU,6.582149853188862,7.122498669350897,3.9976163199111534,107.81304412615876
ZfUmf,-10.967065089171028,-12.471587079846111,3.004485835038248,84.03888567782631
Vaf2r,5.130621710633736,-0.0427704131763646,2.002488694669363,53.90652206307938
Gesx3,0.0780001135334762,1.2104257755836043,4.00370972360319,110.992146709366
gqPcS,-8.963519488149068,-5.719477973124281,2.9928080168738997,84.03888567782631
4U8D7,-6.941915498628385,-8.327852787812677,-0.0151193348864819,0.0
jMR2H,-8.226523846084477,-6.4831970803242704,5.000378235024193,137.94540774090564
BYn2I,11.544234046770036,-5.002262660094408,4.999486438548599,134.76630515769844
9tqN2,11.288542557867515,-0.9308009368417376,0.9940912633898364,26.95326103153969
KuJSk,-3.1801796772849986,-2.7544144373975743,3.9995443553041374,107.81304412615876
mEg46,-0.8138082006299792,0.5628410698896618,0.9991989765943374,30.132363614746943
OFr7I,-0.7789937937768051,-4.69597569715619,2.00548971746744,57.08562464628662
V4I94,9.682253674332006,4.041341453843712,1.005665594063626,26.95326103153969
F07BG,-9.311724792342227,-4.4357739304886366,0.9953492393866782,30.132363614746943
LHYhG,1.5472586196661124,-6.062743349224943,5.0053688844350575,137.94540774090564
jD5oF,14.711967050298364,-5.566366484939334,3.003620696636772,80.85978309461906
QXDdw,-0.2811931094516167,-10.894487099422646,4.000511358995,110.992146709366
SaGLE,14.608926597179313,-11.128430612541424,3.0031628634765246,80.85978309461906
0gkye,-13.843019542951886,-0.6647868312868601,4.001302072835064,110.992146709366
MIMBg,-9.987085586679813,-5.389155975771532,-0.0128626860073906,3.179102583207246
Fk61C,-3.4644084730221483,-1.891468343118889,5.001544760553042,134.76630515769844
5aWXF,0.6420731077636068,4.364737426358552,1.9999173812739968,57.08562464628662
XdtwD,3.4546665505560545,0.7324263500668522,4.998268014888099,134.76630515769844
K84ur,6.714838089674867,-7.4930567483146335,0.9995070304841004,26.95326103153969
o8dnm,-5.132087160226046,-5.331626244790417,-0.0056483302329891,3.179102583207246
TX8mr,-3.1791457203904128,-0.1792585236033836,1.9936627812032344,57.08562464628662
yHqVi,-3.0529417234813843,-10.548065554181598,2.00015784170766,57.08562464628662
pmA1S,-2.3724637920023723,-3.499833490947108,4.998009133115427,137.94540774090564
00hCQ,-1.7282466381650448,-16.40363644871458,1.0000780887262235,30.132363614746943
mBMO7,17.528488711747933,-6.867993636335437,0.0016425374060478,0.0
DbvBN,5.080255172099207,-1.1437852358366352,1.997417079189268,53.90652206307938
I3v0i,0.2898906097649965,-0.0836213264147263,3.997090822197552,110.992146709366
A3ObX,12.906368254725615,-4.9034380402878925,3.999063938426684,107.81304412615876
a7WMw,13.382726314333771,-8.061436883181354,2.00332126557379,53.90652206307938
kjv9z,9.3939237858259,-4.359130994556739,5.00417805342233,134.76630515769844
EvLxw,-6.279883864580966,-10.361161488978492,3.999565302160273,110.992146709366
BjZS9,8.713482977331186,-14.790112168883535,5.000487118982104,134.76630515769844
02OEs,-15.072824293300906,-10.307170966695663,0.0026089412783569,3.179102583207246
MXqru,8.604302289273766,-3.154293299135376,2.007117063731692,53.90652206307938
91SEb,-5.295096987035686,-6.051667504177837,1.0008592156645526,30.132363614746943
BU7Od,5.382750871723204,0.7220016817290666,5.006631708005799,134.76630515769844
N8Pi4,-4.629331429386468,-4.910595505198505,0.0003236372720966,3.179102583207246
3j3nO,-10.515053100022708,0.5208982308101895,0.0017698559352052,3.179102583207246
3Fl0X,7.321034986992393,-7.620062482389303,0.9982431202586378,26.95326103153969
z4oS0,3.5722600481521285,-2.8274983932714086,3.9999441168758265,110.992146709366
dWxss,-7.399034564081389,-3.8817458726161,0.008081243829859,3.179102583207246
GIwKs,8.507425470127464,-10.067452650148528,0.0048876387707686,0.0
KfTfz,9.330882032715037,-8.667499768051972,1.9941777864447563,53.90652206307938
f5jO7,9.724507616003027,-0.7517520299121232,0.0038408747649311,0.0
xCQG9,-6.151010579422254,-9.347938895684583,1.000503929318049,30.132363614746943
Ufw80,-9.092236481735137,-16.622763966556676,1.9907990841595216,57.08562464628662
Kp7q8,-6.874895373848744,-3.9542552349740014,2.9989341038767274,84.03888567782631
hYWnj,-2.03603667265902,-6.805641485398686,4.001807762772216,110.992146709366
7VIs3,0.5721047016091596,-4.458779779930454,2.0031848666454057,57.08562464628662
X2CUt,-2.0760756674024714,0.1975313454080502,1.9980109143890907,57.08562464628662
A39Y2,5.477811201898598,-1.2299451360835183,2.994699446411833,80.85978309461906
uH7yN,7.477207693174948,-7.206128914356857,5.000011261863881,134.76630515769844
zJhOc,7.476939267654601,2.347589341544631,-0.0060761201267697,0.0
0HqdP,6.194942807042206,1.989835711161504,2.9982355349414327,80.85978309461906
HyBoA,8.614565868305116,-0.6213987945449051,1.9963472097517407,53.90652206307938
1a7nS,-5.2224168461384695,-7.431335103705432,0.9987237873739688,30.132363614746943
zEOg0,13.47929048332174,-8.639982907170058,3.999947578606085,107.81304412615876
B2QJE,6.349177308310282,1.5735519668895923,4.003590106002616,107.81304412615876
l6VSh,-15.690710130257676,-7.204378536987619,3.0091828882090432,84.03888567782631
MVHfO,3.414431735699436,1.9175686168822903,2.999672252266401,80.85978309461906
CPwQT,2.335600639575701,-0.6126216075789213,4.997917214722038,134.76630515769844
d5GUt,14.635614126758044,4.015092728474079,1.9998037234995136,53.90652206307938
HROJ4,-9.849311373355556,-6.687538813268813,-0.0020793305551654,3.179102583207246
olxaE,-10.85874925682758,-3.5793363750352856,-0.000580341330594,3.179102583207246
ScDbd,10.379053560117752,3.4908704965821222,5.005049710729887,134.76630515769844
itC7A,-2.5848768081085143,-9.858849001453132,2.002526915778112,57.08562464628662
aHfZ8,12.187327682951832,-9.062209004286055,1.0133807970099973,26.95326103153969
l9453,-7.493361762195656,-19.830491283151726,1.996979947208657,57.08562464628662
JKpc4,-1.0039432539965416,4.319726559802639,3.9958908488422935,110.992146709366
J3js0,5.347373620679802,-9.066651072714704,2.0017454997208213,53.90652206307938
oOhfd,13.974840286003436,-1.0365007282934986,2.996875438766141,80.85978309461906
xibZv,0.8096270019345537,4.906190490827319,2.006789451696805,53.90652206307938
PHIZo,7.085949474330466,-1.7130536260772242,4.002123365548648,107.81304412615876
6cI9x,-9.2706943428487,2.9944680660618026,5.0030285165710655,137.94540774090564
cfezs,-2.12248443351006,-8.24500672498781,2.999070063700786,84.03888567782631
v88bX,5.539448956102799,-1.8834126616126792,4.007591320929451,107.81304412615876
z802Y,-2.143553758329398,-2.586782579501848,4.999821687440875,134.76630515769844
53UOl,-6.764099979728119,-5.291515717237553,2.9984740520288184,84.03888567782631
tDjWO,-12.27379759259042,-9.46345180414852,3.0002652340381344,84.03888567782631
RLfzF,-9.08049210566507,1.7415234566602358,3.0050841914113846,84.03888567782631
D5pUj,13.324635165317169,-7.489874851009588,2.998608135847824,80.85978309461906
GKAXz,-8.089962691201029,0.6859775453526202,4.997426644898492,137.94540774090564
GVqKx,4.156799704420736,-8.562170070122527,2.987047342493234,80.85978309461906
dTZmI,9.079594361665324,-0.6877810959621282,3.996555705571252,107.81304412615876
45SiZ,3.373980014430013,0.7676426043482394,2.0086194623856293,53.90652206307938
XsD5O,0.1810539361178929,-7.223554389748425,5.007045130039129,137.94540774090564
eYfjW,1.7867268445923408,-5.051358070449363,-0.0002920933227543,0.0
RMsqD,-9.124230068634116,-6.481214740833894,3.003484062032367,84.03888567782631
uPhCd,-14.066051009955688,-16.865027160475382,0.0027814642646757,3.179102583207246
VdZfJ,1.5506659390472404,-2.5471084881573427,0.9953684669651855,26.95326103153969
29cll,-1.1684414253391928,-11.55360142410769,1.0001614142444053,30.132363614746943
ikBkb,-6.1305122456385375,0.3352324052070692,4.996452329729056,137.94540774090564
vHAWN,10.506529929629142,-0.7090410527191189,1.003142634841904,26.95326103153969
fIa10,-0.1441450221625135,-3.4706046453639163,-0.0085657857317162,0.0
SbTWB,7.065133211157408,-3.6764270571617024,5.001812920473948,134.76630515769844
KQdNj,-5.139457584593865,-7.495296964803837,0.0086855061283315,3.179102583207246
VBMOQ,-3.310531308577293,-1.3181155295261089,2.006624656676252,57.08562464628662
sqoO8,4.090189794631994,-8.529747888764787,2.9924495710778287,80.85978309461906
3Q0Or,18.64704421479207,-9.002879095662347,2.0042445479398654,53.90652206307938
QG6yt,9.10890085659635,-7.435220224033241,3.004968199136992,80.85978309461906
IPOBD,11.440369514274913,6.079302660447258,4.001696737149096,107.81304412615876
EBxEF,10.320295977686904,-1.3685831061370282,3.0025225182563653,80.85978309461906
J6uqW,-10.695212335193895,4.183541940316599,2.9915382659168066,84.03888567782631
jc6Jx,10.85022844903165,-8.851832311295707,2.006244920062587,53.90652206307938
xYZW3,14.211258910730107,3.668735882972559,2.9873680702651884,80.85978309461906
p91w9,9.249607082750414,-7.806455496088406,3.001300472837243,80.85978309461906
TbDWK,1.766060618902407,-6.550032996567622,1.9997951428132403,53.90652206307938
4memD,4.469451768357115,2.136126106047123,2.0144637741028584,53.90652206307938
e7660,8.531105148960112,-10.12428568038002,4.003559093081627,107.81304412615876
4JOZ5,9.233191921520564,-2.869643072488569,5.001612520080294,134.76630515769844
2jF06,-8.137125322633718,-6.283773653864906,1.0016302558453531,30.132363614746943
wsBmV,0.1571064537806643,-9.35495531149972,-0.001274277875871,3.179102583207246
sjNnf,13.440145076009172,0.2328269409608503,3.9963091716727934,107.81304412615876
GKoJo,-1.1704561290901472,1.766549598429906,3.992679125064564,110.992146709366
gUeKK,-1.0213222819203134,4.29622554909024,0.9867558145480668,30.132363614746943
mRXif,-5.644797451759684,-16.093541752260894,4.9941904640653,137.94540774090564
7goHT,-10.06684266634898,-8.595259149293996,2.003875618823604,57.08562464628662
oRdQV,-2.390902674662643,1.2178342516032128,2.999474158877443,84.03888567782631
x7iKZ,19.58182872710762,4.318909954230433,4.992890569730272,134.76630515769844
NyO5p,-7.6701477418076704,6.589682989971415,2.9924199137623257,84.03888567782631
wHYE1,4.185271747446612,-5.357971536814015,3.998088848165205,107.81304412615876
27GXl,10.720063640408087,-1.3070207903525604,4.013378414532183,107.81304412615876
rYKhp,5.604482699067494,-9.098032154749124,3.006525899526429,80.85978309461906
PeIcf,13.285914569917724,-6.154829419324657,1.9909465247320544,53.90652206307938
7p6F3,8.772950661516951,-9.952339680960623,3.000062789915359,80.85978309461906
e8LvC,-4.912259468738446,-3.6894513778692097,2.9976804827016497,84.03888567782631
AoFSn,10.127585646938773,-10.919931136654313,0.0033721119883911,0.0
lR58n,7.808644317744893,6.379461147636629,1.0051044290623288,26.95326103153969
I7cAE,15.20355778410373,-5.819892324262662,4.00207558142936,107.81304412615876
3U4Ey,-13.647107814469544,-7.679275013616994,3.00009762305268,84.03888567782631
HZH3g,9.743700931930874,-1.5826241035496371,2.003710252575187,53.90652206307938
dTPbC,-4.871848075817292,-12.746153430580597,2.9909719824058185,84.03888567782631
zAJPH,-9.091266288371436,-6.949310483178617,2.9951834326845432,84.03888567782631
Ijzpd,8.771009858519971,-8.965702389925712,2.9874651966641945,80.85978309461906
82YWX,11.629019542053056,1.1465113110329224,3.0043119175073585,80.85978309461906
H3CIc,-8.596529464950926,-0.0447752809433197,1.001335488234084,30.132363614746943
udLgl,7.5184386943202846,-0.9665480544684546,2.9981477016654337,80.85978309461906
xtgHY,-2.2848807725501343,-8.769225991203708,2.0034158051357114,57.08562464628662
xY5a7,-5.422634946110509,-2.0573242061406884,3.0110216601801234,84.03888567782631
BKx7w,-2.5888370318084872,-8.344584165283543,5.001540249236847,137.94540774090564
8hTAF,-1.4498328175305328,6.907463980464531,3.994269660829615,110.992146709366
CUYkq,10.70206704705927,-3.516243236762969,0.9931234324405476,26.95326103153969
VireY,10.18158401526806,-13.434208884994266,2.998162560414654,80.85978309461906
QbTaP,15.772501025229785,-4.601966517534604,4.995558770074116,134.76630515769844
dfEYb,-3.635464556801832,-7.549450658485798,3.9945926583125297,110.992146709366
FcMKH,12.379991225454075,-7.466873504512877,4.991202964283326,134.76630515769844
6KVz2,8.393680438159517,-4.387458716551522,0.9956500756365672,26.95326103153969
eoeHD,-5.3870361450544575,0.7136752103008082,1.0029038163366786,30.132363614746943
0AoYp,-2.3943185284999218,-11.296700411874369,-0.0022437626181796,3.179102583207246
ZXxSS,-5.340501829754853,-1.698160093979646,0.995779547516682,30.132363614746943
D2bNn,8.820679429583738,0.2900691030161622,5.008167770588722,134.76630515769844
wStGL,1.384995880735012,-2.335729305742392,2.996830614185525,80.85978309461906
eFkod,-9.63072079704595,-3.264530537512424,4.997637224993803,137.94540774090564
jNu7M,10.208325091644944,0.7599592116160405,-0.0055458546654955,0.0
GCfis,13.861697384137988,-0.0385024915649916,5.009022268291309,134.76630515769844
Id00n,-13.33100599245135,-5.186137776810289,3.0053271713570666,84.03888567782631
yzAXh,8.13000467022845,-0.5379773049300427,5.002726556045634,134.76630515769844
qGOcH,3.4709886592131918,-4.967771356603543,3.9953258621919367,107.81304412615876
BpD8N,3.1686935856095158,-1.265521361243186,1.9915617783017343,57.08562464628662
EnYl7,0.442317589860969,-7.364920489117138,2.9928611708678337,84.03888567782631
JS0Fq,-16.979996334311043,-10.053026967963834,1.9946765384360607,57.08562464628662
IFCgt,22.964239991207823,-10.666272466000493,0.9872364763751884,26.95326103153969
CqF2U,14.577132841778331,-3.343618343890688,4.002733602236029,107.81304412615876
9T2y5,5.605290568705868,-6.950598577875517,4.004544498766928,107.81304412615876
gD9FG,-7.382597036780274,-7.23707676558912,0.0014071564466987,3.179102583207246
gPUFt,5.220691280767712,-3.792344670737741,1.9960856254154469,53.90652206307938
rbdJK,-5.567208721639812,2.0921880347918016,-0.0002302788375979,3.179102583207246
QpIXE,7.740980950954949,-5.516987961881616,2.999795316709576,80.85978309461906
wYCbi,3.458713503580504,1.155163419211222,1.9948125998562345,53.90652206307938
Dk6qQ,-5.153742173914587,-6.071835769266271,3.0021800566664765,80.85978309461906
Q0cAY,-2.3633039268126304,-9.052078700022651,2.994687840476709,84.03888567782631
00seD,-8.500778469169607,-6.978849237961861,2.001321202410165,57.08562464628662
pWgS9,5.203130478406833,-3.559848981469925,4.001475724710546,107.81304412615876
m5IKf,-10.9922535857907,-8.153993262125054,3.9989099392557854,110.992146709366
3s9Wm,7.8705026098562,-3.926918868324031,2.0082083174627594,53.90652206307938
GDTld,-10.784739664215987,-10.393001060850567,0.0014124048405294,3.179102583207246
cf4QU,11.87669178216152,-8.621805795235659,0.0022266164790932,0.0
sdthC,-2.146777952289116,-5.073987610117429,4.994602629214883,137.94540774090564
MkiLi,-2.9735180452796466,-5.997968246292232,3.9953866580568977,110.992146709366
B7oca,6.102327987671582,-10.203162806623927,3.999819691004229,107.81304412615876
HUiEi,-3.3146679213053654,-10.007113223625051,1.998599408095484,57.08562464628662
RyAXu,11.299282366971498,-7.163267534103332,0.0010540263244343,0.0
G3T1y,15.336337736374649,-4.917395247662912,-0.0015631919551325,0.0
EPr9s,6.054825844317628,-3.3003646896565515,1.001151599136012,26.95326103153969
hLoOP,2.043214515135848,-9.736510813998972,3.0019684790893546,80.85978309461906
nJ7jE,-2.6979361148396546,-4.775272726655429,4.004919588645727,110.992146709366
PC2AJ,4.491343526291435,2.4631234699224853,2.000752513750008,53.90652206307938
JzS9m,-2.3798018397872607,-0.976426127322238,0.9993632754339608,30.132363614746943
PnOXb,15.059601409426849,-0.3419696538455601,4.99837742500528,134.76630515769844
2twsI,13.455982232512447,-13.01409033611928,1.99781376310094,53.90652206307938
crC7Z,-3.277653903284321,-11.095780165286516,3.9888005856581774,110.992146709366
u9fc3,3.935037877814264,-4.295826604642631,2.0019588664791166,53.90652206307938
h0odx,9.713470518248792,-8.01974142808841,3.996832134068185,107.81304412615876
Owbst,1.1083113248800958,-6.232017258470403,5.000035158484273,137.94540774090564
8d7pp,16.67052299456057,-3.3792094024661563,0.9968992308053656,26.95326103153969
13gm9,13.227454111346669,-5.6354501736017415,1.0007168250579748,26.95326103153969
nmq6F,-8.003289016870976,-4.485178533969762,3.9941329859846784,110.992146709366
x6uJL,1.4764406588627352,-14.481666237027405,1.997341079688631,53.90652206307938
uVc5i,12.22709491766387,-6.329969599167731,-0.0014593364291066,3.179102583207246
ignwA,9.964654575856963,1.9406533225627007,1.9899582684755583,53.90652206307938
Nw4va,4.95104819875609,-6.729422583208906,2.0014202192888324,53.90652206307938
xvXU6,8.945757400318291,-9.23275170177074,4.004745751561499,107.81304412615876
oDK0H,-2.867451002885796,-8.134783540632991,4.000389580760643,110.992146709366
b3hb0,8.743438456402968,-8.198254297386919,4.004987745357287,107.81304412615876
nZfP2,7.709563283732464,3.409806163021183,3.0018978379912915,80.85978309461906
txj76,-9.505584438728404,-10.096438884432272,2.0004527401922503,57.08562464628662
K3QBR,9.008861922464511,-14.824572769819085,-1.5825923666696512e-05,0.0
9uhLk,5.876390702850214,-6.20588099531229,1.0057390154714216,26.95326103153969
D5sv1,7.897722708531767,10.097204673655844,3.004035280565569,80.85978309461906
54YN8,-14.062708871447606,-7.443975655547072,0.9994843374781331,30.132363614746943
RnZlG,-4.4219727271336815,-10.151509777043207,1.0043214313323312,30.132363614746943
9kbbx,-8.677267578349584,-4.135880282896332,5.001976234108959,137.94540774090564
Pyc0l,9.67257082640429,-4.156514467587496,5.001549506804152,134.76630515769844
02KPU,-7.965507217094995,1.5680485592652451,4.004306904171384,110.992146709366
Vgbpo,-13.337981764257233,-8.947887189023007,4.0085179061990805,110.992146709366
O0RIV,6.7084277679345385,-8.01611855765575,4.99746693506268,134.76630515769844
BGE3w,-4.138353632399342,-5.732564762744257,-0.002228162587654,3.179102583207246
qR3cf,18.24207381663129,-8.225481940526077,0.0073017452554388,0.0
N7mri,-4.820908946356296,-9.104482560333093,0.9999100611129422,30.132363614746943
jblVu,-9.039233153327697,-6.250033352527428,3.0045765198026912,84.03888567782631
5GHSH,-10.627182990935934,-7.320481316594209,3.9994492472067975,110.992146709366
jYB4Q,-4.7994836849095135,-4.65986418859714,1.992314916316036,57.08562464628662
bHvHR,-5.325163936113139,-3.781449869245792,-0.0015969067064389,3.179102583207246
TX4W4,2.8288788977031465,-12.128505366347518,0.0006168135008715,3.179102583207246
B4Yox,12.312789055299763,-5.973056344590559,-0.009277259248764,0.0
aYst3,-0.1180800166280109,-11.399347873665604,2.9947296850081844,84.03888567782631
xmUNa,-8.402093129922157,-11.86576370957251,5.006221636990954,137.94540774090564
kD8uY,-0.0183043382119807,-6.110066002619159,2.9954258123623445,84.03888567782631
g6Vab,15.657516101050032,-14.405081830345717,0.0023172028719651,0.0
kDWyE,15.095450191288244,4.409560226768228,3.0036300654983266,80.85978309461906
mFp0z,-11.793149245365033,-7.584609539696827,3.990930233701184,110.992146709366
FpSAY,-4.789407430022439,-1.8669421987532564,1.9947693924585048,57.08562464628662
vqP6V,6.839357489969737,-3.5833122110544315,5.011308714497748,134.76630515769844
3a6DB,-15.723032174067168,2.295765157593417,2.9942104600914816,84.03888567782631
7wM6q,1.10599165133359,-12.119869974983736,1.0021503060375332,30.132363614746943
Cw2fD,16.17627833021039,-10.177120436012872,5.002432394541644,134.76630515769844
a2Clx,15.244398929887858,-3.2451839220577665,2.99972435386167,80.85978309461906
uO69A,-0.5778070701576441,-7.335213005393009,1.0041873843831155,30.132363614746943
ze9E4,-15.082732328686507,-8.310025048844112,2.9924701378890526,84.03888567782631
apitL,8.088428586564106,2.3139956655404466,1.0014333489185765,26.95326103153969
0VsiU,-8.758358035451039,-13.943515473984004,2.995042002195892,84.03888567782631
sLrvC,1.8966418962331124,-8.408781037828367,0.9917769027862298,30.132363614746943
nFofc,4.21015012799027,0.1116579591973137,5.007447510564008,134.76630515769844
ToTsN,-9.945842921866172,-4.458606000784003,2.993208281596235,84.03888567782631
H1WOE,12.552715839068064,-10.08261601397693,3.9870629180675454,107.81304412615876
IvNPM,5.226584359648502,-2.214533721684022,0.002862333249816,0.0
dfarI,8.519432367669646,-0.8733254281883869,2.000813087528274,53.90652206307938
0hAVt,8.809456334923775,1.8581911485118647,2.9985131321642737,80.85978309461906
JJpt7,11.193150826059911,0.8962734571175588,1.0046678991268656,26.95326103153969
alc32,0.5343190122047394,-2.119093569858028,5.00215966504167,137.94540774090564
Cxs06,-8.228655575278777,-7.9677265849999,1.964423700344421e-05,3.179102583207246
VUkky,-6.448934351282419,-3.904642510877061,5.013232275522691,137.94540774090564
5FvxC,8.530650011477517,0.5292695498740887,2.0033525102152416,53.90652206307938
jkP1x,-0.0276647114614805,-7.48457563308213,-0.0001551678208155,3.179102583207246
fftvU,-2.5161888013959706,1.3972947272109124,1.9957033611935384,57.08562464628662
W4Xxg,-10.6488603895126,-12.36895937954404,-0.0080404953483301,3.179102583207246
9hqJE,1.1958982070950075,-3.6324510447113503,1.0096242196703151,30.132363614746943
4fAcL,-7.138106963769372,-9.481763842905448,1.9971546435310088,57.08562464628662
dKkle,14.197871421098828,-6.02112341837362,2.9972101231147708,80.85978309461906
WCy89,-13.409033167482365,-11.345577844803126,2.00549881315067,57.08562464628662
T0sKG,1.9244425539387928,-5.218085083961687,-0.0064110180755685,0.0
NPJ9z,-5.896879018745094,-11.904193807252607,0.9996602161325008,30.132363614746943
BRg5d,2.3025675410246684,5.021090686166718,4.999816408892948,134.76630515769844
q68zX,-9.526671876474955,-10.377967205173729,4.001908767864265,110.992146709366
C4zzv,12.925344801652422,-3.6461147352896175,1.0021407784993048,26.95326103153969
evCtz,-6.166404105830653,-19.827385525019327,4.997617331423082,137.94540774090564
G7EDR,-13.2903061585879,-8.511621306629321,2.9922457619394778,84.03888567782631
Dfz4f,-11.136880183616046,-4.365786087540121,2.9977414969083527,84.03888567782631
CgkoV,0.7744221036140342,-7.583060089617565,3.991186537975613,107.81304412615876
O9SBk,-11.563248141183006,-16.541121708424214,3.0006356457501715,84.03888567782631
JNOSA,5.701850129351162,10.594506035515316,4.003128753221155,107.81304412615876
ZIBx9,7.358235668883309,1.717734316926539,5.0017877292394255,134.76630515769844
XLvF8,11.861499427025691,-12.366770461320703,1.0022492221029708,26.95326103153969
v58eG,12.15968804995584,-7.335538894433191,5.001572425876824,134.76630515769844
XSHS3,7.940024163318635,-10.657476980801702,2.996114331930249,80.85978309461906
GsoBQ,13.068388999200716,-2.563022683999705,5.00030026238817,134.76630515769844
reYGc,-4.292990796410665,-3.7310049296747017,3.991098407623607,110.992146709366
tkNm9,-5.37832928855793,0.4088744529678472,4.984634881921002,137.94540774090564
kDqfi,10.03752762474016,-1.915746908569172,4.9948179727510285,134.76630515769844
EsUo8,-14.682721230468124,-5.538446848426986,1.0077655716294838,30.132363614746943
CiBCU,-4.248291306785475,-9.703569408374896,2.9999500094410134,84.03888567782631
vrKzQ,-17.474657562571995,-15.204252000871506,0.999944259916522,30.132363614746943
u3C12,0.2708093013787893,-9.315843833330703,1.995828533891325,57.08562464628662
mcTmy,2.9274356790149243,-1.9480116417706657,3.9992734363228006,110.992146709366
IyKAQ,-3.816885569475743,-10.78855178065482,-0.0001105742777469,3.179102583207246
nGvNR,-8.126387652066128,2.0847464302705108,3.99793914602072,110.992146709366
4VdeJ,-7.501152706964843,-6.390796506416064,4.001404233904352,110.992146709366
zgrAx,6.444412150416322,-2.3057602094916154,5.00587858126717,134.76630515769844
6xp5n,-17.690402795594046,-6.349050105998704,-0.0039071751870797,3.179102583207246
Ss2n0,-0.5978723487469662,-10.342362195019437,1.0096744028745126,26.95326103153969
Oe2j4,20.417680197663923,-1.4717464917265124,2.0006184291246782,53.90652206307938
nPZHU,-4.225618191871739,-6.760734361491945,4.001186604161114,110.992146709366
aEZa0,-16.518582313818687,-11.298550918470507,2.9998405554765584,84.03888567782631
yhf7V,-8.03256347154888,-8.317714803108478,1.0040069443233923,30.132363614746943
TwtbU,-6.720481303560862,-2.188535475176128,3.0019397767553104,84.03888567782631
rylJv,0.1807024791301641,-6.6272487021717845,3.996102526370605,110.992146709366
wogPO,4.285329084831401,7.350341003776719,1.9970821958361449,53.90652206307938
B5gwa,-8.33206183474972,-5.330028430907733,4.005230681715812,110.992146709366
yG5kL,5.2396575060585775,-7.372875498289058,4.005046474849131,107.81304412615876
rNbDh,-3.695591804250834,-4.544686201878181,1.9987791307909928,57.08562464628662
OLZIg,-6.152402539354447,-8.176703159054076,-0.0008146496955234,3.179102583207246
EdKl3,-8.375385295257164,-8.223643793477336,1.9961592473772607,57.08562464628662
qShle,-12.45510425822464,-1.4206917020916998,4.993040520363504,137.94540774090564
MrCQT,-9.743626086960097,1.983766696435432,0.0047492200564171,3.179102583207246
8oTlu,-9.36738862522107,-7.394273852128733,3.0064124612268857,84.03888567782631
dA6bU,2.176048712252824,-7.7983138024341105,4.997649459173091,134.76630515769844
QR0tU,-3.1140313014281182,-8.502733901170597,1.0069780132089887,30.132363614746943
F9a1r,-10.10023418687164,-1.8155696915475392,1.0060117163885385,30.132363614746943
0FJBb,-1.1343087656920592,-8.337767723542997,0.9935859666187836,30.132363614746943
Iqw0A,-13.497857664271187,-6.644042194551036,2.0062723452743536,57.08562464628662
uEKm6,1.808782529087948,-11.797179437412396,1.0014289119320603,26.95326103153969
gXXRB,-10.423569823141166,2.1408448547816,3.0014991577833623,84.03888567782631
1XvuU,6.753788275302362,-10.370459867546195,3.997092147803297,110.992146709366
zVFx9,-0.3733826154883566,-9.112004728246704,0.9946759679741564,30.132363614746943
XiUSa,3.6696879784232808,-15.335911082342598,3.991846337013513,107.81304412615876
pCfxC,6.939701425536512,0.6247061190460164,3.001216222874671,80.85978309461906
C5wiC,11.663442316173988,-0.2311933294792161,1.007617340448894,26.95326103153969
SORvj,16.410936251640813,-6.887355904986831,2.992021425959376,80.85978309461906
4WUJw,3.1228880856032086,1.7160445333333412,2.9954795308818163,84.03888567782631
MYS6n,11.324667047860164,6.958059345917887,0.9988905260482196,26.95326103153969
d2CMw,0.7312320938803349,-4.988024836481568,4.003957342519973,110.992146709366
FDKZ6,-6.360760311567399,-6.674065162737312,4.9989445034007804,137.94540774090564
ZYzEb,-2.8317395288486003,-11.083327049563708,5.007549370964181,137.94540774090564
pz2UT,-5.007901990875901,-1.06421359484263,0.0001573542512245,3.179102583207246
u5uVQ,5.4170025517325655,-4.087460077137329,0.9980203662340494,26.95326103153969
0nf7I,-5.65456265089662,-5.582919984646115,2.986914045209516,84.03888567782631
qXlVA,1.6114088515766865,0.1671975696171888,2.9990311611780656,80.85978309461906
5YToc,-1.4753646366488409,-11.858905725890512,0.9988736717374908,26.95326103153969
M0u42,8.175300826378729,-7.963958511246013,1.0045696525074697,26.95326103153969
1fczz,7.575427454910279,0.0837544658812312,2.99146363025296,80.85978309461906
E5PsZ,8.953026332381649,-2.853192471869515,3.0026261690729905,84.03888567782631
9VzKg,-14.343979415507974,-8.746923343878862,2.9952659784288254,84.03888567782631
HvsoQ,-12.824762703804272,-7.552875643136147,3.00606968477704,84.03888567782631
kgoWY,-22.60887850593384,-7.764669671837401,3.0071210789835505,84.03888567782631
pmzMG,6.9786675088122765,-8.34633816872218,4.999500736360706,134.76630515769844
djufe,8.241638148741739,1.289086323077535,5.001589651032299,134.76630515769844
q7TwO,-8.040204708975626,-7.898755480183152,3.9948565282515696,110.992146709366
Vaket,-0.3478288020385269,-6.905359311281228,1.9993910942938693,57.08562464628662
JatPg,-5.143458155963507,3.5377055079346533,-0.0032573004184784,3.179102583207246
t8ehJ,5.158307060748523,-9.560755285285024,-0.0006257999519475,3.179102583207246
qpl5j,7.459272382125458,-8.522747586244371,4.997477558799793,134.76630515769844
LW1G4,-13.743755669573131,-11.853283081381182,0.0024239247811764,3.179102583207246
lipIQ,-9.017953352843444,-10.225573342590751,0.0038300562924597,3.179102583207246
kO9CT,-4.969743150133168,-13.299985354779873,0.0031484309711226,3.179102583207246
oGCff,2.822002473497444,-15.380451895126214,4.004274589588471,107.81304412615876
dihRl,-6.205900407036832,-3.84688418539828,4.00075174308341,110.992146709366
nrb9T,-1.3437651916146562,-1.4559196263988268,3.9956239904956994,107.81304412615876
XpkgZ,10.340134229602356,-11.363157893497286,5.002395549418715,134.76630515769844
tZLPh,-3.532679427560933,-9.220003343337687,4.000157577157956,110.992146709366
VjIBW,-12.776438438472487,-3.941788382391105,2.003207554496806,57.08562464628662
8ge7D,-1.4389619930972266,-3.199366621551756,1.9986485397578129,53.90652206307938
gsHGH,1.0202338340823722,4.851231869145567,3.006436317877508,80.85978309461906
twIU0,-0.8188677260566024,-0.7304090414529627,1.9979193286081416,53.90652206307938
tnVIv,-16.415525564293485,-9.765252478458056,4.000424571582866,110.992146709366
NovWw,-8.818332312069,-3.4973987696629245,4.991946518925988,137.94540774090564
kCfaG,6.970094797834728,-2.0797507630934424,4.996727126736424,137.94540774090564
6EcUq,1.1501116799321718,-6.521365725542832,0.0072113923087883,0.0
CwcO2,-2.377741627021708,-5.735443629816954,4.99821984275312,137.94540774090564
MNtTl,-1.2186507027301827,-11.772188047380633,0.0008131935526673,3.179102583207246
5a6F0,2.7967235581627667,-9.244426726119254,2.0001931631963803,57.08562464628662
1U1DX,-10.085044537276666,-9.79148200146288,0.9947155248528952,30.132363614746943
RFZA4,-5.800889922081574,-0.7304248608756252,2.0071310728020286,57.08562464628662
kYF97,-5.002465791564148,-4.130406262656491,3.003808814191078,84.03888567782631
nnTBF,8.387713799580345,1.224989992445244,4.002384609337644,107.81304412615876
zNI10,9.171436855050809,0.0938403668677589,-0.0099101899186424,0.0
gfcpk,-7.195546898935258,-4.609114653405063,5.009211961531,137.94540774090564
VFSaj,14.201212002455064,-8.227088194422778,5.001692983859939,134.76630515769844
f1yeP,-6.641647055178042,-6.637206892017258,4.0008137645379325,110.992146709366
A4e5t,12.724933870074477,0.1186410697084983,5.000089658864673,134.76630515769844
uaCH0,10.91235753240981,-0.9585612799706916,2.9976760138725806,80.85978309461906
i89zM,11.033064437172396,4.538180898535999,0.9997270653820663,26.95326103153969
9C9eJ,10.93290375660296,-1.0490134446797963,3.996662186276212,107.81304412615876
y1Hnu,-13.539876141576956,5.231916219959087,0.9967298302578538,30.132363614746943
nB9zj,-0.8922312974545061,-1.9192208314012964,2.0065192147838737,53.90652206307938
foxUW,-8.142173609245834,-6.59685287282166,0.9975902734470634,30.132363614746943
Lcn8v,1.4854395655237889,-5.699746864724302,1.0016751037330518,26.95326103153969
peBNO,-3.969770669201937,-5.346381598815366,3.9978040006006377,110.992146709366
y7pMp,9.625399479365395,-4.709135528339696,5.008431062994612,134.76630515769844
nNoT1,17.51799375085561,-0.5692104303562342,4.996354216018607,134.76630515769844
zussP,4.762041984819153,-12.526094516515364,2.9942068730867017,80.85978309461906
70fBD,10.177899924088283,-6.010118802115092,5.0009082327500645,134.76630515769844
CGSap,14.67345206940994,-10.03380236835358,0.9992293713339434,26.95326103153969
wMt6y,2.9428776796055933,-0.7930401657090398,-0.0030310208227417,0.0
AZxZA,6.399731771880777,1.514259232199417,3.008210361523463,80.85978309461906
DyZvP,6.502640949074718,-5.5036494337984365,-0.00118873850687,0.0
Kwuj9,5.228877413318854,1.1475091598582354,4.0022137436765455,107.81304412615876
YP1nC,16.544056821356868,-2.9745643268866635,0.0058649526934334,0.0
tX9xw,-8.493862490238559,-5.514035408083994,0.9964108894429512,30.132363614746943
1pciK,-1.9224736810269585,0.3903850025849626,0.0001274600772517,3.179102583207246
NiOA0,10.42582537700202,-7.825190081409353,2.0027523193963543,53.90652206307938
FEymo,-5.096300357767489,-9.023873615745556,4.995212121204716,137.94540774090564
utTua,6.688960673457806,3.3736545378768232,1.998834049636056,53.90652206307938
SuR9K,-10.04732276827612,-0.8613173215815699,4.988683476128987,137.94540774090564
8qPwa,13.179189634023109,0.1948280382729384,0.9938822894043766,26.95326103153969
13NHq,-5.306506903945441,-4.554107182912691,0.9915176329711785,30.132363614746943
bW879,9.188474850546076,-2.417020544357625,4.999101710886102,134.76630515769844
EZ7AN,9.630134636021069,-9.500944123117131,3.003581187182507,80.85978309461906
rfxoU,21.687647034876257,1.7720384775026856,0.9928277439447718,26.95326103153969
pPkOs,3.3231608805886443,-5.717371495375584,4.994030319662851,134.76630515769844
B3IhV,3.0018746037820963,-7.82573197827055,0.0034717042597559,3.179102583207246
ruRjZ,-9.272113963327255,-10.432779509061543,4.989277915029036,137.94540774090564
Tame2,5.081817636923374,-0.2368955088007651,2.9987130078260766,80.85978309461906
oJIfd,-4.9859607581449215,-3.3400543729735186,2.992357736038826,84.03888567782631
iC8et,-4.018816943135072,-5.075423114082932,3.0038949658116727,84.03888567782631
mTUW3,-13.482117365976846,-2.79173062985746,5.008345456186793,137.94540774090564
dDpTe,-4.087534458789792,4.674912494843152,1.0013112250662806,30.132363614746943
5xQ4F,-7.9633208779576865,-4.289381503829608,3.9936807964855374,110.992146709366
7oEQT,-8.494047208985492,-9.748851344169507,3.994016359591377,110.992146709366
DTZzm,-5.760654050798336,-13.83336719925732,1.991507968576939,57.08562464628662
5b9bP,12.554484991251226,-1.6046821610802846,5.002196312073641,134.76630515769844
rAT7E,-8.34291584052687,-0.4471945431991715,5.004779693003541,137.94540774090564
txizI,12.743217503983884,-3.4096121361068152,4.006120274583863,107.81304412615876
5Plp8,2.326142488788641,-8.5866011999569,3.000244689839884,80.85978309461906
35vNH,-3.4490991383591307,-0.234992453629947,2.998979003095364,80.85978309461906
I1OTR,-1.3150503223881014,-1.89098406083094,4.004614280106477,110.992146709366
o5beG,9.210261125020573,2.0043307200466245,-0.0007373631705798,0.0
Dy2QO,8.137197879634893,5.983112621789164,-0.0018496298138392,0.0
uZYSF,5.4778646452895225,-10.306894712642505,0.0024634143922089,3.179102583207246
WynOu,15.125490602893464,-5.843806487497514,0.0059814847060261,0.0
6zK5K,-2.3516709160460745,-6.925914342623455,1.9998646785045395,57.08562464628662
m3rY4,4.137739728909975,-7.170679515909484,1.0034933453149133,26.95326103153969
Pf9SK,4.997185116575811,6.739629549079687,4.995756244264838,134.76630515769844
AgPAF,15.148799921420371,-1.4863726489889657,4.994379547216842,134.76630515769844
LsQ9b,2.2332722038926334,-7.489983272381608,3.991505839754909,107.81304412615876
Yx1jK,7.7741251456966385,-4.902015855910203,5.00541969521051,134.76630515769844
B2b7p,9.65004499419818,4.997731312394655,-0.006984588536829,0.0
inI4b,4.859848264140397,-7.404617955878848,4.004844401822509,107.81304412615876
vIUwl,0.6706861062613134,-9.290927764000967,0.9931401356176652,26.95326103153969
prS0g,1.6991486093663015,-10.71605463865482,3.9933545464090496,110.992146709366
eOLI7,11.178113088144718,1.9690846100773325,-0.0005963077322245,0.0
0yp0G,-5.350223618614917,-11.981496860001284,4.0010484463076015,110.992146709366
a9SWs,-3.9112791645094735,-2.7414150914852904,5.00220151796979,137.94540774090564
XG6Wl,-12.725791850790866,-9.52207418038993,0.9956038751488496,30.132363614746943
Yh9fB,-11.218315735205987,-7.207945938660854,1.9950718480958864,57.08562464628662
cJO3L,7.00170199046055,-18.09404395565751,4.004237303652742,107.81304412615876
Jvhkg,-6.342999460489276,-2.6166649114778333,0.0003014289816243,3.179102583207246
2qskI,10.25112095638099,-9.395151544910938,0.0091284427078389,0.0
9WySc,3.804453543975917,0.7992038751583549,4.000769202128203,107.81304412615876
PmmRp,9.547538643366382,-1.4149462923967024,2.0028899274391785,53.90652206307938
awsYD,6.066548022162354,0.2943263442958366,3.00430731646315,80.85978309461906
v53J9,-12.361344833723152,-3.688292204372252,3.0035087304713945,84.03888567782631
iRU0V,-3.804220651150168,-4.227155890691629,1.9997386689399368,57.08562464628662
tOQH9,-4.642016692774703,-11.780154640352272,2.9948445703429205,84.03888567782631
pxMzf,-8.669707801934795,-8.17526219147079,4.0034919807090255,110.992146709366
BuEHP,14.536080553673694,2.1965510221727267,1.9986502253970104,53.90652206307938
mPBWz,-7.1965839578107325,-2.2908778332785564,5.002599041516414,137.94540774090564
pn4Vt,16.251030440813242,-6.9854779528603625,0.9999135167950608,26.95326103153969
nakGw,-2.6286465558548326,-5.349691493785165,0.9952316773702992,30.132363614746943
kipJx,5.822815145074936,-4.925450909951661,3.0009833223759825,80.85978309461906
Xwfm3,-13.782031904641762,-2.03883526512639,5.000659291575864,137.94540774090564
VckRQ,-2.414632591012851,1.2645022502262453,-0.0060831082382125,3.179102583207246
IIYSM,-8.473852858153213,-6.171759003901784,2.9945310667629634,84.03888567782631
dyROI,0.4689679515621297,-1.5427706968617438,3.997241518258555,107.81304412615876
U6gvn,13.39413458556526,-5.343838922754563,2.0014409020966792,53.90652206307938
tUKLR,0.4957581198480838,-13.858796129874772,4.992488629598671,134.76630515769844
tgExn,-4.475200205273584,-11.094991732050104,5.0018215989369335,137.94540774090564
NWIPQ,-0.8723976265276585,-17.64740318344936,1.0037528124089226,30.132363614746943
kWzkL,15.731074660343538,-16.780459288849475,0.0011829919041266,0.0
3jsuZ,-14.758013238161151,-1.688130973758125,2.9932082355762435,84.03888567782631
v5U4d,-3.322787864975187,-6.932597633342932,0.006068099184585,3.179102583207246
TZFIG,0.4599795988884221,5.913915486553107,0.0094760635399186,0.0
Z7b8L,2.8190042823554444,-7.423760698605755,1.0017853469622382,30.132363614746943
yl5Qb,1.0064402659986982,-9.191227974017234,-0.0039321277138059,0.0
qqmq3,7.477850703508028,-17.82916285450838,4.00251052124107,107.81304412615876
OlFI9,15.304268117630588,-8.1735850601352,3.9986403350254975,107.81304412615876
I2Gwo,5.840205901074603,0.3662871715730054,3.997605589453389,107.81304412615876
o1ANy,10.613648170727243,-12.176874363006853,2.0100894600954864,53.90652206307938
7elTl,19.390050294926237,4.391931213908348,2.004482477160149,53.90652206307938
vlwqd,9.092997592560724,-2.8342052851165813,4.997504430576393,134.76630515769844
UjLWe,16.388319007259938,-11.374945134963609,1.0021726442202477,26.95326103153969
hqpI3,5.646564584835472,-9.169453375665352,4.003471986318922,107.81304412615876
FFOY3,-11.46734355299754,-10.111232537976582,0.9880562862864338,30.132363614746943
x0sFC,8.097074191080853,-1.2046118866468154,0.0017518387147596,0.0
gcTU4,6.194288747369603,0.0242863908093005,1.002590822851567,26.95326103153969
JjV0u,12.164033238895149,-3.833456898435134,1.0039525438046757,26.95326103153969
ipEO1,-1.8873766565110903,-0.1046988417813441,3.994422504667404,110.992146709366
6iIAd,7.948136636395631,3.6149166226036655,0.9960876356726572,26.95326103153969
ODVJ8,12.987610647803947,-0.2873270015008691,0.9986104986969516,26.95326103153969
NgIki,4.516925447306465,-8.496806217263844,4.993207493060549,134.76630515769844
tiPtb,2.193783352938277,-4.909845914544436,4.012014389507994,107.81304412615876
OigAR,-1.1405607327568017,0.7836065662428355,4.996280447637389,134.76630515769844
arV5J,2.5061022904958907,-8.763805391357614,-0.0070622700521961,0.0
HQZ5G,0.8205706869271719,-13.357099687382258,4.9898686235176815,137.94540774090564
AIh82,-2.880443848313064,-13.224894371436491,1.0032760610320437,30.132363614746943
YJqdH,15.599732339938686,-0.6359799319697967,3.0020142619612367,80.85978309461906
AmuvI,5.645179528665639,-11.812448378608178,3.9943541421426736,107.81304412615876
Ynjd4,-2.806423483503281,-12.390266154655102,1.0001606405424288,30.132363614746943
pKaU5,-5.609850177750664,-8.751685565769366,2.000825705969595,57.08562464628662
sibMR,4.600634642146454,5.015333229291489,3.998190288732247,107.81304412615876
1CgOQ,-4.286221573560579,-3.0615703002030235,3.996330337378523,110.992146709366
makqj,-6.441872801324528,-10.369118910596272,-0.003816173908498,3.179102583207246
ZjxeY,-16.336634663497154,-3.108567626275084,3.00762270821864,84.03888567782631
D0yyN,7.497386509432725,-6.023542467196433,5.000658476245102,134.76630515769844
gIAPV,9.8569392060233,-4.153824387346264,5.001034351597581,134.76630515769844
5kjPK,6.6125965885254745,-5.976587530990468,2.00212743595848,53.90652206307938
2zTru,-12.222080406126366,-4.280996010045334,3.0003409681326008,84.03888567782631
7jyLl,-10.212848084306067,-10.750702220513864,0.9919868418638472,30.132363614746943
SzZYn,-0.6224463463006131,4.921327056502356,4.013118231399033,107.81304412615876
xcp5m,-10.049145063019084,-15.840000101751697,4.000235636050042,110.992146709366
VU83n,-13.11720072406088,-7.734390651587407,0.9952826575377802,30.132363614746943
2ieQr,14.706367375376756,4.865653139390724,2.9993723000906227,80.85978309461906
BHFsC,4.121573724368766,-5.594615157842705,4.999510270330875,134.76630515769844
lSdEM,5.8952122785467145,-1.92182566147492,0.002646901416236,0.0
savWs,2.281007146284858,-8.090190404055122,5.006313694932116,134.76630515769844
moyrM,2.290218718095216,-1.3496149408699183,4.001585823732039,107.81304412615876
KVzfo,15.099356650118375,-3.4437138647341534,5.0039503399524765,134.76630515769844
CnYo6,-10.306419665199302,-2.578720185279708,4.99263475191831,137.94540774090564
8a7nm,0.337950985083876,-1.2278781753711383,1.0071056182756208,30.132363614746943
4IKCt,11.068103153395366,-7.0408051996969965,2.995258312452953,80.85978309461906
h76lA,9.286795416258231,-4.823378836766561,0.9975007483111152,26.95326103153969
gMa1h,12.965616070378063,-11.06386236454114,4.004803740479954,107.81304412615876
e1OK6,12.557352068496966,-2.3200508296432014,2.9964289534334934,80.85978309461906
D5YvI,-9.043536239904402,-5.86511422086223,1.9966703985469745,57.08562464628662
aQHWC,9.332390645379196,-4.892829249767408,4.000636206382157,107.81304412615876
Qnk7G,-14.386913059126758,-5.854565464135272,0.9921242053908932,30.132363614746943
EtH6L,16.71443365216772,-6.163632105628055,4.996349923531982,134.76630515769844
lHdjJ,9.21553550657678,2.9328618610251747,-0.0038764703914708,0.0
CUPxL,4.293011895323787,-1.1333792144094144,2.993849559981117,80.85978309461906
Gg9FT,-6.743387685245325,-3.351422304513576,5.006762391197481,137.94540774090564
AfggF,7.612278080902381,-4.679239912370621,4.9915585571785295,134.76630515769844
qjc2Z,-1.9337520136192448,-10.139500504722193,3.99966192895557,110.992146709366
aIgZO,-15.60178982585951,5.927885853994648,-0.0032458047841417,3.179102583207246
H0KOo,0.1539358518061258,1.9431792791440416,-0.0012857422216971,3.179102583207246
qxsgN,-3.5987542939861856,-4.004177357635913,1.0138081664466996,30.132363614746943
5NCfC,6.117230423086068,5.2504958135490565,4.001084034378116,107.81304412615876
vxE7m,1.6367572866688676,-16.385306833010162,3.993197270518009,110.992146709366
swAIX,16.070134633468882,3.4867277970345816,1.0034650730030183,26.95326103153969
m77Ub,-6.5252015900104805,-6.288031256310622,3.002427168246,84.03888567782631
ahB70,-3.124009553941198,-5.283617392219356,1.0034141726290502,26.95326103153969
YLTWt,9.648573457530311,1.6754104486117551,5.002431555342549,134.76630515769844
gXZ1D,12.468951843295509,-8.42556154386479,4.990613350768255,134.76630515769844
VQz8Z,-3.038404942757293,-10.815094356295392,1.0041085602419684,26.95326103153969
bUi7L,4.444994247560755,-9.978785494781317,1.9893755910925628,53.90652206307938
VGpKd,-11.306271106340803,-0.8434491926786798,5.006683656704957,137.94540774090564
fLa1B,8.816159106861779,-7.394854256074858,5.00294418923568,134.76630515769844
7NzK9,1.4056564334778718,-5.5453229114140745,3.9987344664404345,110.992146709366
nxFKo,9.057166346278027,-0.2177968442689151,0.0015739161100565,0.0
ZTyIb,1.6319952986719608,-7.194972083936522,0.9985491678893128,26.95326103153969
Xb5Mm,0.2193287336800597,-5.060271788607089,5.0061943129592015,137.94540774090564
l6cju,-9.18526429166694,-10.289263175319622,1.9964744546512927,57.08562464628662
V2TeF,-0.562965279224696,-8.02633619695559,2.9922253338490226,84.03888567782631
rxGJR,-4.210583724768147,-5.836989463524144,4.0101317900365165,110.992146709366
HfApF,-6.732929240108942,-5.094107246150184,4.998825244396175,137.94540774090564
uxS4Z,11.361199687850965,-3.5467866015343503,-0.0003539935949001,0.0
maZ8s,11.993102931673937,3.407244075188244,4.001212272449559,107.81304412615876
RcueC,-14.094472862340204,-0.9514307882110478,3.995232341764324,110.992146709366
lC8BU,-9.350773055912844,-2.9447901503449923,1.0016862681299192,30.132363614746943
kRvdq,-4.064415783334236,-6.306100742237174,-0.0037467401679023,3.179102583207246
hd62d,15.870466409479198,-3.8462542616697126,2.002003385261767,53.90652206307938
X7kfX,11.635534407529288,-4.2032787796110505,-0.0098584321812106,0.0
oVj8V,-6.506177469622978,-10.906479110040948,4.999096310255456,137.94540774090564
mTwC4,9.230970723062333,-0.6984318158728882,1.996276546405428,53.90652206307938
7KGmj,-8.384844720910728,-0.1760574960971634,3.9965128351468593,110.992146709366
P1vy1,10.65369190456986,-9.703660318356423,2.0013481926048065,53.90652206307938
eufON,6.0008581222341775,1.0813853011324817,3.007266966545452,80.85978309461906
FVyWk,15.843182309653551,-0.5276652761147043,4.000434522435344,107.81304412615876
Cte1D,10.998050736005602,-3.009067330470558,1.0000969451332224,26.95326103153969
VQ8E4,14.51905229645113,-8.181863126387242,-0.0047985629980982,0.0
i4VkU,14.214096020603757,3.972014771348903,3.0045149147764816,80.85978309461906
WIVvB,-7.815217301538317,-8.628825742786113,4.989520898961834,137.94540774090564
ipIuv,2.762129467256533,-11.070003827330895,5.006046255289184,137.94540774090564
31kOA,15.303609099783111,-3.3982091556197527,0.989508299771948,26.95326103153969
dvDuF,-4.997145258853977,1.6121066383242626,2.9985643734738177,84.03888567782631
b7vga,17.061259564633293,-1.3609450569662322,2.0047882571248703,53.90652206307938
fFrJ6,-2.7099195784489662,-4.703506507235681,0.9989890671594142,30.132363614746943
b4DEk,-0.8247312446801764,-1.3814413830788723,1.996993316835039,53.90652206307938
wzpls,-1.5935549575383907,-8.461361641324867,3.002560179061476,80.85978309461906
gNmBN,-14.8039742250037,-8.259692992929581,1.0016247813863015,30.132363614746943
QUi4e,-11.163010169811034,-0.65806920943675,0.0055887243297183,3.179102583207246
qaFZu,10.822623075285245,0.7652792785279514,-0.008052687193367,0.0
jhrYT,-8.661536211146847,-11.671837012449467,1.9995805806956863,57.08562464628662
aTo0K,13.723277370605375,-4.872084527287236,0.0044530575611115,0.0
9ZXQ3,7.446591032596966,-6.639932666926736,2.99670515676598,80.85978309461906
kb73o,7.038424106151136,-5.691614610138289,4.9889153108106585,134.76630515769844
PP9iX,3.0701195767928517,-8.125259999383086,3.0016548896199584,84.03888567782631
EVxsd,13.750972058393982,-5.911189811426201,3.9974677947942383,107.81304412615876
mLuyq,3.0530473612693148,8.895158977268501,4.998706687818715,134.76630515769844
g5lf3,22.71760388157549,5.255975219070421,4.001328798684468,107.81304412615876
s8n2Q,9.86031497357558,-6.427257803157665,-0.0009558085403431,0.0
g6B0N,-9.294190701416069,-9.208649092944889,1.9977303306830336,57.08562464628662
Gk8Lw,10.54188954749766,-4.693062557591932,3.0040873652922344,80.85978309461906
8ebko,4.752370091234429,-4.436200447984572,2.9944644561630054,80.85978309461906
LK2cI,-7.307084698313633,-8.703266408942206,0.9956520470073362,30.132363614746943
tMcfp,-6.434614114979702,-10.460610164130133,1.0052770724567162,30.132363614746943
cqUec,9.290112233114789,-4.460395806753925,-0.004581577455039,0.0
8MfZi,4.2080781928617945,-3.3739025704509578,4.006874165775528,107.81304412615876
NNSI5,7.927003713321175,-6.176999671449488,-0.0004722643537654,0.0
AOerS,-8.849674587822198,-10.346648968667491,1.9887684154939071,53.90652206307938
EBxnV,0.1931049844492527,-6.05275165137719,3.998397234022608,110.992146709366
jothw,-9.719642781391787,-1.938811087147729,1.0097304509233986,30.132363614746943
JMxum,-6.541070378308048,-16.007464454970492,2.9967019447666683,84.03888567782631
cfFmU,11.297723894441804,-3.574316936952424,5.004429244788217,134.76630515769844
6fUa2,12.293552861780288,-0.4811741298372936,4.997149220775293,134.76630515769844
APm4G,10.406424734806867,-2.4449961985012267,3.002082609592472,80.85978309461906
CeF3h,12.846899382214088,4.046554072717768,2.0005173837751347,53.90652206307938
RHV7o,-6.206592981281233,2.2940903594345574,2.99333178343048,84.03888567782631
9wfJn,-11.082927498553406,-9.76637791397016,-0.0016537420226151,3.179102583207246
6OI9O,-3.8836108309751896,-8.866476954763082,3.9955758424184142,110.992146709366
rkM01,7.030770475452412,9.758423918177034,1.9937338922714327,53.90652206307938
QlhCx,6.079943326631301,-14.293194733063569,2.0077552249088493,53.90652206307938
80evU,-4.914203751473735,-21.42793149462551,4.991998705210122,137.94540774090564
57DhX,-12.158631331695574,-13.48414569598621,1.005821829018456,30.132363614746943
DQX6B,-2.7594171131750955,-4.246792408118258,3.0051728828491955,84.03888567782631
SGF2y,-8.713838337824795,-6.566045813653036,0.0018363874148732,3.179102583207246
APMAG,10.731250793954212,-7.245700355925711,2.9967704978402185,80.85978309461906
zmsSc,1.2241240743547053,-12.557158141766203,2.9979404388053745,80.85978309461906
swxrE,-14.316352513387177,-7.024305880614704,1.0053326662323752,30.132363614746943
pzm3Z,9.932989389366028,-2.06794905706636,0.0037574532852647,0.0
vNBtg,-9.370061662569013,-2.7943495488345738,1.9951830272873627,57.08562464628662
6ORSC,7.370058328026606,-0.1911614739634801,5.000746427518719,134.76630515769844
MOxXr,0.9939097745958768,-2.1155833201394745,5.0004048870272735,134.76630515769844
oqhDA,3.26336741955957,-1.538181580867461,3.0013595432332387,80.85978309461906
Bkial,-6.663218765506822,-2.5130881810318093,1.0066882495833402,30.132363614746943
S79l0,4.633698865084167,-1.6123171552640998,-0.004004469176384,0.0
aTfJg,2.983934165566331,-6.415706515562782,-0.0033686822418342,0.0
o4WET,20.24581931392027,-4.563419750179105,1.9996674829553127,53.90652206307938
9n0kV,-13.896943902640226,-10.409031181349857,-0.000310226387697,3.179102583207246
ZuI94,-10.368435500253767,-9.429370495137606,2.0088954411350564,57.08562464628662
ZAct7,-4.416504826057327,-8.151454985793,0.9970431197743854,30.132363614746943
bd5qX,4.6988035601060805,-4.364632531844712,3.999382636045868,107.81304412615876
UGkkT,-4.355252883375479,-9.794468765211542,2.9940805309902485,84.03888567782631
ZFo7I,9.087410138834883,-5.025570975986157,4.996259807684116,134.76630515769844
JmjZQ,4.094394999919135,-0.405524438930776,0.0104263942097033,0.0
jdiRA,0.9956439501709112,4.429794422604052,5.007874991366241,134.76630515769844
hgOr3,-2.1305712422113627,5.3210618808034695,1.006169577429093,30.132363614746943
jHLcz,12.452831747050922,-0.0358934092774005,5.006281077092689,134.76630515769844
VYgnG,-4.672030685670499,3.375844360253476,1.0000241541605526,30.132363614746943
KEX4L,17.179095600442334,1.0101574582773347,2.996060398755405,80.85978309461906
BkReM,9.060813548022292,-4.213027504903351,-0.0003297487826944,0.0
3NwIT,12.105360419237623,-5.976139122651678,2.9957130876212834,80.85978309461906
Gdaib,17.835823320483602,-7.829998643025616,2.995988216645768,80.85978309461906
f2MG7,10.901320929204624,-6.875049059450267,0.998101883010112,26.95326103153969
brSwA,-0.1162616893293719,-5.356180649756384,1.00222322622949,26.95326103153969
BtJWd,3.3872345133622934,-11.921682935709873,2.0067903987215754,57.08562464628662
tdePO,6.930256996280661,-1.5606550649807922,1.9895168122762328,53.90652206307938
cYhmv,-7.830321333670119,-6.659604487849448,5.0027202565760005,137.94540774090564
ZZsAQ,-9.651298500826424,-2.475442123972005,3.998885293130554,110.992146709366
A2yLi,3.8470669575163807,-10.6395310267131,4.995219782550664,134.76630515769844
sr15H,-2.5715305636660597,-1.492003913226139,0.996938140855398,30.132363614746943
CYsY4,-8.931850222455571,-5.026238791432828,1.007366519781924,30.132363614746943
bGg6U,-11.15338030716254,-7.464861396392258,1.9957637267507888,57.08562464628662
BoAMW,2.817575278227319,-5.234132964974517,2.000554993507492,57.08562464628662
ndQ3g,7.971830135713985,-5.584981427690959,0.0004955657069805,0.0
6oURE,-2.1123518043860035,-6.4492974971286525,1.0112015201329771,30.132363614746943
vBz7G,9.903442665475662,-5.649145763301463,5.00371851018656,134.76630515769844
hv2qi,3.9261146340403057,-7.092202736150957,2.99190655270882,80.85978309461906
RgFqy,5.938928869517351,2.051067385790492,0.99863639262279,26.95326103153969
diPR5,-13.714176587204497,-7.220750689020642,1.001788368576576,30.132363614746943
IkQot,-12.002099439299414,-1.4287601976593525,-0.0060605784892525,3.179102583207246
f61mn,5.556772365666636,-4.90000917956846,-0.0041959093953067,0.0
JOmz4,-5.514974072600962,-14.254402563543296,3.9935670178583904,110.992146709366
q0ptE,-7.608835297567296,-8.25391878402182,1.9990986833219213,57.08562464628662
vdplB,-3.681553278345672,-2.650350150042011,-0.0007169965213857,0.0
XcJOe,-12.89413630457939,-13.45342194847063,4.00549436522029,110.992146709366
p08wk,7.707774636175959,-8.115312965097694,0.0013869529799715,0.0
Mc7hH,-17.433384009426412,-4.853540784123586,0.9913723403707516,30.132363614746943
3jtpR,-10.892991833768647,-3.200622878313909,4.999001404967012,137.94540774090564
awTJm,-8.636382909202208,-3.5873412735861256,0.9973399150076802,30.132363614746943
bKT5W,-4.212530532937225,-6.759136767809903,0.9982382017328756,30.132363614746943
XEHLV,1.1647318172971648,-3.028180906683916,4.003636584470706,107.81304412615876
lm6fE,-4.1561353918620805,-1.185367075160901,0.004323394353228,3.179102583207246
nfF8P,-6.467586777344433,-15.56813884968086,0.0106351898521379,3.179102583207246
xAr8F,-9.55242340449006,1.2948233217882628,-0.001464392081563,3.179102583207246
9Iy3y,-3.7571173388595698,-6.821716699068115,5.005731668729055,137.94540774090564
cufeX,9.408548192386943,-0.2902095061981926,3.999556646660903,107.81304412615876
eSdQ9,4.815728954832097,-0.2848795423586048,2.999117440932946,80.85978309461906
wD9RB,-2.747482454808774,-6.6542583998489055,1.9986776576018752,57.08562464628662
Y64t9,-1.2496794138604734,-8.294805801808035,2.0028044122434987,53.90652206307938
B3gX0,-5.76770907269455,-4.022177620898907,2.0001051565739134,57.08562464628662
lCqYa,-7.099370969858904,4.886322199329646,1.99871736786544,57.08562464628662
F3fge,-7.817275583465217,-5.188332642321403,4.0020865408068,110.992146709366
9WMr7,-5.7667756323629735,-19.333919300873468,4.009652857319236,110.992146709366
niSyi,19.12670959922045,-0.6023384444322795,0.9979353274830356,26.95326103153969
twWtF,8.401348023291442,-8.197919459989674,0.0060568126496978,0.0
TCLdB,6.682956057964884,3.101191152550143,1.0038060031662313,26.95326103153969
HPo8u,10.7684954647214,3.1656430053489624,-6.084219975747897e-05,0.0
PdWDr,11.350791085979496,6.075308447760242,4.995708886269057,134.76630515769844
Szgpg,-4.916143008744573,-4.673298020257021,2.003269203294439,57.08562464628662
9jtqS,-10.5365100103468,-13.793033111614587,2.0041367458071564,57.08562464628662
fsZwN,2.129307365018432,-2.4639698228969658,2.003802088884738,53.90652206307938
msfD1,6.858971477116269,-9.215524189924745,2.993649165886209,80.85978309461906
xR2i2,-9.070177571662466,-7.473261678344147,4.9987438381490215,137.94540774090564
UH264,13.920701959039825,-6.512641339056187,0.0033867766143829,0.0
uSHEc,-6.565685820454116,-4.207189281512513,3.998303482808313,110.992146709366
5fZhW,2.8224143493514484,2.8076372057177235,0.0005642863629183,0.0
epWY7,5.451472431836578,-1.7483165877025972,4.999518401582841,134.76630515769844
s7TIv,10.354511181933578,-13.635880074635642,4.994359053824157,134.76630515769844
IUh8k,-5.420051113213319,-6.26065990321558,3.0026648297939484,84.03888567782631
Cg2Jb,12.265931873356664,0.2995531792166197,2.9905234726791763,80.85978309461906
n5bQv,-10.545246427438402,-5.976556251506517,5.003479277666188,137.94540774090564
nquP0,5.607970700755005,-11.093706017146296,4.00284421549746,110.992146709366
SKV5c,4.9604101446693445,-11.653265727879484,0.990119957644542,26.95326103153969
TTXis,2.3389539755145634,3.278119431275475,5.002967799735939,134.76630515769844
byu7U,-6.317243492690199,-10.154389828477107,3.9945036656167887,110.992146709366
Ja7Wr,9.789010595847945,6.666077903486292,1.999569913456176,53.90652206307938
N1lXr,12.293624181056437,-6.407576412284901,-0.0058913162876582,0.0
0V0vH,6.5953854232132585,-4.811347820557054,-0.0057046696235016,0.0
aIqRm,15.152157351887446,-7.079672543857081,0.004662090316534,0.0
QPOCl,3.518598781136528,-4.337391495596282,2.9997457178157183,80.85978309461906
b30OZ,3.2997559505632825,0.1198611435816978,2.0054258584021465,53.90652206307938
7lk0D,-2.084771149740538,-1.1798862215796178,0.0008306670483413,0.0
gxTgT,-15.248805693829803,-13.457794765355963,5.006935288743462,137.94540774090564
zxJbt,-4.443630303085145,-13.95199657896434,1.9931831793151176,57.08562464628662
RDWw6,4.134975326945956,-5.606386492854649,1.995399783768232,57.08562464628662
FHPJF,11.428701972780969,-6.271672069560347,4.00014996195235,107.81304412615876
2XxJH,8.501755894626932,-5.921131713877883,0.986955363352145,26.95326103153969
2KTQJ,9.899961741823637,4.887377220951686,1.9944537481771831,53.90652206307938
CJZ9v,2.513581025514692,-5.82237381121266,-0.0045730764485221,3.179102583207246
wGjBg,-15.712777491542466,-3.119543952829729,2.0101061950397274,57.08562464628662
7Bi2r,10.853657591323378,-4.533796518604628,4.996418301539125,134.76630515769844
q1LME,-15.468469304091162,-10.190887393269842,3.993288544458177,110.992146709366
gJIWe,12.666933923458974,-6.286557716619773,0.0065168512732967,0.0
dH5nq,10.468095632559676,1.0413762152341342,5.006716467381918,134.76630515769844
MfCUz,16.413042832002326,-3.3528013045871923,-0.0001478540054587,0.0
KgmgI,8.950289983673207,-0.3944553112835218,4.007119362200116,107.81304412615876
QBa9z,-9.97926098050488,-8.413254044873415,1.0048331828142407,30.132363614746943
Y71BB,-13.877500859251873,0.7707538165644818,1.9986345939741144,57.08562464628662
gkw3z,-6.226893718403642,-3.1655943943119245,0.9997552767572716,30.132363614746943
qgPkh,-4.1422146370843285,-6.99538070836255,4.998744958517196,137.94540774090564
2mvSj,14.54744835421834,2.99588677039226,5.009186614018852,134.76630515769844
R75RP,9.635347725678445,-15.704259493712412,3.9979825772164927,107.81304412615876
vkUxI,-6.369777731232633,0.3349144140592557,1.0038155011972547,30.132363614746943
4mAHC,15.76910037954826,3.587276115959221,5.001901663331366,134.76630515769844
cXIRN,8.737388058295847,-5.6137911886887135,-0.0031425073501549,0.0
c3rUd,-6.128072804899168,1.6644123734497491,5.001952340846524,137.94540774090564
fNJmG,-2.9740904470425558,-9.11829296109352,3.0083558102194643,84.03888567782631
Q6BBP,7.830071515498855,-16.119381360910328,4.000069144065618,107.81304412615876
bv1AL,3.3659622953232224,-10.26377601946801,1.998958984016795,53.90652206307938
Eqijl,4.984859124072306,-9.174768611112803,1.9987593003423665,53.90652206307938
HUsri,3.5769551217485263,-5.136080441741694,5.007841039431515,134.76630515769844
PJ5Lz,5.837965816390227,-3.2100794115508475,4.001428506581389,107.81304412615876
0RQZE,-3.138288048431078,-6.656497200235847,4.993699461340551,137.94540774090564
ATnWZ,12.804903625606803,-5.811952130952803,1.0031601911127683,26.95326103153969
saeCr,-5.499255668081129,-8.15264360101008,4.008237163969474,110.992146709366
EPaOO,-4.997573898559394,6.60351669697421,-0.0069826511230045,3.179102583207246
l7LYh,-9.287873021427822,-4.973688668345768,2.000630898634819,57.08562464628662
EOqyO,-7.254805879887811,-16.891938630860114,3.994201032633777,110.992146709366
4mqpb,-4.668107901456418,-9.343294674048508,3.995809672552834,110.992146709366
JKYre,-4.944526314678622,-8.81756194994573,4.99680251609159,137.94540774090564
WcA6d,3.0533769256450114,-11.781191878256555,-0.0101900012620038,0.0
kIOMB,14.231853882311311,-16.312779507163143,1.0014470616011697,26.95326103153969
3dlmk,-8.260833839173829,-2.9760967899777566,1.9969605826611307,57.08562464628662
t0Zid,17.39825757075075,5.975129042506006,0.99329617330306,26.95326103153969
UtuBA,11.346460971857889,7.11896181514627,3.002130097924673,80.85978309461906
x8xMx,11.41386041921042,-5.388574095230343,2.0006870905411995,53.90652206307938
Dk0FF,5.5016483478384295,-4.385411262607222,0.9886018150099036,26.95326103153969
k6Icm,7.114232019091097,-8.480831244893675,5.0041522587397145,134.76630515769844
Umh8j,-5.8936504063090025,-2.836341840055112,1.9951758553567025,57.08562464628662
7VBpi,15.493419929014271,-3.643814219623152,2.998167192995832,80.85978309461906
vF2wy,4.619666218861546,-10.83983131870418,5.000371374472323,134.76630515769844
Gli1S,-11.45027107796244,1.0904954862192806,3.992111341680249,110.992146709366
0vmhc,-11.916934458486931,-1.510231940353485,0.0028080755231129,3.179102583207246
QbyCV,10.31474282424182,1.5296632825751102,1.9953098835082244,53.90652206307938
20Uq4,-1.6589011309961927,-6.089033645607112,0.0019834784366459,3.179102583207246
uQclM,10.973723772027787,-3.4923079789187192,-0.0115391994125582,0.0
WZyix,-14.333310692288276,-12.16882616781863,2.0047030545196844,57.08562464628662
9IL62,1.8990069695957883,-2.603152918997405,4.996286715316798,134.76630515769844
hywKp,3.715334015137468,-4.4842883593589615,5.000367032519954,134.76630515769844
Z1d2B,16.896377740319334,-8.452678885396791,1.0098868320062293,26.95326103153969
g7E4q,-5.4687490404184285,-7.545212895602747,3.998493091875972,110.992146709366
lDQiW,5.479586541714512,1.008957668293104,5.004362851183308,134.76630515769844
cp5qH,4.104905610875729,5.001516862617293,5.001983717416754,134.76630515769844
lGraB,-2.1877927501355168,-6.9269111606835,3.004692117672749,84.03888567782631
qucQB,1.0327668548030269,-6.1292902113262535,3.99927956415274,107.81304412615876
ixGqK,-2.958860612782857,-0.8704647840593305,1.9934899691580208,53.90652206307938
8cmy0,5.490945637197839,-9.286563684865683,5.004426599942466,134.76630515769844
yKMDU,13.400521366103852,1.4949782293808704,-0.0051201752358899,0.0
uidrE,8.557649945445236,-14.799812342756288,1.9952662881265293,53.90652206307938
I0Md3,5.063905722343423,-4.553266794120514,0.0072657254459428,0.0
3lsN8,-10.20398775322267,-6.102647953448446,-0.0036106356080959,3.179102583207246
bgU5A,1.9791176826209789,-4.32332718688749,5.01016390248396,134.76630515769844
rBNcs,9.25954851229802,-2.032965866996488,3.9975465338946266,107.81304412615876
37NZg,8.692316680815853,-7.424668595513487,4.996013290387321,134.76630515769844
A5vwo,-6.921448745406639,-10.218982346987238,0.0019819618690338,3.179102583207246
GlP06,11.798847935159404,-2.071052446179208,1.990503399955376,53.90652206307938
0x2tE,7.312414634155741,-2.63741530513674,1.0150276666412168,26.95326103153969
gVOMZ,-5.3609574638561535,-17.637273157103678,2.995401001768004,84.03888567782631
cK6tS,-2.5087356248094657,-7.042767341936909,2.9995223546074974,84.03888567782631
Uql4A,15.809195474995636,0.0180284973303579,-0.0029896824159656,0.0
RB8Cr,9.871436372131376,-9.237416699146,-0.0046452810630737,0.0
T9vR8,2.62241957425669,-1.2421835184384429,4.00998642822335,110.992146709366
4o6f3,14.24378797820869,-9.790551833568934,4.004932428733052,107.81304412615876
YaqN3,-6.48158670870246,-7.1238890176700975,0.004055549785853,3.179102583207246
0icTe,-2.1634459806941617,-3.865299651018448,4.995845153490473,137.94540774090564
f5E6k,-7.864741157453447,-8.25884764669892,-0.0040126268375894,3.179102583207246
YQw8X,-8.273098079205742,-12.774975187509652,4.995853273026824,137.94540774090564
eZWg9,9.108049926610434,2.3523716663310976,3.003964955254609,80.85978309461906
7aRjh,3.498335208854386,-4.237126121458522,5.004257108121148,137.94540774090564
gMUd3,-5.974227583245892,-3.6688872429463975,2.007440089204461,57.08562464628662
Llyqw,-8.207731357604738,-1.879111209652808,5.0044418234619386,137.94540774090564
vHUtW,1.6882241358418586,-12.95928862061442,-0.0107965411636213,0.0
KdJvT,-0.6052470636419011,0.1426360803322781,2.999975408695494,80.85978309461906
PTQd0,9.890202844304447,-0.3047256783810628,5.005024740608673,134.76630515769844
BnUSP,10.53648654572468,1.1693370182337262,1.0017775333662255,26.95326103153969
JjhD1,-13.364146379398914,-10.466999077033568,0.9949994413873008,30.132363614746943
6D6K6,8.394136417636615,-7.091516684540995,-0.0034563727133775,0.0
b7XGM,8.563882874094627,1.1249783528007642,3.9978108541324375,107.81304412615876
h7Loy,-3.6753393171188407,-11.536994780929357,1.006371122206137,30.132363614746943
tido3,-4.769339823511989,6.777284016713876,0.996304808427296,30.132363614746943
MLycC,-6.962954526532732,1.5471984242243586,-0.000124117026646,3.179102583207246
eFxiy,9.133042412356737,-10.938228624896569,0.0058762179389264,0.0
xKc3e,-2.957684708508334,-4.699581337064122,2.0039026996401983,57.08562464628662
hPMFo,4.2783062961357965,-13.057463378307506,3.9946109927351943,107.81304412615876
JTxHY,0.6402917330284632,-7.0155831617531685,4.009285054163184,110.992146709366
zeXRZ,-10.42191090896206,-10.050252996700792,4.997711107420278,137.94540774090564
cKXbS,16.189343139232086,-4.260601170677649,1.9996328913913417,53.90652206307938
ssVyi,10.550204995485142,-14.033925126075118,-0.0028698006316856,0.0
yZqcU,9.259250335122518,-1.2527238924548287,3.9997647255563313,107.81304412615876
6ZOhL,-1.9252417927395644,-8.308635786430438,0.0057450276623848,3.179102583207246
sMuOM,-1.8061493603521,-11.811314675182164,-0.0049502837597267,3.179102583207246
qjVwX,-2.154238972745428,-15.048813797881868,1.0116064262827744,30.132363614746943
B0E4o,0.0787332832224878,-10.348654453305548,-0.0027015333500675,3.179102583207246
1XcZo,10.444368992880715,-7.8695574294759485,0.9963368131094084,26.95326103153969
CpGZ9,18.144445989919824,-0.3923350819144873,-0.0001873706987781,0.0
KpFYb,-5.7516331541850665,-4.192617421645484,2.002473621124809,57.08562464628662
QiSWp,-2.1699693258620174,-2.9801316783465115,4.000182672536537,110.992146709366
ksmHK,-3.8782791874604943,-4.735937823016041,-0.0056439956197094,3.179102583207246
oeapG,7.785574075494464,-0.3918928071058474,0.9987011135347348,26.95326103153969
rpUWJ,11.86156271759532,-13.614951583135188,4.006204678176695,107.81304412615876
UllzB,-1.5935185350969148,-3.313023763686086,3.0011624426964287,84.03888567782631
78mvG,9.132910840015215,-5.405834019134812,-0.0041993203767367,0.0
LLqJk,-6.427220995659617,-5.842864083658396,5.0002728264511225,137.94540774090564
TqwQT,-10.237986662673965,-3.5977886392159126,1.002183297021234,30.132363614746943
Vaijg,-0.3914084047605391,-9.260237962486404,4.999320846955864,137.94540774090564
OITIc,-10.385476441297593,1.6731445571863812,0.0019182219142283,3.179102583207246
31lh6,6.028740716217612,3.4322512552196613,1.9964376802443264,53.90652206307938
mVCIG,0.4633579663094913,-3.943305369241642,0.0024468422123324,3.179102583207246
EyKze,-3.669358894713037,-7.77067883380933,4.993602569973343,137.94540774090564
GC42e,-6.383827315509131,-2.2922811502757225,3.0005460910076405,84.03888567782631
MF1V8,8.836578404594588,-9.077389887553124,5.001911164066228,134.76630515769844
tntlX,4.708025912820039,-2.079888613234582,1.992267535738332,53.90652206307938
A5uFb,12.130018121661063,-4.131128136532106,-0.0096544074037799,0.0
U2NCn,-8.713667393594179,-7.166137996888367,3.0016711343540763,84.03888567782631
Fykst,-2.7109500282287606,-10.544827518508209,5.004382057723325,137.94540774090564
roce5,-5.208591525643512,-13.881557941505609,0.994948983117008,30.132363614746943
ixoLG,1.4689923478832734,-11.242075564047694,4.000087832446528,110.992146709366
dplhw,8.919059784651948,-4.031587390201812,5.006622684365368,134.76630515769844
8mMsg,21.727361028333977,-16.31408150681075,2.998641731543991,80.85978309461906
29SJ4,9.003110173925943,0.4042427181468504,2.993886537033819,80.85978309461906
WGR6q,-3.890435359257852,0.9678306332107648,4.006801946239126,110.992146709366
wArlp,-3.231218879155718,-6.474069404790479,2.007271085043545,57.08562464628662
0qhe4,11.2881273044976,-9.747311331567063,0.9957034707202894,26.95326103153969
70cKA,-1.919476824075392,-6.0018589383700665,1.000111615421621,30.132363614746943
c75LJ,6.602363204188671,2.677724483839662,3.004411679892553,80.85978309461906
cp1DN,-6.578675537622389,6.861865737420851,4.996572092412404,137.94540774090564
RHHXx,-12.757807267057204,-4.634960534872369,4.002302674101148,110.992146709366
gyy42,8.936975272614609,-1.1145361571709709,0.003724658960538,0.0
cTYpR,-2.4812818173926683,-5.222756650650089,-0.0003663196685397,3.179102583207246
aDYp4,-6.607142556772063,-3.864994113815876,0.992089431151,30.132363614746943
UFlnM,-4.373621172782477,-9.631154358171976,2.0032943719742926,57.08562464628662
aJuZU,-1.2334441876284157,-0.2095066734090629,0.0090030963157253,3.179102583207246
cZQPz,2.4863620989250554,-11.002082775795987,0.0017255002952979,0.0
w8wuE,0.4972670175205866,-0.1211188653187673,1.9982658722475568,53.90652206307938
BYOr6,-1.064420316101483,-3.191287005688284,3.999276725003446,107.81304412615876
hwEmF,3.648307669004189,-8.782764386240673,0.9946946551275002,26.95326103153969
ces0O,-6.877520273762604,-0.3720617851387491,2.0016919810838725,57.08562464628662
ro7Gi,8.709143277643669,-5.787701665286644,0.9964704937777928,26.95326103153969
71a1A,10.345401167516,-8.011898790373223,0.0062830399547358,0.0
H8bk8,9.179566626900174,1.472977058884232,5.0010710150712185,134.76630515769844
pcuUa,8.369596539775122,3.7297888190484105,3.997090014500246,107.81304412615876
aMgRb,-0.3337499001092325,3.279737792965185,4.007467416108922,107.81304412615876
KjjgL,-12.34986206672898,-13.405303231553862,1.994677896989504,57.08562464628662
q0IfM,-12.626641558474985,4.384218049220657,3.000376237961836,84.03888567782631
0hhdU,4.168716174173118,-3.8583931714902273,1.0098553654226656,30.132363614746943
aJC6I,9.6719581344226,3.019360041380521,2.000552419720075,53.90652206307938
KRorA,-8.9355739632216,-3.851912217488784,2.002581018502552,57.08562464628662
PxYfH,12.87627747142334,-2.061548211131468,2.0041022973430143,53.90652206307938
IsQI1,2.164653845535489,-8.349114832120282,-0.0009619002831821,3.179102583207246
eZfT1,7.484230484547957,-11.869536784448936,4.005417423830985,107.81304412615876
g2kto,-7.600327365127883,-4.808269110055281,1.0005403237678685,30.132363614746943
VKwuo,6.389602602518242,-12.128680278627243,3.994536049709296,107.81304412615876
bGFgM,-10.272825915265807,-2.027274415887419,1.0014504138636828,30.132363614746943
zv3UI,-5.635022016544693,-5.911761640420988,2.003552625840697,57.08562464628662
r8JHl,-16.41655150830964,-13.573041161198928,4.001806739700605,110.992146709366
Efo4Q,-6.8977724928384605,-7.603315977335327,5.0059233482076255,137.94540774090564
BVnAm,9.307326874682245,-11.703135716938558,4.9917349219858425,134.76630515769844
wIS6C,6.256167809915513,-12.234651034170296,-0.0050142894019261,0.0
bUy5P,-9.104066914491096,-17.113330981490666,0.9918465982465658,30.132363614746943
kcalB,7.06544002918367,-4.106436202754152,4.989598191547789,134.76630515769844
Cd80z,11.478394339627966,-0.9320823986177128,4.993323024838581,134.76630515769844
uAj89,-11.53041102033808,-8.407426428862735,1.0027599416174515,30.132363614746943
u4NeE,8.488222850648969,7.939886155549394,1.9966306250280328,53.90652206307938
5BAdn,9.273388987582678,-6.567349073834313,1.9998999134710929,53.90652206307938
tiM9e,-13.090878751303284,-7.341947535819031,1.9946769195449767,57.08562464628662
jVSIM,0.7514961133966658,-6.242763611546201,1.9995828395302693,57.08562464628662
53FRY,6.236500189591093,3.89606444174794,1.9966298837978456,53.90652206307938
6pseb,8.743281719622342,2.392765726147144,1.996551520037185,53.90652206307938
eGa6K,-5.559813215813753,-7.704985919453424,4.000148876482451,110.992146709366
Uenxu,5.660874469739063,-5.560510632020977,2.9930468575032125,80.85978309461906
8TPp3,7.741806147034604,-9.03718418362526,5.0061621568225005,134.76630515769844
PQP9i,-12.869390957337336,-4.061251051303934,4.001646415503196,110.992146709366
tpzkz,7.772075365409927,-4.298412492607536,2.002051815283321,53.90652206307938
DIhy8,11.6371726716246,-1.874670007471556,5.004529317768691,134.76630515769844
OpWWk,-12.83529258486077,-13.613834677924531,3.9965858355359,110.992146709366
hF6BI,-13.189409053204164,-4.580676608954165,-5.092314280513468e-05,3.179102583207246
vSJh9,-7.392718403346923,-11.231018316076154,3.000008634552588,84.03888567782631
hgTst,-12.22704262750424,-9.583002411890408,0.9942993255987418,30.132363614746943
trRTV,-19.11014129418591,-12.812741289772772,2.9996462461894304,84.03888567782631
jxOp4,3.146595523618852,-8.680365084986992,4.004997334220661,110.992146709366
peKrB,14.604453748596049,-6.626132094638892,2.009574875341711,53.90652206307938
qR6rS,-12.458808048462776,-8.346957798014698,1.0028297498314709,30.132363614746943
XNijj,0.612132170725725,2.0373116400051687,1.009948130781495,30.132363614746943
Y6tx2,-6.21035765512436,-5.179792645101141,3.994098096448114,110.992146709366
tcKlz,-5.852584145174332,-1.8146844557328512,5.002862353210683,137.94540774090564
iLNx2,-6.310715249544747,-9.395826146019475,3.0124051975559345,84.03888567782631
DJrRO,0.6136966235263683,3.68052625765348,1.0004915204555025,26.95326103153969
e38no,8.444767034869558,-4.4116520910949175,0.9964741062369872,26.95326103153969
MuPVQ,11.349669678083082,-11.945001558559689,0.996243095893766,26.95326103153969
V9Iaf,-8.538852629804143,-1.1011318517892423,3.0041281569681697,84.03888567782631
19kI8,6.409188540590633,-0.587467142463499,5.004775136098559,134.76630515769844
Fbm5v,-9.901470591879072,-10.242102804507208,4.989831769493855,137.94540774090564
QAk64,-6.163498974591001,-4.125983146807503,2.001119368277756,57.08562464628662
vy54U,5.448023120554602,-3.4946400271194538,5.0011062406643685,134.76630515769844
mRtyD,-2.9189084348196555,0.0164750557956221,1.0029789411618828,30.132363614746943
tI6c1,-12.483161605403886,-9.18496533531678,4.001461926352629,110.992146709366
RPO16,-4.683410490475074,-5.872715021145496,2.0036979662494745,57.08562464628662
ZBQd2,-8.970807205433301,-16.059602488359026,5.002509431343714,137.94540774090564
s4ApJ,9.896000170837418,-3.421820320899156,-0.0001290052785388,0.0
eOocZ,2.4130380368443314,-3.741521060841834,2.000948446784367,53.90652206307938
PtBgT,-13.238461199165124,-8.578720563070656,1.0048889270127532,30.132363614746943
XAsRn,5.4995107220698,-17.02865194986397,3.0004075786994315,80.85978309461906
PkYcU,6.847446934411449,-2.306988574210705,-0.0037639279066209,0.0
SCnRA,-10.599562169895504,-9.302370657104358,4.998632851496934,137.94540774090564
Wd1Ps,-4.842710132554606,-9.648304597084817,4.996710540444454,137.94540774090564
Twy6Q,0.1236098066712312,-3.59183438819142,2.9981198615031617,80.85978309461906
3CvCc,2.205229235660428,-5.434768010650698,-0.0090306622492728,3.179102583207246
qUQbu,15.478143628861488,-4.525751973837612,1.0005641828211236,26.95326103153969
4AyQp,-2.0149838564715523,0.6483104695149855,2.011503296510147,57.08562464628662
Lh3nU,10.82514829330344,-0.9398158096563614,4.988936989739789,134.76630515769844
dff7i,-8.162433465804586,-11.743118273930149,0.9983731639282344,30.132363614746943
zBCYw,-4.282114007419141,-5.6466989114200485,4.9922462262045215,137.94540774090564
5AxZI,5.6659673907164745,1.039192035635403,2.9941405512617987,80.85978309461906
E1bAY,-7.923427022788258,-5.195327169565685,3.00493226032756,84.03888567782631
IyW0v,2.4689474229062407,-12.051804216688032,0.9914037261803896,30.132363614746943
Du7v6,-5.7111491411932365,-5.97235528812019,0.0029980370780572,3.179102583207246
JP33v,0.7094206774954808,-4.969567718888278,3.002222710054633,84.03888567782631
OkIai,-1.9850742911818184,-3.581576649346468,-0.0047510843408099,3.179102583207246
3s92H,10.60442475621548,-4.992789959281907,0.0002356002330371,0.0
QEpZp,17.663440960876887,-7.29473963114264,4.001068543761166,107.81304412615876
3uNkD,-5.494730670106852,-10.258644022083828,1.00874469863777,30.132363614746943
F9Ag9,-1.9245826937281825,-6.605574948439098,4.0053693759271765,110.992146709366
LnAI1,12.9580755721142,1.230533290873984,1.00352769593216,26.95326103153969
h7sY2,13.674222894061144,-0.3870970469836021,-0.00189847509682,0.0
kxFRD,1.992987256842604,-3.7659951854634,3.0111205221844908,80.85978309461906
MZZtq,0.7816215420620596,-3.36532772717121,5.0037207302463065,137.94540774090564
X1Yk4,-4.072616038391596,-2.3645265954303016,4.004656341190281,110.992146709366
17gF1,8.940320798018172,-3.249356558592498,-0.0030065922250878,0.0
gluOM,10.985853822366083,-4.7787039035627465,4.0036621361258105,107.81304412615876
xYpJ8,-11.708846959542234,-6.977960730146284,2.0007732761302366,57.08562464628662
PKvSU,10.718705039487247,1.7292872865101625,5.006088183335937,134.76630515769844
p9zVd,-10.972296871349831,-7.9163234278619505,3.999557287904514,110.992146709366
tv5FD,-6.321022195210356,-8.429152021133845,0.0006998956419355,3.179102583207246
m1MST,7.129250776645686,-0.6084964020029022,4.0054713203224726,107.81304412615876
sVMz4,-6.484491930980933,-5.8062847119493615,1.998090134932747,57.08562464628662
2DXWt,10.401133917245112,-5.335298189114902,1.001130361344731,26.95326103153969
6jEAw,-3.2215234149840994,-11.557213820233171,1.989227563064804,57.08562464628662
FkQa4,-12.68977247578485,-10.953675940028845,2.007173574436149,57.08562464628662
Y8dJ1,5.3597502921329925,-6.267591409469572,5.000255006245156,137.94540774090564
8ZH57,-3.2306550175712534,-13.92166303447334,1.012063513214505,30.132363614746943
p41YM,-1.2093187617746564,0.1066815438648278,4.001819723689925,110.992146709366
GyL4s,12.446973545116782,-14.995197190172876,0.995611604482318,26.95326103153969
B0OeZ,-6.514873992688683,-0.0594081782491908,-0.0040359063981853,3.179102583207246
b9U5X,-14.873393481372284,-12.618015806841498,5.000528554768403,137.94540774090564
h0XjJ,-8.240902412670675,-10.59018918597006,4.004361335543063,110.992146709366
sd4x9,9.5444213333614,-6.524780757746072,0.994735525877774,26.95326103153969
WGtqW,-7.680769230502674,-17.09558329035549,4.9984468247625164,137.94540774090564
2aAfN,-15.497298327156203,-10.401440999630545,1.991937843334908,57.08562464628662
m9r8e,-6.846582791578534,-1.8411413348681105,2.0079168024849463,57.08562464628662
xFsfR,10.041542153805516,1.6247526073619358,5.000449831910558,134.76630515769844
XbUCi,-1.028684847303639,-14.417049836011865,3.9974419140862167,107.81304412615876
2FaC3,16.517571640850694,-0.3761426789994266,0.9978929814970592,26.95326103153969
RGrFJ,-4.7594155232147415,-6.948390883960264,4.999706785624033,137.94540774090564
VeQdp,7.173950894704402,0.2139924932597808,2.0037949556894543,53.90652206307938
tJ8Zd,4.001083825181747,-1.0948217378293448,3.994810659748745,107.81304412615876
wYSe5,10.085516170079364,0.2304708523678549,3.0001786826532872,80.85978309461906
7qGsI,-5.190876406907826,-5.835303960045152,1.0013644118709837,26.95326103153969
hCyco,-7.405174604926051,-4.475937692012022,1.9968144491485031,57.08562464628662
4POtX,-8.474613667821412,-1.7182410556903909,1.9969290568067424,57.08562464628662
wdYca,-11.96847911912268,-1.5528592573587678,0.0097369605244121,3.179102583207246
kKqxw,10.048711306633924,2.9063799522807527,0.0033369384893574,0.0
BC5sW,-3.01103827538955,-2.1875423878565736,1.0000825000680391,30.132363614746943
6DEOE,-2.7360223184989603,-3.502729079887043,3.0013143769939346,84.03888567782631
OM7th,9.288401636435385,2.81421341276432,-0.0036829486797246,0.0
q5t2f,17.70882049567506,-6.505609973003083,5.004981443603153,134.76630515769844
alYiF,-7.802602971794398,-5.393791471814796,2.9973245374794817,84.03888567782631
JnGIW,-0.5851084820561931,-1.1062581129302849,2.00736968994346,57.08562464628662
urF7a,10.371502021298346,-3.9550352049197968,-0.0031010637535306,0.0
HjCk2,-2.1078040607453064,-2.017390285187448,0.0004347587634986,3.179102583207246
zmTAr,2.1125993866899133,-2.5145255102341046,2.0095903121216496,53.90652206307938
gBu0X,-9.870557660379344,-11.933582282021105,0.9999005865497532,30.132363614746943
u8weK,-1.4818528497873773,-5.784359123756527,2.9889648123853862,84.03888567782631
BpoLs,-2.0359910388687137,0.3690888425665166,0.0051117489987902,0.0
0BwQL,-9.134642631092651,-3.385485305651976,0.0032184183806112,3.179102583207246
cT1pE,-7.634377488887103,-1.0487905070296444,2.004976430333381,57.08562464628662
4v4Yd,-7.291348506922318,-2.426769464027419,1.0014964621099889,30.132363614746943
KHLuT,13.842599441235333,-8.400487371920807,2.995347053872905,80.85978309461906
rYyFe,2.768144655367632,-2.985929890585204,2.992383780857991,80.85978309461906
k8UpB,1.3309708938338272,-16.071928169489606,5.00628764547741,137.94540774090564
bWGs1,14.101420167491751,-1.247128448259298,-0.007276400216664,0.0
2yozD,3.699208754561972,-4.1923604309333165,-0.002124158365173,0.0
T8m14,-10.53391378897777,-4.181631031342844,5.002341971321903,137.94540774090564
4xqKM,13.87868432461479,-7.590271749676516,-0.0039230146114797,0.0
smqi6,-1.1721791285655527,-8.044476623537848,-0.0108791085420486,3.179102583207246
O4rAT,-10.692610557519828,-4.792716815667396,3.990210446698194,110.992146709366
ZYGu8,9.370391606824963,-2.423478387086405,2.9932817839645667,80.85978309461906
xGtoX,11.978160595646177,-8.033291842926857,3.998054841895896,107.81304412615876
hAXWf,0.6114109023523095,-8.511786423009234,3.0069088679652336,80.85978309461906
OXYmf,11.317431455926926,-1.9830850283055688,3.999585240413905,107.81304412615876
EzIhp,4.985890993474209,2.3380905449544125,1.995110018495441,53.90652206307938
7kC3Z,-12.03083872732827,-9.589186694456965,0.0073388488925116,3.179102583207246
Ecpo7,-1.5901485052634277,-3.0273081055516613,4.003508813641029,110.992146709366
vVKxM,3.420921686256812,-8.917315183078639,1.0051891472220456,26.95326103153969
eXCmt,11.487132963262193,-11.873960045843663,0.0022087374898945,0.0
vdtd5,1.752829012437986,-7.848215046478343,2.000953005800549,57.08562464628662
TogyO,14.116540556736052,-0.7799872929816076,0.0081917040074915,0.0
jeUUZ,4.801147298354112,-3.7903047176294056,1.0006259852801669,26.95326103153969
UgDgn,-3.660587675766272,-6.678329370966977,3.995328493402937,110.992146709366
Effgh,10.534574098432511,4.4251722577713695,0.9952951410318064,26.95326103153969
Hg1jl,-6.058496519836496,-9.930991241158203,-0.0083617858020781,3.179102583207246
V7Bet,1.566592732030239,-16.074336332506938,2.9941792791607686,80.85978309461906
ysSI2,11.775341659858851,-0.8239841083533976,2.0041008262975257,53.90652206307938
HHtko,5.7123296703857545,-0.7507087179451726,2.0049666101967003,53.90652206307938
FOxiH,8.959045451818506,-1.7461941898405058,1.0041935682951466,26.95326103153969
xoan0,8.99443263571007,-5.974152080412017,0.9987299584603924,26.95326103153969
9GkjR,3.525023918142326,-7.43671425604774,1.0023482255711242,26.95326103153969
SImxO,9.110995288433198,1.625676980627512,4.009333665466973,107.81304412615876
OE3JY,13.364868247379016,5.015580225162684,1.0054023255562254,26.95326103153969
uZId0,8.616577853622065,-2.9182082842677897,3.993163922710103,107.81304412615876
ygA8c,9.045982572572807,1.2191161999059972,2.000582616858544,53.90652206307938
aUQTg,5.244250446522743,0.2838048275583467,5.009011876367644,134.76630515769844
ioUVN,6.323393766290598,-2.811769863510417,4.002866185126213,107.81304412615876
fivOL,7.194720845524999,-9.672788839496382,4.00134314897607,107.81304412615876
jx8Vc,10.33697440840127,-8.477868099369672,2.997109812197277,80.85978309461906
nkZv8,4.321707219578178,6.721634517484988,-0.0083711807294496,0.0
fTM7I,-8.36072223001948,-8.051528065163453,4.9962233151242055,137.94540774090564
MkMQt,13.316053203137493,-8.077170760760419,1.003108909201072,26.95326103153969
kCqSk,7.095866535044272,2.8950886075637148,5.00540362261906,134.76630515769844
M46bo,-2.864152432625961,-6.194995553454382,4.996583273128448,137.94540774090564
2WkS7,-7.465426043339933,-4.59719627419083,3.0043576030586183,84.03888567782631
aqeXG,4.125711683051914,-5.285133983419514,2.998349499707855,80.85978309461906
hy3qe,8.460011207205,-9.476665883000368,4.992078636950842,134.76630515769844
5Bb5P,-12.810907087707868,-8.132604373530853,0.9989350985728972,30.132363614746943
TUKm6,12.120880383633676,-3.979816718967911,0.998966305333918,26.95326103153969
Y4b8i,-0.5520864657975411,-1.532217044828906,2.9998945105850217,84.03888567782631
2uaKX,-5.271822365345471,-6.167990005265382,3.0038097627824447,84.03888567782631
JdfFs,-7.689786723966942,-0.0235237126748515,4.991635180236047,137.94540774090564
0yZ0E,12.728422442892132,-3.63865673756257,1.0092104125722334,26.95326103153969
Ce33l,12.754016687120108,0.7867458395726947,4.999774177122308,134.76630515769844
V04iA,-1.587316840188712,-14.656474424651025,2.002477358293372,57.08562464628662
c2kon,10.822019040032494,-5.257465259220349,1.9947932161265296,53.90652206307938
NSQCC,-2.632462786500291,-1.0755774194323442,2.0006701371398785,53.90652206307938
R3X9x,-2.901747887983275,-8.840660536682202,0.0015929844974,3.179102583207246
R1vfC,-6.605168763104073,-5.512958979328136,3.99972289799176,110.992146709366
j8PVq,-6.950843733683847,1.077803721775032,4.009084245237266,110.992146709366
EK3nO,15.270686067128134,-2.361161529333436,3.0033639154346483,80.85978309461906
ETqai,-3.1825348572858667,-3.0910069877798456,0.0018638065319325,3.179102583207246
8Sl72,-11.381901716090232,-18.929897984109388,3.0018291292590527,84.03888567782631
6g3Yf,6.025404517086653,-0.7244582162381672,3.0038071548378147,84.03888567782631
mAtQ7,13.834678974043667,-5.485302232177193,1.006792645391517,26.95326103153969
8Sk4U,-9.012326758733623,0.6048608581596824,4.00618980596017,110.992146709366
jIvqY,-8.213972074672341,-0.4281903140594725,3.000251910590501,84.03888567782631
w7nxg,-2.598820102920804,-6.450225094595736,1.999758555499944,57.08562464628662
YufyT,7.0571058140510114,-12.288165932711694,2.998026496123181,80.85978309461906
rCOuq,-13.182775330323867,-2.1991029896536256,2.994844477995385,84.03888567782631
oSAWw,-10.483970706563747,-11.274655804514603,0.007268804761415,3.179102583207246
pVQ90,14.529902615186328,-6.382167010443064,1.002290319244571,26.95326103153969
QBfgS,13.235100776997704,-14.576622980613266,4.000911961730932,107.81304412615876
qTsiB,2.0563987320267776,0.8927475004529049,0.0018631131883549,3.179102583207246
Mz9yb,4.7654137868053885,-7.440240200638366,5.001492392834517,134.76630515769844
AtmDG,7.528603868081405,-14.496146929048605,-0.0006026031751227,0.0
5wjyk,1.400431493690367,-7.890852629639951,1.995976186942633,57.08562464628662
CmFdd,8.7872407848213,-13.060983088129747,0.0056460558966268,0.0
yOAXp,15.057117563474812,1.6322743967498656,-0.0015805041421616,0.0
ve7Oa,8.351242612944867,4.250323811628811,1.0038682962222951,26.95326103153969
BYN7r,6.788102535870321,-6.581190397157125,4.001551575381493,107.81304412615876
7vEcd,0.4387100369818526,0.5925714995902736,0.0008364865100007,0.0
VBXU5,7.301915108854795,-5.779227240733119,1.0106266831383064,26.95326103153969
IEc3F,6.769753639108231,-5.809777872395762,0.0025862368896719,0.0
x7tPE,-5.0343967676231465,-8.653373093458697,4.008403547474028,110.992146709366
Bkqqd,0.5358132142019789,-8.423611706163491,0.0023961412044035,3.179102583207246
TuFHB,4.345059431882456,-3.177009693009267,3.001203733658657,80.85978309461906
hutCE,17.138922517753013,-2.5886617206618467,0.0044866909923262,0.0
W1y7v,-2.669861920788596,0.4804077445129433,5.002036183844673,137.94540774090564
2wRGf,-1.1914010342545174,1.76785958639514,4.003913156069265,110.992146709366
zbyMe,12.330610231843222,-3.364789039757814,2.9980676828955404,80.85978309461906
zbQG9,-7.533993953825843,-6.592197977008049,2.9994717623644376,84.03888567782631
55FbN,11.576559942415328,0.6096756075134255,-0.0022078479997464,0.0
CzqKZ,1.3518517600737487,5.518710258542197,0.0024313249040757,0.0
hmzvi,-8.315463833231632,-3.8578009361061527,4.000101570583522,110.992146709366
HIM8B,-11.826261434905955,-3.3229578600276155,4.993635040898972,137.94540774090564
YYXSt,-6.689124556652664,-9.155902273131664,4.000431950455138,110.992146709366
NGQa6,12.837575193431366,-1.4197721635327518,4.994861289657376,134.76630515769844
Ip34o,-7.951088700364983,-0.5394012235856636,0.9974342229599028,30.132363614746943
uLkOF,-2.5294840895809525,-7.906355287425798,3.991990639478853,110.992146709366
6TUzg,7.218782852438147,2.3788504634851115,2.004763430846569,53.90652206307938
ibsS7,-6.108693144679225,-2.7354441868062502,3.0004851730348854,84.03888567782631
nxMTW,11.638373363808029,-10.889012028527407,4.997418111245578,134.76630515769844
rQNkm,-5.0668351677659365,-11.291704459558366,-0.0088221287767182,3.179102583207246
g0GRT,-12.837557922109545,-7.549408863876593,3.010681278748533,84.03888567782631
m8WzA,6.509403081890058,-2.0259220437666565,2.001554040842347,53.90652206307938
CIFKF,7.848588651238107,-1.710279406068892,1.0042181627483595,26.95326103153969
77CIa,-7.096103453117387,-4.2296299859267,5.006102471771852,137.94540774090564
obcKV,20.148945825124866,-3.2264017811093284,4.999588845259226,134.76630515769844
L9D82,-0.5837834431188291,-8.38095046932925,1.99468521232721,57.08562464628662
i1Try,13.642871962681324,-11.947201804803774,0.0081275244973385,0.0
p04KR,8.547355450894788,-0.0777689432783641,0.9995758072157674,26.95326103153969
jA3Lx,-4.283913942285208,-3.4872396825352907,0.0052007659713534,3.179102583207246
QuXsy,2.9515364337218286,-6.619101549116556,4.005263452540188,107.81304412615876
gSR7o,10.917250509318915,-5.826931446614168,3.992860658601652,107.81304412615876
F9Wi6,9.713138011747208,-6.135144752766975,1.9912163357381645,53.90652206307938
D7s7l,-3.9126460300262,-4.261864850649187,4.001353268339553,110.992146709366
v3MIb,-0.5755353360322557,0.0401378703605388,4.996689230261231,137.94540774090564
PQTJD,-7.312695954719804,-10.04899862931702,1.0029394729941752,30.132363614746943
hy5T6,9.26784343541484,-5.239337313557206,3.006865394768057,80.85978309461906
IFOpA,-4.644677747215316,-4.693654970766892,0.9931727838483432,30.132363614746943
L31VG,9.013310225460415,-7.057786688230799,5.010395286613343,134.76630515769844
tRNHy,4.4511315184104845,-6.750929239752594,3.999724188376952,107.81304412615876
qoDk9,-7.5473861406750995,-3.0135678904472414,2.002434451053628,57.08562464628662
tTXxq,-7.362260097636465,0.0037419195243133,4.996975345668668,137.94540774090564
Nelgu,11.413740856701196,-5.2459374607770615,1.000033374282398,26.95326103153969
xZ3YC,10.205333366228444,4.6543158986238415,4.0108099087345686,107.81304412615876
iH2C2,-7.650336304593273,-2.6755210443772097,-0.0036042825590614,3.179102583207246
nQ5Yd,-2.0892185121439537,-5.380641118384485,3.992197868466478,110.992146709366
AN5oe,2.420149987995079,-12.555884189790545,0.002580117142511,3.179102583207246
z4pde,-6.6303388659487,-3.602694107173164,2.003915315657507,57.08562464628662
k6iZ9,1.1692594118353634,2.176146398587649,0.0004496175097085,3.179102583207246
L3IU3,-15.830733328673151,-11.32999441537251,-0.0026656139221853,3.179102583207246
JEjdk,-4.43487892938164,-4.129133196788208,0.0006122132771743,3.179102583207246
BARwY,2.8673235259197947,-10.685550822210452,1.0039107263474425,30.132363614746943
PP7Io,-8.277872740714056,-6.88999481845267,4.996003173426463,137.94540774090564
C95HC,-7.050602731573637,5.059816490028295,1.9978844709320227,57.08562464628662
GSNsw,18.069605461118066,-4.975858786918916,0.0052240912823947,0.0
rbZR5,1.6686331436293171,-7.3871800216409085,5.001737874081061,137.94540774090564
yukFP,-10.649710620823065,-10.5486141479498,4.999299875944535,137.94540774090564
mj3dp,6.69186954065106,4.998375901673714,4.999024262352477,134.76630515769844
POHKp,-8.48904732125913,-10.099865299517363,-0.0026849451279076,3.179102583207246
UC4rf,3.734884889582049,2.562065837415094,0.9971324703277674,26.95326103153969
Zmlz6,15.328935674667935,-3.757397601755085,2.0039612521220884,53.90652206307938
WnnIP,6.8182854178335655,1.4347925871223444,2.998990473968718,80.85978309461906
kA60S,-16.381435009530126,-5.506176307251521,4.994920731562903,137.94540774090564
uJ1ME,1.672778290461089,-7.684412228189232,4.010719116797957,110.992146709366
foujZ,-14.714415059025908,-8.378638859855718,3.000249760382,84.03888567782631
oGTzj,14.12867669309742,0.1686022716389268,3.006997364244824,80.85978309461906
DGSYw,15.187692726867914,-5.629172185862883,4.995371597337659,134.76630515769844
M07r2,19.16458807025501,-4.156622512711047,1.9989505124662656,53.90652206307938
Cv2y4,13.385655594548696,1.568057916219204,4.9917184972830215,134.76630515769844
LWNKA,-2.7206139999917407,-3.8391834014553607,5.002845671253571,137.94540774090564
oRBHk,9.703061497250602,-11.460216710327522,2.9957535668566826,80.85978309461906
sj3sJ,2.6078812261652704,-3.732867483016318,1.0061112682308024,26.95326103153969
YPNcs,13.433017919020614,-6.864995763986273,1.9939020048386025,53.90652206307938
NeeNT,6.980840163807322,-6.178807890500625,-8.423211616111632e-05,0.0
62Q8y,-2.213675418994529,-0.4570219175854486,-0.0016063875727996,3.179102583207246
mKd2v,-6.01430851990861,-11.190142907153454,4.010370181322369,110.992146709366
5COz6,1.8794186611013304,-11.96100071597372,1.9918132759178344,57.08562464628662
QSH9K,-16.308611848830672,-1.9397417098619107,2.0010325150600896,57.08562464628662
CBJKO,8.25420711820696,-1.6537086088253077,2.9990376876981046,80.85978309461906
3cCrH,-0.8297287525361936,-7.822971987893744,4.996808578535156,137.94540774090564
rptWm,-2.8501501296645664,-1.856481687303348,5.001578974832207,134.76630515769844
AjqfQ,-0.8074778773757858,-3.5369136559120338,0.0045935177464915,3.179102583207246
9BSm7,7.590725270518704,-5.800267668267633,-0.0002225855555312,0.0
k86cX,-0.802795723699413,-9.750974876098075,1.0032540163455117,26.95326103153969
35O2j,-9.99826284374343,-5.430849654705624,1.0012271048404613,30.132363614746943
swxVn,-8.70225714913874,-5.194851849075652,3.994401594095745,110.992146709366
dlS7j,-9.772650022101027,-15.142877056288144,4.9947992060022965,137.94540774090564
wh9ei,-2.1894211011583247,2.5488906386975767,0.9914697551627614,30.132363614746943
JEElQ,8.170485562948045,7.259206026389627,4.001012988932982,107.81304412615876
hBJNt,8.174743647672386,0.140246210236973,1.0000963772120492,26.95326103153969
UTjJ6,5.586154813811868,0.4869805663107218,1.997266131871336,53.90652206307938
pCCml,12.266770654029015,-9.564506196879574,4.006249028830899,107.81304412615876
78AcV,-5.2256178743410135,0.4350839439344396,0.0005107099539368,3.179102583207246
FWwmA,6.926256681987723,2.7432246147114934,4.995735191981888,134.76630515769844
GyueI,-7.116690835122332,-4.628973865030312,-0.0015299378543461,3.179102583207246
QUltc,-7.368939903215282,-4.0234604863251695,-0.002724338908318,3.179102583207246
XWjwS,12.128381693679971,-5.670455643963053,5.016803542408741,134.76630515769844
KXaEM,12.766649190495588,0.4607918932359754,2.0008045527017764,53.90652206307938
fs5x7,-3.2843873959221,-7.59832531344532,1.9989286756036733,57.08562464628662
KNzUE,-9.169062032631135,2.8316953985968483,-0.001638529811154,3.179102583207246
NDzN9,-0.6210135738336886,-8.296690680008384,0.9989567196937188,30.132363614746943
Qnlp3,6.5212922912442455,-6.457145995434786,5.000733066189574,134.76630515769844
8qmrR,-4.1875212894660665,-6.930301346222096,4.993151177235996,137.94540774090564
KEsbN,10.975490816591783,-1.7577932545493844,1.0007082261259346,26.95326103153969
weGZT,-15.622816544862893,0.6841005510040414,2.9871803523830485,84.03888567782631
xCvHd,-0.6784397975773562,-10.929684941494717,5.000176191692646,137.94540774090564
6yrca,8.387687113819336,-9.904052946586187,1.0010444242776393,26.95326103153969
D5SKw,3.4539904377639865,-6.828911246823855,1.9914012815420248,53.90652206307938
hdNzn,-2.149236093046224,-7.284528533159686,0.9984059612482296,26.95326103153969
EZTWl,-7.594490944664869,-9.043050548004944,5.0017613119062645,137.94540774090564
pbvfC,7.191046218730963,0.1932042013809143,0.9985803094134384,26.95326103153969
DdGPm,-9.289246846540172,-3.675455744097096,0.993176727079218,30.132363614746943
gA6Pm,-3.136509971715601,-0.0995510154280223,0.9962960419231712,30.132363614746943
SmGsW,3.039728231011668,-5.2968163699834365,5.001500228764618,134.76630515769844
JBQuM,-9.997377355775573,5.364595317406258,0.9955109789376594,30.132363614746943
mJ2qn,10.745350329495368,-0.2583126674886733,1.0067710765755309,26.95326103153969
GpVkc,-6.711743982249893,-3.2649175486659314,0.0025084087961607,3.179102583207246
MitHe,-3.767734664208644,-11.39618968580062,1.997883647601118,57.08562464628662
YEuNM,7.841589993474277,-0.3137642406898005,5.0042256587195935,134.76630515769844
JMLR9,-4.89433386628546,-6.769500788570361,2.9943772256091585,84.03888567782631
jwTu0,9.114160914056086,-7.79464945618638,3.003570209575513,80.85978309461906
Uwbqp,-7.265208836226058,-6.75779904924658,2.9995608786252235,84.03888567782631
elyFA,13.044579559555226,-5.555226057297661,3.0081086754410884,80.85978309461906
KsqRy,3.4524893266033216,-3.864215916247305,0.9967735233424648,30.132363614746943
J1dt7,9.78493452980799,2.1871661446590016,3.996915195030808,107.81304412615876
bapLn,13.137420172176943,-4.9946721487160985,4.994014624503707,134.76630515769844
dknee,-6.997175468184488,-11.690621556212694,1.0060930197327809,30.132363614746943
Uq4ZB,4.148922904064526,-1.5980889741907711,3.997478470375672,110.992146709366
pMzFh,-5.110910961123336,-5.885803969158074,1.0054315713021502,30.132363614746943
p8IRC,4.934677717969946,0.4139735808237166,3.001054758065312,80.85978309461906
lkyAf,18.135758744393208,-6.996985025679256,3.9981547315887647,107.81304412615876
EEV8Q,9.790644586683044,-2.4959528289818533,3.0014483637683096,80.85978309461906
Pe5oX,0.612757293701562,-6.218609098556576,0.004194694526913,0.0
FLreL,-12.137785866693832,-11.877035390053384,0.9992511366485076,30.132363614746943
DPJwo,17.8583752802401,-9.064908889667915,5.000340473256904,134.76630515769844
s3cUq,-4.026712747509632,-11.236783661724218,5.000953117999203,137.94540774090564
Z6Qn1,-3.6893883158682144,9.27705767276738,4.997023856335539,137.94540774090564
DMhX4,-1.9914271384133453,-10.882740616380714,1.9966915088998136,57.08562464628662
kBj4z,0.4604519231766009,-7.370798017474077,4.002208159504469,107.81304412615876
f8SBE,-18.85722558714277,-14.873464281650543,5.001660537577784,137.94540774090564
9ZRyT,0.3265955373819613,-0.3328957936972436,-0.0016407976870561,3.179102583207246
HPMcy,-11.067226554311093,-0.669272070687958,1.9960537287434248,57.08562464628662
cr1vp,14.328535999028034,-6.846267005425356,3.006221311748687,80.85978309461906
u36GY,9.560436062689924,-14.840640417858296,0.9975880459468848,26.95326103153969
d70cE,9.326315075577536,-8.659340417606987,0.9959617925048846,26.95326103153969
hoMD1,-15.316306048311931,-6.489792561417523,1.9936499364120668,57.08562464628662
i7blC,9.314622782407746,-3.533164076580596,5.00594732554403,134.76630515769844
2Jn7s,-2.7129224276174213,-8.544202924009337,4.998881144978094,137.94540774090564
LrIu6,-19.763549160572115,-5.317377133987589,2.999709831513488,84.03888567782631
e4JVM,-10.30834369536162,-11.955485718787155,0.9897408764451172,30.132363614746943
J4nAG,-4.156939485775993,-16.810673399101947,0.9933917748189752,30.132363614746943
DlzOD,-6.244587409967012,-6.160952534609545,3.993025969644199,110.992146709366
pCJ6F,2.680999352381259,-5.312747970291427,4.9989820696157805,134.76630515769844
5CBJv,-1.39012545798915,-12.098291709691257,4.003973791762035,110.992146709366
c0QxE,9.205298780280474,-10.00570213971292,4.0015200843816965,107.81304412615876
LFue1,9.342130409688886,-16.519760894808982,-0.0063789018425481,0.0
MmGUn,3.475530284110356,-3.2334573434720317,4.001359234956384,107.81304412615876
jMgQk,5.32997764903848,-9.763998791269977,1.0005258148883578,26.95326103153969
0LBtN,14.396146220167964,-4.385547339991271,3.001102662824873,80.85978309461906
4jo9a,5.8420737133907,3.3290905034469045,-0.001330029203833,0.0
MoRoe,-1.7230375653269112,1.6245871246584862,1.997907546205824,57.08562464628662
ehrdv,9.495625787530672,-7.125731272772857,1.004251675231192,26.95326103153969
jOwLV,16.136176342876226,-8.479494774653848,3.0071249262141584,80.85978309461906
yN5r0,12.736103581871966,-5.1234776722337845,2.002715747736401,53.90652206307938
Rhg5j,4.322668075516849,-3.4635202977270354,3.995978503513788,107.81304412615876
FF0M8,9.20662564754454,-12.825439688909904,2.9962172686694,80.85978309461906
MVgYT,14.126178535784767,8.962752981710889,3.0063192257906985,80.85978309461906
GF6Nj,-11.538444223246202,-12.502052588819454,3.999336668316076,110.992146709366
yNRfX,-3.065407757673062,-8.875371346079953,5.007731101593407,137.94540774090564
VFvql,6.734617497572211,-3.980179883123674,2.9983970902851635,80.85978309461906
YWi12,11.417339840263232,3.867899171092733,4.996073646816691,134.76630515769844
SPxLQ,-0.3312494611165739,-3.6790008864784496,4.996104037395807,137.94540774090564
61mPE,1.1842439788234058,-1.9749390005345309,2.9982419068492403,80.85978309461906
qSBQN,14.471778957263169,-8.039169660989776,2.9993406398582594,80.85978309461906
T6Bdk,-8.008562238976532,-7.3865792354472095,2.006664098028048,57.08562464628662
NejuP,-14.894710243255824,-4.003171849811846,3.995845286247514,110.992146709366
tcilR,-9.155139804035748,-10.773034198750118,2.99883291745359,84.03888567782631
9jYo7,13.029773142495651,-6.344559308370058,4.9983570440644005,134.76630515769844
ZvpOK,-6.1667850057432085,-7.954945583076356,4.998279705929853,137.94540774090564
IIR6i,5.721684954119018,-10.367115515185464,2.9912552795508627,80.85978309461906
yjVEO,5.716283095935445,-2.67417870970042,-0.0028179565711873,0.0
MD8lS,-0.8849037892034612,-1.5686576993920505,3.0064155251378195,80.85978309461906
vtraA,0.0506821225643836,-9.536581175837211,3.99462594693826,107.81304412615876
HMbD9,4.749012062374561,-14.986007062401695,2.0044890881276283,57.08562464628662
zL8vt,-13.091931771531351,-2.098448467524866,4.999500042967791,137.94540774090564
cwJwu,8.401621088803704,3.54743058758884,2.0049450482483944,53.90652206307938
J7bC7,-3.998389920311407,-3.3346716146504662,3.002959692888997,84.03888567782631
yqjoi,12.554782865203242,4.690727780079973,4.004201490870865,107.81304412615876
PrSSO,-2.0825803035150496,-9.302344672533067,-0.0092374163399199,3.179102583207246
dxZt9,2.455790835166437,-7.558652640811597,3.991053811110563,107.81304412615876
DDasx,-4.902086052497158,-3.936655143761928,3.99564127904478,110.992146709366
rvTgE,-11.561190974483711,-3.2301365560358257,4.993360286323964,137.94540774090564
2WxkH,1.1832141100092028,-10.704388324528905,0.0008445619556266,0.0
CDxs7,-1.8858411013313896,-0.9873497686489898,4.007109359686106,110.992146709366
HjYIS,13.35240677327615,-10.691566377181832,5.0078130219250045,134.76630515769844
Vxi0p,3.799749935106192,-7.787228383275527,3.002036752081388,84.03888567782631
as7zl,-6.218283766446213,-1.999937898565448,4.002452591049959,110.992146709366
alvnA,-0.5036235137211396,6.160999988851668,3.991428048274575,107.81304412615876
2A4lB,1.3523847314043411,-5.81370841348868,0.0021294404992819,3.179102583207246
sHd0A,-3.7181283744081854,-11.070784757619336,1.0006278318891104,30.132363614746943
2vKcy,3.7250287735636025,-6.6482975139960105,4.994672999638729,134.76630515769844
xspt4,10.456505356333569,-7.923446593146832,5.005152607681096,134.76630515769844
0pENR,10.827265228720936,-9.059805110656882,0.0049142113466581,0.0
Nj4dP,6.087861411993232,-8.630628847996313,0.0027737821770881,0.0
eDsDN,-9.72782005220243,-5.499457329199232,5.011263210493032,137.94540774090564
aB5Cp,-0.0460210623594719,0.5709996822272059,2.0046553189023237,53.90652206307938
wk5a8,-1.4658645204524443,-9.632779987349808,1.9956308920394747,57.08562464628662
WnMgC,7.968161671219176,-10.15751475787841,2.0126836515204367,53.90652206307938
7JEEH,9.198750998271828,-0.7572870250127077,1.992433526015736,53.90652206307938
5X1gb,4.623076481891783,-4.341680247253269,0.9985671820792796,26.95326103153969
9DPu2,-6.85140555779383,-3.891419627241541,1.0031249000947022,30.132363614746943
ZTJ3H,1.5101229883909228,-7.12834099315126,0.0040083586419802,0.0
W8kTG,8.376798105848355,8.698275747946736,0.9996329467961188,26.95326103153969
KmUy3,2.5745401480395715,-4.687092557984927,-0.0034547123551513,3.179102583207246
yOvcw,2.6162612646883607,-8.284380515334076,0.0005284843732741,3.179102583207246
ZQEqp,-7.203316142571225,-10.905627966973077,0.9994623482061984,30.132363614746943
zgKLu,7.378796903957398,-9.590741631455783,5.000245844116849,134.76630515769844
KrQHA,-1.068920434341007,-23.174975980396148,4.007417669650767,110.992146709366
LgAZN,14.006137515819876,-0.4711306761190128,2.9999609744435567,80.85978309461906
5oAmr,-4.739043686391036,-4.061845116862211,0.0035029532106244,3.179102583207246
yK8uo,12.720026339976346,-0.1384824972303611,3.993739198704902,107.81304412615876
M9vrp,9.739062052586249,-8.376031428667307,1.0101519468046178,26.95326103153969
KqYDx,0.3996027531773328,0.0244662130629551,4.997804854080687,137.94540774090564
WUxHC,12.256363915931985,-5.054991305544143,1.9977445454509395,53.90652206307938
gTFJL,13.601256522881872,-1.6894129983259472,3.9903490616116937,107.81304412615876
XqARi,0.1099696740669609,-5.314173517173399,0.9990944145665276,30.132363614746943
MqdrZ,-10.175451114665494,-3.6178825213234176,1.995826060242532,57.08562464628662
bEY0T,-5.812764236821262,-17.25038336725653,5.007014410834132,137.94540774090564
IQgtZ,4.6004592817221495,-1.7959476153899905,4.014055742589736,107.81304412615876
qnydZ,5.082742854632689,-5.961567224722222,1.0044052305906588,26.95326103153969
6th3B,-2.4148843821867105,-5.17942579436771,4.997016849451236,137.94540774090564
OlkRT,11.694169334734571,-5.560094946072804,1.0083460294232562,26.95326103153969
a5Opx,-1.091382450002886,-10.100211649999787,2.002458466371224,53.90652206307938
8QUCz,12.210838562842529,-9.043937102818834,5.0053152529470655,134.76630515769844
ktAnx,8.799855539066481,-11.312226131030544,2.0023783070581307,53.90652206307938
UtqoI,6.165911982908815,-6.405556418769055,1.997841728462156,53.90652206307938
LmwVF,7.895175445435474,-2.684929612496642,1.999446966000056,53.90652206307938
pmrq4,-0.404486682862931,-2.233284117748631,4.993790854272706,137.94540774090564
Ce6Eq,0.9202248630072224,0.4384296797567835,5.004314511957805,134.76630515769844
0osiv,-8.879590846620378,-9.192094350907222,0.9915545582441728,30.132363614746943
uBm8U,-11.051929651521965,-14.550832460415748,-0.0010229241177634,3.179102583207246
IUoDc,-4.249354546882001,-2.727872860276885,5.005311626158658,137.94540774090564
bBCAB,-2.5585713103768217,-4.058309957646232,4.001880253809329,110.992146709366
GCVFM,2.040667690000612,-10.526116125967384,4.996656746038841,137.94540774090564
Ikzdr,-1.5086989004991471,-7.3004474824974945,1.9965996587753527,57.08562464628662
e0YNB,-7.656925541632442,-7.085851856846603,4.99621691118705,137.94540774090564
agF5s,17.020955889519264,-0.0591941032401455,0.0006453597511646,0.0
5wYhp,9.34654641048241,-6.660731890915594,4.996449789679457,134.76630515769844
C6nCW,-6.966879300080607,-5.218267085925307,1.0027660782830004,30.132363614746943
4O9Sq,14.59016266280446,-7.8694551820562175,2.0005270143187106,53.90652206307938
ufhIn,15.970733855041647,0.3115318656487447,4.994447086136446,134.76630515769844
PfffK,-13.87764071359452,-2.880315521362663,4.012257072817399,110.992146709366
ezO6R,-0.8495389732065837,-5.970718548091111,4.001013530501569,110.992146709366
KkEn4,-11.321868745927922,-7.094815128798923,3.004288996254596,84.03888567782631
ictYZ,10.190738908538696,-0.4281271353368159,0.9974028423651276,26.95326103153969
n4gl3,2.4705364496479403,-9.6218226440744,2.9898216749716444,84.03888567782631
zOuWb,10.621545030653856,-6.078469849407735,2.0034235751199096,53.90652206307938
3IzXk,-5.904433616397859,-0.6633964118404077,1.0061874524790746,30.132363614746943
fLO9k,2.9511458904300403,-9.941589410245337,2.9926562194400192,84.03888567782631
IPvIG,13.44314560472633,2.272567025326208,0.008126835789765,0.0
XpA1f,-3.5277932379142065,-6.4312940625023645,2.99405748945682,84.03888567782631
BTbhP,12.40773578700984,-2.53071207718322,-0.0026908366060665,0.0
xLesR,-0.9990072318739428,0.6444018270769849,3.0008837789493867,80.85978309461906
5qWNq,-7.36575125701267,-4.751858799740548,2.9931906150689995,84.03888567782631
6024n,9.748770832967711,-15.487187238084022,1.9979110208112625,53.90652206307938
TR31Y,6.361852221820719,-11.607293593119062,2.9964471029849977,80.85978309461906
0GSOH,12.062095184604724,1.3320448757585774,3.9989084262948618,107.81304412615876
J6nuI,-9.482376475745248,-3.192260349991128,5.005103414534814,137.94540774090564
xj12D,12.143325687897017,-15.144177038160048,1.9949964477309647,53.90652206307938
bn9QU,7.670942079680186,2.734645830327291,3.004585079969159,80.85978309461906
tR6dM,1.877612922563956,0.588750409505189,3.9987649928677422,107.81304412615876
E6lBZ,-4.165053271821634,-1.5774845059673712,4.002051073033214,110.992146709366
5iBDR,-6.195323080746873,-6.315719350969286,3.998058129640629,110.992146709366
OCjHP,-14.711882140603445,-0.4873091194128234,1.0014111559469254,30.132363614746943
JAQJG,-2.3599060169050907,-1.997509857195253,0.9934271749845832,30.132363614746943
tMBfc,-9.84321594370987,-9.909038695139731,3.0032692131297205,84.03888567782631
Y2bje,21.293308643387068,-7.419437460555877,1.0045065160454705,26.95326103153969
DiVDa,-4.6654492172664215,-11.294362135833266,1.0082912530309058,30.132363614746943
7lKEb,7.131989202307878,1.3064264298267334,4.995276439936167,134.76630515769844
dbSIT,0.3019491657308668,-3.646809858597119,0.997387054696624,30.132363614746943
ol7vJ,1.572110515310193,-6.249390299054648,4.99549447176758,134.76630515769844
BqNQT,4.738126235979808,-2.4264269064620207,4.00244177878954,107.81304412615876
FgQwS,5.373119070170443,-2.086605283308476,-0.0013497082696299,0.0
l6gZ2,-13.236412657633656,-9.522218013018964,1.0052880507685151,30.132363614746943
SOI8A,-4.490222424203991,-8.378001279506861,2.997413806463803,84.03888567782631
GmaJY,10.20529018377751,4.441015144795091,1.0003176978241102,26.95326103153969
rFYki,5.10258923996206,-6.837420554904464,4.0033246850563255,110.992146709366
hBJ54,1.4761416212769358,1.1137495604262029,1.9958710877982115,53.90652206307938
TrFJD,-8.778015204209964,-2.43891441321654,2.0057838583027907,57.08562464628662
gMcJM,0.6713282045438982,-10.761687804513814,0.0109773156582334,3.179102583207246
zlx7L,-11.875456004246356,-7.385191939996396,5.003533888888117,137.94540774090564
CFcTe,5.812546329068399,-6.206462017983832,2.0065255722318267,53.90652206307938
vxXf1,14.522647045641362,7.1745241258771815,0.0093398558196531,0.0
IAKYi,-6.064356544846723,5.227954793332443,-0.0038229984072524,3.179102583207246
MYMAR,-4.869945973599752,1.1662595927574273,2.9996830280055247,84.03888567782631
zvLTj,1.5150645124110405,-8.859894895167084,1.9952030160006256,53.90652206307938
beirs,-13.57893369780616,-3.094099213393877,-0.0015707195917337,3.179102583207246
6fDbI,-6.0952969667319365,-0.6441660636723681,3.989477819371496,110.992146709366
cUuty,2.919244256964599,-10.580958981826615,3.0045422064407337,84.03888567782631
wIkeD,1.8627875440063253,-14.608417518093814,0.9983809847626918,26.95326103153969
Y7KMP,18.647641534285118,-6.786099270670293,4.007312347869286,107.81304412615876
tCt2K,-15.339683504266713,1.7377391840098797,-0.0023724811884563,3.179102583207246
FZFQ3,3.2332370040264284,-6.009053413007642,-0.0073684132906873,0.0
t6YxA,-9.0645210435429,3.615282203271175,0.9972539734567148,30.132363614746943
71uv4,-9.938217891702466,-0.4082886814732447,2.0045679607454665,57.08562464628662
lV95Y,9.577887105592575,1.1451309312338245,4.009450448363881,110.992146709366
4yH2N,-0.1461647978714841,1.092854994985938,4.001143240380761,110.992146709366
wEALM,-9.779289916346473,-13.670245126633864,3.999904057074672,110.992146709366
ZY53T,-10.91738179931601,-12.217257076450828,-0.0028176394254704,3.179102583207246
yUEFF,-12.32898677705984,-3.0288802837022986,3.9977961687885664,110.992146709366
Hlucq,-3.0382334562494755,-19.335394207074906,2.994839630075026,84.03888567782631
mnvjU,-11.761061086107777,-9.226490168448189,1.0070598614570252,30.132363614746943
kVDsX,11.242442668482662,-4.096646672284292,3.002228836264049,80.85978309461906
3DpPo,-8.063085838548409,3.7436256630390985,0.9946643223038216,30.132363614746943
7LAe9,9.415898454379777,-2.924662970722956,0.9959747148142588,26.95326103153969
vGyTB,6.668221404256638,-8.202668425679688,2.002267706794424,57.08562464628662
xy1xB,13.211291094152596,1.0715362819250158,4.005844992000267,107.81304412615876
OL32W,11.053951513091926,3.2283324948591128,0.9942219986443284,26.95326103153969
qrhwe,16.769621933955353,-3.4099896986416858,3.0025226524078668,80.85978309461906
lZRP1,-8.233314171896078,-3.9955139885081175,2.0028544430921045,57.08562464628662
T5rl3,1.7233019002411103,1.2856173307844196,3.0015450149604104,84.03888567782631
XOsbl,-20.6662952576428,-7.523935805610079,1.0042155518866092,30.132363614746943
YbQJV,14.867289014593611,-2.514919833905774,2.00658641177425,53.90652206307938
pxF2M,-1.8653199373684048,-8.742986325870206,1.001438624927768,30.132363614746943
F3cT9,8.473161357524301,-4.174464354286998,4.001001312516717,107.81304412615876
6vT76,-7.230178262498176,-12.639799170825428,4.000107119634788,110.992146709366
BzyA4,13.392653779294584,-11.82242466179893,4.0076610209619625,107.81304412615876
PpXOs,-9.420949549314043,-0.5102620552406316,4.004614952723832,110.992146709366
nZDdC,-3.3445702284499106,-2.3343994202002447,3.99819371636426,110.992146709366
tSXmQ,13.862427025738368,-11.029360326226106,2.5576077009136285e-05,0.0
l1f2w,10.360840239121568,-8.651121092976886,5.002249377691523,134.76630515769844
UEngz,8.552509441390775,-0.8362843120131136,3.9972501950542254,107.81304412615876
0mNao,3.7204312238262505,-6.8460351844188985,3.9909983549742014,107.81304412615876
dd6YP,0.5215806667315812,4.713708320189261,2.99477349433134,84.03888567782631
BJ78x,6.1148650897579575,0.2953001640819215,-0.0023241782946095,0.0
EJkYO,5.7434288976474654,-1.0718191532049357,3.98820616264965,107.81304412615876
Yo8iq,2.878226568466162,-9.169708256682364,3.9994481147157126,110.992146709366
Zx2yQ,-3.7438294342415066,-10.588244590436858,1.995554371746424,57.08562464628662
dlD7Z,-5.93129829914395,-6.547581695610813,2.9953951367163865,84.03888567782631
5GC3B,-17.963660620115462,-10.342487896946352,1.9952102219837733,57.08562464628662
3lghj,8.829088336086233,-2.25124492075246,3.998161456485154,107.81304412615876
0YykF,11.09127405773934,4.130378962186664,4.988486102147122,134.76630515769844
VZ7nr,-4.552503951301622,-2.5398081665439154,0.9944150789484402,30.132363614746943
yJjkz,11.5552091174393,-5.7303036701189125,2.999497339227307,80.85978309461906
KkjMO,1.0837873698457443,-7.241092546762027,2.9974812449883084,80.85978309461906
SEMDt,11.745350873368867,-4.730134542961731,0.9942533089649732,26.95326103153969
j04js,-16.471209949894472,-7.481877392914468,4.997887912781205,137.94540774090564
ne1Yz,8.722371393717742,-9.513248663203647,3.0005420439222514,80.85978309461906
l5yS6,-5.679234905014112,-12.712781844952143,-0.0067816607096234,3.179102583207246
Yxcnb,7.715386954856193,-10.903293253814033,1.000770772936703,26.95326103153969
mweSQ,4.691734631423203,1.2710455899823767,5.002281214842968,134.76630515769844
jXZei,10.747711722908615,-4.597562594750529,4.002403441923419,107.81304412615876
Ev0p2,-4.494291400828301,-7.815914708428321,3.005071878485121,84.03888567782631
o7GLR,-6.512934274862176,-6.6853139594195214,4.9976819073674585,137.94540774090564
NULMF,-15.014424901537454,0.5942371382196878,-0.0042568331129291,3.179102583207246
mO1Rt,6.288334629135938,-11.159558465769646,4.008692202942698,107.81304412615876
kIkpk,11.876852268403544,-2.7213923398131143,0.0082404835436306,0.0
APRLy,6.193067756208977,-6.078720642922453,0.0020970296360484,0.0
w9e5l,17.286445854229868,-0.1288728481515226,5.00249629612745,134.76630515769844
7qr2B,-3.258080676101703,3.976231748531765,1.0041698148340037,30.132363614746943
GIqvt,-3.3015758966341218,-3.1632342427830733,0.0038077431684172,3.179102583207246
1KVaj,3.989067466443681,-10.602056268937163,1.9947249321438447,53.90652206307938
JEYbS,2.5458216621582346,-0.852542895527483,1.0011394525385395,30.132363614746943
t66Mk,16.962709934319534,-5.424247634640898,2.98936351348961,80.85978309461906
Fjsqc,7.441744408626072,-7.865485926644161,2.994862964100077,80.85978309461906
bDIsV,-8.039366197754703,-9.534529587944052,1.0033250962150484,30.132363614746943
BCdsH,20.31693538580216,-6.2794805180694775,1.9895028069115053,53.90652206307938
KTvoL,-8.115726399292411,-3.115089872976456,5.000964763405674,137.94540774090564
LrkkO,8.980801279120216,2.2552676072287463,4.006035914821013,107.81304412615876
SdXhv,-9.01104315294403,-1.8753683014896083,5.001948179284585,137.94540774090564
IkImz,-5.407293473443777,-17.56664986381097,1.99484612296252,57.08562464628662
Jxq07,4.4217927355431605,1.2855894502152712,5.001760631754829,134.76630515769844
upMA4,-4.570323494097346,-11.124548850248166,2.997320994421202,84.03888567782631
SCxMw,3.062188931913868,-1.8072316739623204,0.9997389588366296,26.95326103153969
wimBS,13.223284841544356,-8.366263594002568,-0.0029435987146645,0.0
56uGP,-5.819213265932392,-2.8886338996242515,-0.0006662941207912,3.179102583207246
NECxI,-9.088769416009375,-14.898452476427783,0.00344296244548,3.179102583207246
uVo4r,5.238669681462281,2.096645112416912,3.0018219050597765,80.85978309461906
PachJ,7.7711982661812415,-3.8934771543523152,4.991907781780342,134.76630515769844
B15NO,-14.18638884650568,-12.82372701990472,4.993337778590439,137.94540774090564
esrx1,-6.003326896314441,2.9542267399710016,1.0049638686685858,30.132363614746943
9KvLg,4.258216151971072,-1.9857059885667168,-0.0030139488638168,0.0
M3bnc,7.325239902046867,-3.207677798448666,3.006864763756025,80.85978309461906
4PnLC,4.518675770199368,-11.421130495196474,1.0095133822909494,26.95326103153969
KGnwW,8.238497676850058,-5.822170820332753,0.9907574635231056,26.95326103153969
XS4LO,9.7968999290552,0.7701162982732184,1.998837963567004,53.90652206307938
r2R1e,15.846631695253189,-2.1622398693434928,3.9990580993891554,107.81304412615876
3anFb,-10.275562811730182,-0.8950808626147762,0.0014152173091101,3.179102583207246
i21as,-10.947006516068496,-5.212363606432618,2.004141424226841,57.08562464628662
GFMgF,4.080818157211829,-2.525605214067502,0.0037026730717986,3.179102583207246
5l3KG,-5.006106664122086,-4.526800061082566,5.009443441601727,137.94540774090564
tGqOm,-4.5533594774114645,-7.147752990370598,5.004373642291727,137.94540774090564
nYrAg,-5.5407897866483,-11.125585217009297,-0.0105232257481581,3.179102583207246
vTiib,-17.234524341530353,-3.2242593636647947,0.9973909645295154,30.132363614746943
mlSDc,-2.936399902128597,-0.2881483888223082,4.004265185020951,110.992146709366
WsccR,-5.029659671330936,-4.885376695467876,-0.0046072758814548,3.179102583207246
BmLD5,2.205146962175648,-15.722551824737264,4.999211059577363,137.94540774090564
Sampl,8.938319885541766,-0.2407345703129984,1.9941594314678777,57.08562464628662
FVix7,7.572515152276684,-4.464112126473197,4.9992940494055,134.76630515769844
BzY92,20.47629371209385,3.4782548873786063,3.99670588233412,107.81304412615876
HsZ09,8.609705217574533,-2.776901974400848,4.999290855530808,134.76630515769844
Ex2vI,-4.958854603398383,-5.7791333238794245,1.999914160555876,57.08562464628662
gbexw,-10.56379512845688,-8.278782107545684,1.98896894679708,57.08562464628662
HR8Gu,11.776425181116144,5.8682627452359375,5.007649119777696,134.76630515769844
yp4mh,-2.560114227115144,-6.203248015955183,1.9986156198291425,57.08562464628662
mW8w1,14.034054043349984,0.7612070520866521,-9.448357076614104e-05,0.0
eKL5i,5.020214239062174,-4.029650795668299,2.00285372520195,53.90652206307938
g1Der,2.2799796913553383,-6.931255558613445,3.9991083731145567,107.81304412615876
KW6fu,11.814255389098925,-1.0647485446014393,3.003631563558866,80.85978309461906
hL4Qb,-7.095888696675365,-3.8005179176758346,3.9993844190249264,110.992146709366
Tqpwt,-4.282652742047191,2.9251550218935174,1.9937041719901505,53.90652206307938
znhAQ,-5.081994434491428,-6.636065379808723,3.989017868243312,110.992146709366
1mBAj,0.9715971026748856,5.611505436849604,-0.0007405114251954,0.0
8dK9j,-4.236016974972827,-9.4245786094238,1.9982066934452976,57.08562464628662
6dnG4,-0.9559960087876672,-8.485429809230109,-1.0606149208165154e-05,3.179102583207246
ZhD5p,-7.057185521644606,0.3988302541437321,1.0035742376663672,30.132363614746943
esjuF,-12.09670476361694,-9.29606859041462,5.002197765212007,137.94540774090564
0zyT9,-8.703106904896929,-0.6313867888709641,0.0081657876141492,3.179102583207246
Abkj4,6.550901697323133,-7.043221601865591,3.995293541364493,107.81304412615876
JQvVa,10.903602298012744,-6.880228223483679,5.002008489569159,134.76630515769844
7aqmW,-4.002040283003642,-6.547042591964967,4.003407250187622,110.992146709366
Sylhq,18.65432806920565,-7.254716421304297,0.0001127256016206,0.0
C19eS,-3.5187532883537838,-1.652319775039552,0.0057223729356452,3.179102583207246
EsSD8,6.786935243123072,-8.408795062334283,2.000227893655338,53.90652206307938
jvZW8,-4.287159743777049,-3.8447984171462046,0.0015531230269787,3.179102583207246
0dajV,-6.781422382454325,-10.842525936632416,3.0001855975554967,84.03888567782631
4p0B9,4.19768298447126,-6.136480760291692,3.99323752664484,107.81304412615876
uGLZZ,12.333599621968936,-6.28741058955377,1.995130241672492,53.90652206307938
uZOAQ,-3.2089293490414685,1.5455116952750316,1.0024746338650916,26.95326103153969
Xbv2R,6.446982058913318,-0.889537182621662,3.010370014821247,80.85978309461906
IAThC,7.947466591568898,-5.947384543506512,1.001461376957982,26.95326103153969
80tMr,10.998516186226768,-3.9013776495926886,4.00149223836519,107.81304412615876
QOfrt,-5.636544842739276,-8.086161183517266,1.0012541400288262,30.132363614746943
rb2Hr,4.4126669626152975,-3.7823678009952753,1.9991437805425123,53.90652206307938
Tw7wc,1.322791195522731,-8.528666596951055,2.0096301746216136,53.90652206307938
OnSGi,15.222368620479768,-2.7908332706393213,2.996713617579468,80.85978309461906
9YXS0,10.056626345217596,-2.8139911875951378,-0.0027013867995882,0.0
P3m2O,-12.992797636132869,-12.449136466036256,3.991459846521384,110.992146709366
RQgtp,7.675461065904352,-3.278258700336844,4.0010300463296895,107.81304412615876
Ze7Pd,8.606434863104424,4.338136085243588,3.9981819681806434,107.81304412615876
7z0nZ,5.470818041722115,-8.743269928879219,2.999491221000294,80.85978309461906
dqzaF,-9.329928895917496,-9.22005990979021,5.002288907351368,137.94540774090564
wCrcr,-4.328384911423702,-8.379844649908488,1.0037674324908297,30.132363614746943
ItMWT,8.05667848791904,-7.263054439484278,3.995823878259879,107.81304412615876
5RJkd,-11.851164437281229,-15.282964125900223,4.993718654375584,137.94540774090564
eGLF6,11.100774612684992,-12.895591113405452,4.999492512932425,134.76630515769844
bZobH,-2.360445386501256,-6.794484127037686,3.9993122116904978,110.992146709366
gDxJ1,12.626879643285658,8.625192076242442,3.002486586731941,80.85978309461906
WxNy5,9.416024476930144,-0.1509482210281825,-0.001925815746071,0.0
tiLoY,-6.592048543094452,-1.5419290083899435,-0.0043525492999238,3.179102583207246
67Ih6,17.577996416097704,-4.3655012410139005,2.9965108504863465,80.85978309461906
tfo2s,10.54152648310866,-9.227063169179807,2.9906897388203566,80.85978309461906
SxSFK,8.35240480117738,2.7934627856989307,5.000875960818879,134.76630515769844
Bok12,12.214677468519172,-7.098539212250936,2.006405784993536,53.90652206307938
9AogY,-10.655274745242178,-0.982107511515692,-0.0063010909232682,3.179102583207246
1SqbF,10.04251419874809,-12.796389991125126,2.0019366577564037,53.90652206307938
4s6xu,3.9708613370530106,-7.797656363660264,2.9956451389183254,80.85978309461906
v83Tu,-1.5040716627808912,5.398711061901727,3.0006114156768238,80.85978309461906
cwDeN,14.208029694417222,-2.8880470102457814,4.006117974874847,107.81304412615876
XAOTZ,3.0441681445185487,-0.4412440391681143,3.0014665518059065,80.85978309461906
SzHOp,-5.039302945965104,-6.306787887372793,3.99640173083144,110.992146709366
mSG13,-12.627604245896112,-2.3212545729429883,4.995422708515044,137.94540774090564
4Z9KO,4.448458617550738,5.633791588674701,1.999557098683589,53.90652206307938
j0NrX,10.701567128040676,-0.1801542021894842,2.000252823152453,53.90652206307938
lLKVx,5.676601008095303,-2.0260356248305964,3.999234131266346,107.81304412615876
V1wVE,3.930486915488285,-5.557713667667279,2.997288698654561,80.85978309461906
jRRHP,-4.882127247100222,-4.249005079092168,3.999790170988679,110.992146709366
WdnTp,-9.184634552877853,-1.3990727085153694,5.0014807260305485,137.94540774090564
buY3j,-6.477126517862303,-1.255535479673239,0.9952315258176502,30.132363614746943
pl58i,-11.117325816282246,-1.1070070043261584,4.008825674396139,110.992146709366
0fp9z,-8.954391750055542,-13.311825242734306,4.996501662174102,137.94540774090564
3bFrW,11.001800062641369,-4.801376139831524,2.9996536543351446,80.85978309461906
rI9Ig,-6.9340655828434326,-4.3200253864834215,4.000322533477759,110.992146709366
NF49M,18.351341075700525,1.16819742816607,0.0036535889604654,0.0
uMOIJ,15.424830783120694,-11.360303721602428,2.0131695751530003,53.90652206307938
mXQ3k,-9.335361876435238,-17.04780376264035,2.0078125114308083,57.08562464628662
OrL3m,-13.546248896375207,-5.906751468997859,2.9925208984183485,84.03888567782631
mCiKm,14.85933287763232,-6.331261406679984,5.002840516819505,134.76630515769844
nYXaa,-3.347149475570024,-3.5121370022580187,4.008832518842427,110.992146709366
6MYJH,-0.3314042118376292,-4.3154381754294695,3.99377895215972,110.992146709366
Lpr5n,2.544255125912975,3.0761260293613697,4.0075483925021365,107.81304412615876
kY0ik,-11.899994782140556,-6.124624114909174,1.0094328396973735,30.132363614746943
P3UcC,-1.2140113951344356,-3.92903317839856,-0.0037851599420564,3.179102583207246
konxh,-16.49737397854597,-7.27398272565418,0.0059825420527657,3.179102583207246
QREWA,11.37138314304426,-3.7323931221842,3.002458684372856,80.85978309461906
lMuV3,3.5154972434666307,5.798261312687076,0.0019673461298302,0.0
TmjUf,-3.769639172523402,-4.933569046050168,-0.0051346192418288,3.179102583207246
QcN4b,-8.847833052289676,-2.273538933683648,2.9988478876771705,84.03888567782631
jfOH2,-10.524686116455944,1.6790722396779951,1.0022005044401388,30.132363614746943
Ifc42,-8.33295161274459,-0.5047893292133558,3.9986850958985847,110.992146709366
e6U79,-0.1839252206726218,-14.133721368828663,2.998967695061736,84.03888567782631
C1Mnu,-0.2074489249494577,-4.649182225045948,0.9977670196102122,30.132363614746943
0hj26,9.886136524510915,-5.700205777893739,4.999052967767682,134.76630515769844
jHlJk,-7.0941940791706255,-2.3253951841886966,1.996756212705828,57.08562464628662
slmVx,-3.674494091271404,-6.649056975532138,-0.0092282991961718,3.179102583207246
VIrJ0,12.83045622597352,-4.320453599182165,3.0018712745786744,80.85978309461906
m5Z6B,-8.22921704774463,-6.560079686219705,0.9990832134610226,30.132363614746943
uzpin,7.391626843718992,-3.715206894729065,2.9974116259147285,80.85978309461906
Fyc4K,-11.416237757165389,-0.92931863411253,-0.0060880130699,3.179102583207246
hGjWH,-1.4579940286626654,-15.660473323504084,4.997734778176132,137.94540774090564
iJujS,6.5337872341520535,-2.6010233005499908,5.006347907827416,134.76630515769844
fNsAm,-8.416199962574211,-10.764391050543006,2.000491466722476,57.08562464628662
lfnLB,7.8753709861546035,-1.153518488580059,-0.0144317938174491,0.0
oe2u1,12.152978767450945,-3.84239964182044,3.999276705376321,107.81304412615876
PW9VX,-8.5105157977459,-8.700242696672603,-0.0063479838571729,3.179102583207246
0mXhE,8.195990028827579,-10.688952093537267,4.005257971295573,107.81304412615876
WOnHd,11.923298003261523,-6.445606014446372,2.001108241326909,53.90652206307938
UHiQC,-8.77752554388494,-2.8223785464445688,4.9939503429830845,137.94540774090564
RdXPV,-7.737875429642084,-7.5028035377332705,2.9984610729006635,84.03888567782631
mVFg2,13.456301066421132,-0.6861703818175249,3.003317004008601,80.85978309461906
pxLuE,10.560346183374328,2.11758794874558,0.0024667437282455,0.0
SdX5g,-10.043696424715678,-3.325977808493228,0.9958809054758928,30.132363614746943
xZJgz,-5.579275714217542,-8.97416565817052,4.000572409102438,110.992146709366
IKlZD,1.1481696633429117,-4.468879961989517,3.993091165259653,107.81304412615876
DSfY5,-3.6671787095994928,0.2418971106923946,1.0046390085909511,30.132363614746943
gWI8t,12.116747195675709,-6.640098181062335,1.9986180579352888,53.90652206307938
bREGY,3.499270155027899,-3.830677574520157,1.0027605006150624,26.95326103153969
f11I5,1.013618099063608,-6.772534282083584,4.995492717101776,134.76630515769844
WsZ91,-8.876396559381563,-11.650139128469403,-0.003381152968518,3.179102583207246
kPJ6Y,-13.076289664328534,-15.996402014732809,3.0069169885083333,84.03888567782631
EuzLx,10.204302783998749,-17.634617641407626,-0.0044252187244185,0.0
Ro6Tp,-5.8460627157480936,-3.620210847831824,4.995239869128354,137.94540774090564
VL6Pl,16.056014873797007,-8.724038780473888,3.990787876226504,107.81304412615876
tBTRt,-3.610005107654676,-7.960648148426398,5.001257383106394,137.94540774090564
ZkZrL,11.086457448101218,-4.730124533177442,3.0036787602247834,80.85978309461906
YoFCy,6.055160310947199,-7.504484253100506,3.0021027516880445,80.85978309461906
iwgxD,12.791866307896642,1.1601189672844976,1.0071669116954838,26.95326103153969
F902Y,-3.245160431579204,0.2726909276711691,-0.0039541698971352,3.179102583207246
LjQXG,7.675994312742707,-7.311266767448242,5.0001161962610565,134.76630515769844
dMCaV,-1.4947473737893695,2.576941410357829,3.989789579746745,107.81304412615876
8zuCi,7.5682770549310625,3.609637946839768,4.987974373089755,134.76630515769844
isbgZ,7.25385892922236,1.9688107208111416,1.9881324380542869,53.90652206307938
OA9Pj,-8.025184450232468,-0.0022585491057594,4.001576840941893,110.992146709366
O9s5h,0.5135364191618148,-2.391926262049105,1.004252931941532,26.95326103153969
Zjpqb,9.175034348106848,-2.619000133570536,3.9950432019916593,107.81304412615876
L08vH,11.282478170986789,-8.20321172645731,5.000735199452318,134.76630515769844
Rzz90,16.01965872421304,1.055898728509117,5.003017021109396,134.76630515769844
5Vxar,13.687024822829814,-3.347893895578543,2.0012392132786907,53.90652206307938
JskPC,-7.11020990364968,-8.747866610310258,5.0066224743001815,137.94540774090564
MhNOT,-10.64813755367454,-2.2896444130834808,0.0065553246779682,3.179102583207246
HlkVo,-7.695680199592291,-8.767218067965382,1.998867788328806,57.08562464628662
JUqxB,-6.181962866813303,-2.144623757443536,1.9899035528696507,57.08562464628662
ZvdXB,-5.467180484309285,-13.148537086135486,0.010121500976922,3.179102583207246
z8WwU,5.449651638496885,-5.798968479933184,3.9938774202958434,107.81304412615876
Cb6E1,15.266145772748734,1.4707336516299498,4.999535800687684,134.76630515769844
FgmlM,3.0457678420503376,3.9316504843395217,5.0018796862661,134.76630515769844
bBceH,3.657287781744079,-1.135257256593304,-0.0023721047935995,0.0
JTBKR,1.851912403841265,-10.120946825560354,0.9999973111705304,26.95326103153969
KM0GR,3.614765732597672,0.6813090537647666,0.0102418025121156,0.0
NoenE,13.534379044077212,-9.092403812655768,1.0048461485291806,26.95326103153969
7FVRZ,7.647960247342161,1.8269780896481127,-0.0065018981529613,0.0
UX7Sq,-10.511023147728231,-10.298296561582466,1.0029809669875147,30.132363614746943
hqwCD,-1.3713730859160247,-14.673500991418296,0.996730061084646,30.132363614746943
BRDWV,-13.194463047862332,-7.795567129070783,2.9956466262412005,84.03888567782631
9iHjs,12.359307929519735,-2.374442851911966,-0.0046474798454103,0.0
RP4CB,0.3198454345477737,2.947549815020512,3.999585220596384,110.992146709366
Qw4iJ,13.488502461145575,0.2100729469605649,2.0033267689461813,53.90652206307938
emm0D,-0.9065838642315204,-13.513654437626322,5.002555376690069,137.94540774090564
F7cxs,12.471227224709091,-2.3827394865364933,4.0086268175966575,107.81304412615876
NW26B,6.278625271609098,-2.0284769547854804,3.997177587593773,107.81304412615876
sY3i1,-3.693329925224198,-17.895121605090576,4.0108509430394825,107.81304412615876
tX1F5,-7.382720011930242,0.8198020904821908,1.0006786492327402,30.132363614746943
sgUxt,4.858806938569178,-2.991155191181317,3.996335950471337,107.81304412615876
W3FIH,-4.433874742742892,8.113788006453257,5.012294548560788,137.94540774090564
vTjpM,12.004059031045944,9.482080387128423,5.0033843924444135,134.76630515769844
YU4JE,-11.446142926341238,-10.299909855260768,-0.0055051854286833,3.179102583207246
Ar3hQ,-1.3324653555993011,-17.164536346731182,0.0106344106118611,3.179102583207246
WzBhx,-12.857299722537991,-8.330972130337964,5.000052653139226,137.94540774090564
d1j83,5.070819607785573,-11.219297096110507,0.9972097884115236,26.95326103153969
j8yQJ,-3.1922881888773564,-9.068947195810292,1.0072427263039272,30.132363614746943
iF2SQ,-2.622621198488328,-7.279555217410886,-0.0108861444303598,3.179102583207246
86e7T,0.153586500252695,-5.519639505648454,1.000866787990604,26.95326103153969
J34BW,-0.2550444841845056,-5.874755936298321,5.0029469209698165,134.76630515769844
hdpOb,4.490125046107668,-6.593737500394464,-0.0102503522278973,0.0
HxPMf,8.306701122333669,-0.2760433550261796,4.000717180201929,107.81304412615876
RmPyD,8.05202417524011,-8.443748790791851,4.006283216292141,107.81304412615876
LTs3z,10.499671909525976,-3.6153796952998913,3.9970432153506095,107.81304412615876
36EWI,13.119793705278454,-3.24461659964172,1.996269506168248,53.90652206307938
hsHjt,-10.723470237830297,-1.3821137823218246,5.001027922872238,137.94540774090564
2Dto3,-5.817680928056992,-7.002154015440262,1.0094541227975822,30.132363614746943
u9jy7,-11.426411700158711,-5.009223623307904,-0.0046760376241932,3.179102583207246
TW8eD,-3.7092055899078975,-4.0909743324359695,4.987714949884628,137.94540774090564
3kdLj,6.340012246230532,-7.935885635914646,3.0058229895450173,80.85978309461906
lmQck,13.17230644395508,-3.0103610339738007,0.0004716894413717,0.0
j9e69,-16.062116420196613,-3.4522309468325623,3.996527745529274,110.992146709366
L8WkP,13.561641394288024,2.4562274978708256,0.9965672608383856,26.95326103153969
20veh,-2.8673906256027184,-10.69581248162186,2.0077082816410354,57.08562464628662
8XoIz,-11.78538513916299,3.7366178619672006,0.9943065140867108,30.132363614746943
05gkx,9.768571952613453,6.645093765873916,0.9994452610843798,26.95326103153969
EfOwG,-17.084172521924902,-9.519993568186962,4.996639581482942,137.94540774090564
xd3dh,8.343535371940181,-2.983843360514665,4.000377928908906,107.81304412615876
sGbGi,4.5338913079951935,5.074176232564848,2.0072100610415893,53.90652206307938
GcWCv,-8.693803230180986,2.515258494245254,3.001312114640716,84.03888567782631
1V2aC,-9.45197499773118,-6.8640676247723205,2.9988545958916912,84.03888567782631
GrIPS,-9.650005979609032,-12.56692088787127,3.0064135333242694,84.03888567782631
A92Sk,1.2958005038081435,-0.6760484568437537,-0.0134915456262242,0.0
khAku,-17.15416260797828,1.956456104957215,2.0001407521724617,57.08562464628662
rcZCo,-9.895492533768987,-7.966306008264906,4.0032104863960685,110.992146709366
tdzoP,-5.7231433888722645,-7.364338013855676,2.005125423446426,53.90652206307938
R7c0G,13.521295814166706,-1.043003579009082,0.9927734562611952,26.95326103153969
dLQib,11.163952922385766,-2.487856030219684,2.001524350781319,53.90652206307938
Km6wL,-9.614022100503188,-8.385787383496831,4.99586468826636,137.94540774090564
vDuQ7,14.024065939032536,3.3436414757821837,-0.0091510749489697,0.0
Motff,10.059675327501138,-2.652762955352334,3.992127909066797,107.81304412615876
o4HDB,-2.3795499383813805,1.9310645245850724,2.9911705936017343,80.85978309461906
JrQx3,-7.733653653240823,-9.5314597359649,0.0051475363186331,3.179102583207246
CL7zQ,16.60428089474771,-9.920103787988952,2.004066893710672,53.90652206307938
3mWGU,-12.302081311385026,-4.512628324596875,3.9942566604376015,110.992146709366
wOflR,-18.57442023258272,-1.3716280745548968,1.995006675064195,57.08562464628662
OpNy8,14.310489577258188,-3.401120652772933,0.9883029667556176,26.95326103153969
2W9Lp,5.271928648785712,-6.6939629867543005,3.0102890213580067,80.85978309461906
6XKf1,-0.3626659720316941,3.136304077708453,-0.0045091042570608,0.0
98SAR,-11.121855491288745,-3.3583771458187552,0.9964218258382554,30.132363614746943
52JWH,-3.9395026635185793,-11.31721574499443,4.001902658378022,110.992146709366
EdSVa,-3.0611957400685856,-1.5285493772544188,0.992511861796192,30.132363614746943
0T0lF,-5.281103174161747,-6.082162439137331,4.992868298105836,137.94540774090564
3UQQ2,-10.440681863415064,-17.23654895642224,4.999499238818221,137.94540774090564
fTUns,-7.230437509108733,1.0185918433995385,3.0073431445225225,84.03888567782631
Gctvu,-4.969608329465611,-0.1302074186720618,0.9959188935320686,30.132363614746943
o93JE,-10.805563770122449,-10.868219637590816,-0.0013309708773177,3.179102583207246
FJXn3,1.4377654534168975,-10.143276378275058,3.999480254208087,107.81304412615876
Zm2Tp,11.41152325395714,-3.4256693601457737,0.001880871481074,0.0
30a2y,-3.101307675417679,-11.6409667383435,5.000503260727494,137.94540774090564
UXb9Z,6.286190943666857,-8.468341651156457,-0.0038374536653011,0.0
lXiIz,9.310257904502825,-2.495091099684527,4.007370226946267,107.81304412615876
PDSQB,10.527524361813857,-1.858870521670796,2.9959916387869265,80.85978309461906
gpRwO,7.410456345210647,-4.380501106137244,4.998653014763077,134.76630515769844
3caYe,1.4815873299651958,2.3918410128191274,3.992239058445784,107.81304412615876
HDgSu,-1.760450821176641,-4.644557169204676,3.00102638758838,84.03888567782631
VXtTv,5.864265207285722,-8.821461530353677,0.0072960462653981,0.0
dwktL,8.836137765624251,-2.466172401534808,4.999893255279847,134.76630515769844
efAW4,-8.307122431389843,-5.717983533379768,1.0125817355718758,30.132363614746943
sz3jL,5.981036306814022,-1.72766326882076,4.001400956576656,107.81304412615876
ihzMi,-7.6359068840252124,1.1224469283876852,2.993471060572294,84.03888567782631
hmZQQ,-7.595779110353737,3.071631008529163,2.0069219472658832,57.08562464628662
8JV2N,-8.347189677815884,-7.500722035341464,3.997867879813689,110.992146709366
ZOZBs,11.803317527177686,-5.187508025185228,3.0089409597757,80.85978309461906
d7vLv,-12.112069719670524,-7.811318661611147,0.0054591578885182,3.179102583207246
1YSxR,15.24191921505334,-2.6608621827411025,4.001016994253092,107.81304412615876
44Wqj,5.046966923886017,-6.977448722265319,1.99939204792254,53.90652206307938
EM25Y,-8.757438515640048,-13.161204643355784,-0.002245577674948,3.179102583207246
btPpQ,10.25177577761893,-2.5561859118935546,2.9938308871579444,80.85978309461906
ZR4Qd,-16.831524070695192,-13.656960141897477,0.9996257225469376,30.132363614746943
qfhnd,-3.767592728756097,-5.849491286768191,2.997337335200993,84.03888567782631
y6ltz,12.176898844111932,-2.735574216318837,4.991101057143238,134.76630515769844
h9RKO,16.946911386409308,-2.6506072332580555,1.994321997607028,53.90652206307938
r7AF1,-2.724611585032413,-0.6603854222204557,-0.0038957730354826,3.179102583207246
3LRsF,3.023132878637978,-3.4967219988652305,1.9927592421158584,57.08562464628662
igfg4,7.087547455833478,-3.916974730306357,-0.001828937948259,0.0
4pIxP,9.838317155485951,7.5340856229779645,1.0073617855699275,26.95326103153969
GHGwe,-5.382890602284776,3.629184403240696,2.99782778661556,84.03888567782631
4TBIY,-3.9508734034906094,-1.7433658079462546,1.9965617697045093,57.08562464628662
R3HTy,15.816095414451407,-6.4556178591722,1.9961454554591351,53.90652206307938
erg32,-4.802725533875642,-4.07938819129599,1.0024900063978757,30.132363614746943
foF0Q,-5.753240189948841,-15.363396547884848,2.99656321755678,84.03888567782631
pLvuX,-4.7124792556626085,-16.707173185891214,4.994644081882631,137.94540774090564
5yevJ,5.83393707118671,-5.8187974068252775,3.001523788104301,80.85978309461906
TNsEH,-1.6258613758357925,-8.274486129606133,3.998476121398772,110.992146709366
6OZQl,9.25324233062454,-8.3722601876749,1.9974789920729623,53.90652206307938
rdPLh,7.64090372604088,-9.528562488936924,0.9963446501601692,26.95326103153969
xmtuP,15.723025549250972,-1.6609314900568632,2.0020452136555056,53.90652206307938
Hx8Sf,-7.199925850460804,-3.8393446589965343,5.000651427759938,137.94540774090564
vS78U,16.82245505391942,1.209780138284267,4.007725750511033,107.81304412615876
2x6DU,1.7082700945540148,-5.100508461766056,0.996998094026764,26.95326103153969
qggNQ,-10.45143895392885,0.7816470981790484,2.001220691590884,57.08562464628662
nbFnB,7.338594614373268,-3.371649960205333,2.009770875386998,53.90652206307938
WhvNN,6.024985286342544,-8.664739493748678,2.0009909125529184,53.90652206307938
aPEeV,5.397192391627589,-6.058522535305452,4.002271400892012,107.81304412615876
GzOJE,-8.974941750257848,-11.932979058379717,2.001724954558976,57.08562464628662
Izjt4,-11.037258701059391,-7.5140445197825345,0.9996693803258307,30.132363614746943
BpPuh,7.425720549774205,1.7841166369457009,2.998680780748558,80.85978309461906
Iszmo,-15.743351369555562,-3.8183646913973393,4.003194358488963,110.992146709366
X7ANv,11.469675203907393,5.819523382906238,3.0042504639055787,80.85978309461906
Gz2jD,-10.033595296933935,-1.1042437436660766,4.999836092536673,137.94540774090564
XrYBE,-13.339642946522195,-3.916649793568207,0.99644372140624,30.132363614746943
rYGX3,12.214848137259768,-7.299316206000173,-0.0041976677589034,0.0
ZooOq,9.26160453616732,-8.576909473367193,3.99828154174159,107.81304412615876
9Dm8v,8.142072044598802,-0.4055013136108369,0.9988275463954386,26.95326103153969
mE4BT,7.766414607689295,0.351841026288441,-0.0058895462803244,0.0
O87kX,12.035118769728932,2.2510046196662747,3.001923632844901,80.85978309461906
Ufb0l,-1.6810980610110722,-6.489509592703731,4.991059207390389,137.94540774090564
DhSCG,-12.636192620108158,-1.207588646252688,-0.0006378400941641,3.179102583207246
wvgC8,0.292175149370391,-3.5981817157906577,1.0078661438443974,30.132363614746943
08jv9,10.50242674539961,-11.139039661749525,1.0060536518619991,26.95326103153969
dtyUp,15.771771023308425,-3.48352319303025,4.004587612813345,107.81304412615876
PrGr9,8.861485785302284,-6.4626463531151375,3.9958307103067736,107.81304412615876
Ob4h3,4.912715706489316,-8.668521414144966,0.994047117528036,26.95326103153969
006oG,-4.954730636789675,-11.776299719471512,5.001759883706983,137.94540774090564
CIQUB,2.4222265587538336,-4.044062435629996,-0.0037192405755533,0.0
KpUij,11.694013460121234,-5.701233466683799,1.0007825434213946,26.95326103153969
wi4yJ,-0.0649473508449558,-2.4013870531916326,2.002792802747686,57.08562464628662
MbG6d,13.405828439595563,-9.943535734778838,2.0040525393999777,53.90652206307938
NN2z4,-11.703696908422312,-7.936455899645394,0.0039428786283594,3.179102583207246
iOJl3,6.841778572592211,-2.5827038259665,2.997876392002492,80.85978309461906
zB3SM,-4.847578874244783,-3.3906701777919888,2.0074896397280386,57.08562464628662
HB5h8,-11.754711210829344,-3.2377864020745606,0.0047914465829098,3.179102583207246
63hGC,14.069173329209985,-14.179661171593253,4.004189027335691,107.81304412615876
4Mdnh,9.017364591187013,3.209684957415292,2.0028801662362308,53.90652206307938
ncZPg,5.103367475007393,0.0148072230428821,3.9988247747216095,107.81304412615876
WiMOx,5.8576522130610105,-4.252400859678722,0.9993536210071045,26.95326103153969
JHgLb,-12.403305129246284,-4.698210889664324,4.001742546877745,110.992146709366
ohPxD,9.90101165369268,-5.477046327015609,4.989544064238329,134.76630515769844
Hwv5u,6.7648331802184005,-7.991904518332253,2.9983632400986333,80.85978309461906
meiWp,9.472361792472991,8.390859326992043,-0.0015725332422162,0.0
uhSAG,-8.838892199215481,-6.431239503154036,4.002082036596419,110.992146709366
M6v4f,-6.967213646314372,-10.195127829481557,2.9958575005053354,84.03888567782631
zdpAy,7.91404085765963,-8.020883078368753,3.001324248680445,80.85978309461906
FZgom,3.2884311020006205,4.39790639497068,-0.0034192745073863,0.0
lQfCY,-11.32278723860068,-10.067384461078628,3.012812746146776,84.03888567782631
8sHOj,6.6630218556684095,-0.7154368375011244,0.0084691780757244,0.0
vvSOc,-4.183081921900783,-18.31084716040487,2.9979023001331413,84.03888567782631
BG2yy,7.367325022356272,-2.1074904200650337,3.0015440580338235,80.85978309461906
U7odJ,-9.412977144478868,-2.1714166204250493,2.999677523257985,84.03888567782631
yQ26Y,15.312453709051752,-10.444826307398074,2.999948002121372,80.85978309461906
Fl7G3,9.555063270640488,-7.188635928926072,2.0005056018212404,53.90652206307938
4AdtJ,-5.495422689174965,-5.80897096575578,1.9996071904565085,53.90652206307938
8lL3r,5.639850304186491,0.6851383634927695,3.0045722014339376,80.85978309461906
4lRYP,-12.569498072404318,-3.362089257486332,0.9957481337686904,30.132363614746943
CGo0A,11.120815121682297,-7.096567276659452,4.000130547793016,107.81304412615876
GFVlK,-11.230357781818649,-11.03798996697314,5.001934190629152,137.94540774090564
higcw,20.320486237069307,-5.011196980519797,-0.0010754085082779,0.0
21FSm,12.877784656854695,-2.4249125898184847,1.0016542594819875,26.95326103153969
66A30,2.468264216443788,-6.452078361125026,5.002477485315831,137.94540774090564
e6x4K,5.623576590593991,-2.0997639623621027,5.0000045509501305,134.76630515769844
D8NfQ,-3.853912160937944,2.3572866927659457,3.993800400037048,110.992146709366
f26Nf,-5.274972297674429,-10.80624834046172,4.000666985189127,110.992146709366
1V3bJ,11.393904930404071,-5.473312770589846,2.9945864242017466,80.85978309461906
DhqqC,13.18355481819786,-0.4468119285418033,4.007710426471278,107.81304412615876
Y7qvB,-12.11750823490927,1.1080849149160814,3.9989210522370255,110.992146709366
H8RmI,4.541581414354381,-9.686340201492024,5.000165260131414,134.76630515769844
f1vsa,17.464198830197567,0.1167212833646918,3.998626524848317,107.81304412615876
YtNRw,22.31304612241889,-10.039701857614608,3.9932205084197903,107.81304412615876
EorrF,12.048542724445673,-1.6487756839308745,2.007868675208301,53.90652206307938
VD4Ir,-14.990597427697086,-0.5491953021323353,-0.0034432829409123,3.179102583207246
MGepI,13.847384430746944,-0.9189708691899994,4.999382607279738,134.76630515769844
rDCf2,0.1791031703831143,-2.9831264114380245,0.0061077386489033,3.179102583207246
KBbMs,10.381961526039586,-1.6168295319325725,2.00688021461838,53.90652206307938
UEjUA,6.653908540304159,-2.5850261055431782,1.0038977550697543,26.95326103153969
ALMbW,11.917981108186964,3.967905176006016,5.001798236459728,134.76630515769844
5hm8i,12.533850339029884,-1.1354824821879683,2.998967897774531,80.85978309461906
Heuvh,-8.188308441672985,-1.0007417814032342,1.00038389025452,30.132363614746943
btuo2,2.5002765065736288,-12.430658544564936,2.003987994043307,53.90652206307938
amUw1,-6.778047537777812,-8.421215659920342,1.0019656192547115,30.132363614746943
42wkY,-10.790110361077462,-6.024228270500762,0.0030376549491553,3.179102583207246
fv3LH,-4.798553620074861,0.2734021097645209,5.0037533415898725,137.94540774090564
3hRbR,8.765974421815441,-4.115295987766134,-0.0072893445476156,0.0
IDcRE,9.406742208054778,-2.502036904152221,3.009565333512929,80.85978309461906
GsMuz,-16.900878747783846,-6.166244198635707,1.0028915751024088,30.132363614746943
7pSTV,5.143089250267146,-4.47467151578461,0.0040813113036143,0.0
aWacM,7.687329896529347,-2.8821936370470214,1.003796388269174,26.95326103153969
KIw3R,-10.555112443977077,-13.737033877490234,2.007079972979743,57.08562464628662
g0O2c,-12.421994854582008,-1.808822874077129,2.0036706849565844,57.08562464628662
hPg43,13.600304920886714,-4.826360410929722,0.9993768689881436,26.95326103153969
hBrl0,-4.94733604907689,-9.016617695251632,4.989658559533945,137.94540774090564
HrfEq,1.6381980000006644,-7.595454390458339,0.0070219182410736,0.0
bo1pT,-13.029912275990586,-0.0093612707794719,4.99491509689928,137.94540774090564
DaceJ,5.3807553634608745,3.2559685305220407,3.0002904032051902,80.85978309461906
AqOwc,3.5651245535191896,-1.122619442863896,4.999179658458189,134.76630515769844
pxnms,18.37463784129477,-1.7739573009889298,1.0029497385202517,26.95326103153969
ySaOp,-6.091621849587594,-5.881974494084679,3.99561840428448,110.992146709366
JGLay,-7.574891410358081,-1.7734548551048626,1.002707838652578,30.132363614746943
vfSAw,13.98000068120024,-7.508488597491653,1.0105913524574304,26.95326103153969
7ersq,13.92608773703035,-7.264425919169855,4.0055794087008,107.81304412615876
XUGQ3,-3.621373950018485,-0.2557474762547862,2.000376991792959,57.08562464628662
Hg9Sd,-10.776885345946216,-3.742681228939192,0.0017997501702805,3.179102583207246
bKgHQ,10.393496275078162,-0.5466947728814024,2.995003127010869,80.85978309461906
QcqOU,-5.31747381303772,-7.081444108807732,3.996475493408632,110.992146709366
pypPP,18.728488759239465,-0.6691325041084029,0.9993635479526908,26.95326103153969
8iiKX,17.040045396720966,-6.108415998013004,4.003119942232437,107.81304412615876
9gnEA,2.3330905000785123,-2.303046353291613,1.0042336973914132,26.95326103153969
VOjAh,5.758320420886861,-6.37106720907062,2.996569054659232,80.85978309461906
GDEkK,-7.781862598044392,-10.127449591929992,4.998029018982524,137.94540774090564
FSw0T,7.560820077601253,-5.0554695597786194,3.004715397004566,80.85978309461906
49pOG,-9.618986967367611,-7.136461037061049,2.9999104143346425,84.03888567782631
yckr6,-12.219881074340096,-7.555582726299765,5.001936296531586,137.94540774090564
mkoWM,-16.172526465911638,-13.950396551965564,4.995308039544426,137.94540774090564
3DAPT,-14.656177415887385,-8.024692784313372,5.00471306568428,137.94540774090564
1sfbN,-5.628387007209238,-8.544486536417136,4.0051424271775895,110.992146709366
qbpLR,7.871045873454579,-2.426528286163136,-0.0019118827132354,0.0
OmY81,11.042801102491737,-0.5492215482002996,2.9998276058523587,80.85978309461906
U5cIp,-11.989731581585977,-1.3727521727124488,5.003561122911465,137.94540774090564
sWnyd,-12.60039882576932,-7.940628655488028,1.999730931790334,57.08562464628662
XUM3n,-5.754317637248392,2.6285289016957503,2.004913323739068,57.08562464628662
UKohQ,-13.194884355421197,-5.740903864664849,3.0032829991851075,84.03888567782631
P4pCE,-1.2897653600911267,-3.0525513154038766,3.999665093776609,110.992146709366
YpFdG,-4.9550148048241525,-10.269255472729007,-0.0061080166594454,3.179102583207246
cSPGY,2.0017229812383057,-5.298896236728872,3.9998372481492313,107.81304412615876
R1rHv,11.822886348794766,-5.468737058953862,5.0044701881949845,134.76630515769844
jCj6z,-10.816141101169125,-6.957493019516544,-0.0034682618724857,3.179102583207246
BdOmN,13.038271297878827,-2.095565277503542,3.000795286180096,80.85978309461906
tOwKJ,6.914524996231815,-1.5530418065029288,3.000930746086641,80.85978309461906
WhZ1y,9.24389177506359,-3.651563589222629,3.995047997298845,107.81304412615876
0y5cQ,2.404957747467128,-0.1006885353664479,2.994497493927172,80.85978309461906
Avt8d,2.976497810344375,-2.5914619887863237,4.002851352067381,107.81304412615876
L3DmZ,-4.668631092874347,1.2064129648113775,1.001694119246684,30.132363614746943
GK7bP,-8.019703244769847,-4.6785003892030845,4.003541758888368,110.992146709366
PWDNr,10.00272212739024,-9.022742804949193,2.9977581687539896,80.85978309461906
h03SO,4.3359626872942965,-2.47589899098062,1.9964521019121169,53.90652206307938
3GoQu,-5.284736247894238,-6.388413950153264,0.9983628852964108,26.95326103153969
7xlvu,12.087760862383153,-6.150281852691572,4.0057955431941,107.81304412615876
uKOd5,7.9429003440710595,0.0929441003098952,1.0026303787214697,26.95326103153969
CAE6I,-5.143350165497716,-1.0875398171958803,3.001342646993003,84.03888567782631
Hah8y,-10.782671423340556,-7.990167670484753,1.0072462667099118,30.132363614746943
RAG0B,-4.728802979176924,-8.758407523232512,4.998440466385691,137.94540774090564
PetSo,-2.5730203271977232,9.120163649417044,3.9962285093882297,110.992146709366
TSYND,4.075732064358625,-9.589201669578385,4.004644725111618,110.992146709366
h5mJM,0.637202443880434,-0.0666091256957459,2.005384760858233,57.08562464628662
haYKV,-9.15225885384131,-12.668763714068346,1.9989969263590983,57.08562464628662
rxxb6,4.135381937356717,-4.750722516737148,5.005882177896946,134.76630515769844
W1hzW,2.187628086358732,-4.847442905548497,2.0035366567179387,53.90652206307938
oIBxK,7.0305424889704415,-6.463300848204023,1.0032277087350354,26.95326103153969
wClj6,-9.818492303808748,-6.570501125642115,4.006449511947834,110.992146709366
vNCkP,-10.390921256775895,-1.3165657678723832,4.999033358335041,137.94540774090564
hoqzO,-13.12268408981109,-7.457260152201298,4.001998563848609,110.992146709366
Oc3rm,8.861666532465977,-1.9672915087047351,0.9950681466203388,26.95326103153969
RwWdX,-14.578302866958218,-4.506852148996176,2.002791064703541,57.08562464628662
TJpXb,-3.2319828630065923,9.518237863100047,0.9995933387116092,30.132363614746943
kuIrq,-4.647594077502826,-3.483073307124069,5.005493037751385,137.94540774090564
dLTqa,-14.50007726644018,-9.554061782507777,3.0028399384441533,84.03888567782631
AnhFZ,2.5767746037853723,-7.231277532678972,2.000805611544716,53.90652206307938
oK244,13.976141508331011,-3.1736368419990777,2.002228053069706,53.90652206307938
AIwSQ,6.570747439340207,-5.330023355658765,5.005596157894072,134.76630515769844
Wg61e,-4.4165950912160055,-8.92177824139397,4.997239168632455,137.94540774090564
zzCXb,8.089337967381235,-11.242537474048005,0.9943180043099036,26.95326103153969
VeY2X,-2.9524219258231668,-5.682419935175982,1.0008603356659325,30.132363614746943
nvbMt,4.239955317171983,2.464773012200877,3.997950558302601,107.81304412615876
2ZtTm,-0.0421094369011791,-0.3758191322974138,0.9952523736894924,30.132363614746943
E5E1B,-14.002587026628625,-5.306502712173367,4.991450326429568,137.94540774090564
Vfreu,7.579273270376119,-4.168485697484601,1.9922122264209747,53.90652206307938
qrNww,25.263240916384632,1.4646293957217569,0.0053757768049124,0.0
bTLCp,-11.112978540258066,1.7357372009920464,1.994799444640248,57.08562464628662
1RTCc,15.970914555823734,3.003082093266377,0.0039601203571742,0.0
GgXCK,-11.486667337122952,-2.622948088257276,4.003299008455231,110.992146709366
fO2AB,-3.268192754344648,-4.982780326794627,0.9982962796365116,30.132363614746943
225ed,-4.3804888735892185,-4.6966108377391125,2.0012889387098887,57.08562464628662
lCA5Q,7.001600690904598,-9.66281648871864,2.0021749679991268,53.90652206307938
vj53d,-0.4667670570802898,0.2300113519682787,0.9992008561166494,30.132363614746943
P6j5P,-3.0902642345220226,-9.504308439570297,2.998883687189444,84.03888567782631
eUh3F,-6.633453456688924,-5.253801224625692,0.0009905013387059,3.179102583207246
1L13i,-6.933337563218032,-7.347020134411138,2.0000767304251674,57.08562464628662
VY6cn,-4.822508013850935,2.535224390802398,4.992577859438375,137.94540774090564
KiFBg,-1.8707813030002785,-8.48242806148874,1.99944897850754,57.08562464628662
jRS5e,-0.5693667887863567,-5.841335046741757,3.0082849605998496,84.03888567782631
5InPy,9.074091711774797,-8.962602804076711,3.9903187472388377,107.81304412615876
5ieUN,8.941705300496713,-2.439118358453142,4.9953141045935165,134.76630515769844
fFtPN,18.20745909084598,-0.7324211137007515,-0.0009114579396656,0.0
dn0u3,8.684617676384866,-4.249520323830898,0.0027764460688739,0.0
90IvM,-7.036966223670433,4.758836089482367,1.0045889482414294,30.132363614746943
imjOJ,-10.087540054658726,-13.047679733357082,3.999544382215311,110.992146709366
65ymD,-3.7874720759095983,-5.514025825826919,2.0011564287490664,57.08562464628662
UiXW1,12.824427479671938,3.1737679784421213,0.9987503861743724,26.95326103153969
Vexnu,8.416733783171246,-4.175954962852201,5.002286380906031,134.76630515769844
F94Xb,12.579805327639448,-4.778631397681084,3.0020257415196427,80.85978309461906
6c6uT,-2.252144623963276,-12.095743770175742,2.004162959695964,57.08562464628662
